base_year,importer_iso,metal,stage,scenario,delta_direct_hhi,delta_origin_hhi,delta_top_chokepoint_share,equal_year_weight
2024,USA,Aluminium,metal,direct_partner,-0.4909336920498964,-0.0463545982305474,0.3432641489093576,0.0131625962559196
2024,CHN,Aluminium,metal,direct_partner,-0.4178636599064871,-0.038696063665288,-0.280673823538084,0.0107949358430656
2024,KOR,Aluminium,metal,direct_partner,-0.1360611361471453,-0.023067429457134,0.1179200474359198,0.0060252530390472
2024,TUR,Aluminium,metal,direct_partner,-0.1006772379520867,-0.0108366302979174,-0.0206488391714673,0.0057367817894488
2024,JPN,Aluminium,metal,direct_partner,-0.0910037511458697,-0.0377181179320716,0.2621656677727554,0.0054250136394599
2024,NLD,Aluminium,metal,direct_partner,-0.1295953149798534,-0.0294042682651357,0.1966378140892033,0.0044676260861716
2024,DEU,Aluminium,metal,direct_partner,-0.1150950213158624,-0.0027527429304604,0.2687434855540165,0.0040513111172729
2024,ITA,Aluminium,metal,direct_partner,-0.0525548598458973,0.0110302444089641,-0.1203033922756465,0.0036081838253227
2024,MYS,Aluminium,metal,direct_partner,-0.1172161602346302,-0.0107623431776317,-0.0154059298318096,0.002770115066269
2024,VNM,Aluminium,metal,direct_partner,-0.2177024263988992,-0.0351414171018692,0.0336760313308244,0.0020780076915158
2024,MEX,Aluminium,metal,direct_partner,-0.2700485582654431,-0.0577007383532341,-0.2152223840852971,0.001926733311915
2024,THA,Aluminium,metal,direct_partner,-0.1072412673638312,-0.0259152193571919,-0.0475845767401652,0.0018716784280083
2024,GRC,Aluminium,metal,direct_partner,-0.0888745986109969,-0.0027142904735132,-0.2683841221739773,0.0016699170853279
2024,GBR,Aluminium,metal,direct_partner,-0.2516198641850377,-0.0175066006201971,-0.0954112235024255,0.0012021044489038
2024,AUT,Aluminium,metal,direct_partner,-0.2902529069237509,-0.0131697972439198,0.375655891485776,0.0012005882911453
2024,ESP,Aluminium,metal,direct_partner,-0.0821048140444456,-0.0014781575843888,-0.0139163508011597,0.0010311410557635
2024,POL,Aluminium,metal,direct_partner,-0.0297312569918173,0.0037912380817017,0.1912030018367109,0.0009560787913864
2024,SGP,Aluminium,metal,direct_partner,-0.6168599284585253,-0.0842086807469315,-0.080705501560425,0.0008509490673428
2024,FRA,Aluminium,metal,direct_partner,-0.0514636240852304,-0.0067735485236406,0.0225707605900293,0.0007667872578742
2024,HUN,Aluminium,metal,direct_partner,-0.3785141019763915,-0.0232906450639664,0.1657212392720602,0.0007239655691312
2024,SVN,Aluminium,metal,direct_partner,-0.0287409269325535,0.0005709672597721,-0.059851958518886,0.0007017154420311
2024,BEL,Aluminium,metal,direct_partner,-0.1876498802811096,0.0113379065074713,0.4312431169243986,0.0005520422313996
2024,CHE,Aluminium,metal,direct_partner,-0.1028630475424108,-0.0077433005888937,-0.2514964546131033,0.0005208533324439
2024,IND,Aluminium,metal,direct_partner,-0.1650223797945956,-0.0343901494319678,0.0041793176826581,0.0004570451030621
2024,IDN,Aluminium,metal,direct_partner,-0.1589828290097163,-0.0852573695342686,0.0854216121188359,0.0004261041039903
2024,AZE,Aluminium,metal,direct_partner,-0.5361433894867451,-0.0690676048636986,0.1791183875152115,0.0003406361566986
2024,BGR,Aluminium,metal,direct_partner,-0.1269844090228081,-0.0135481790723232,-0.132450599982639,0.0002774248615882
2024,UZB,Aluminium,metal,direct_partner,-0.4289880306442415,-0.069388668221021,-0.5444044247777005,0.0002536514898018
2024,BGD,Aluminium,metal,direct_partner,-0.3333960443006992,-0.0342427226632897,-0.2418809675126239,0.0002468260036429
2024,CZE,Aluminium,metal,direct_partner,-0.0607207992887846,-0.0028587142132042,0.1743063976230267,0.0002389359821816
2024,HRV,Aluminium,metal,direct_partner,-0.0573980452422395,-0.0124697585835752,0.1838594688156642,0.0001826488645526
2024,PRT,Aluminium,metal,direct_partner,-0.3367287931809629,-0.1444061989084043,0.2879677779880039,0.0001741538790965
2024,SWE,Aluminium,metal,direct_partner,-0.1362698244833325,-0.0542729677017758,0.331089862086084,0.0001391251613396
2024,SAU,Aluminium,metal,direct_partner,-0.2624478239965586,-0.0751886680394929,-0.3718914187878505,0.0001209225383337
2024,SVK,Aluminium,metal,direct_partner,-0.0230947962654632,-0.0115708984825993,0.1717687693600583,9.785142788926416e-05
2024,ARM,Aluminium,metal,direct_partner,-0.7447811542288874,-0.1103369404047325,-0.5416899996192872,8.502499302081684e-05
2024,BHR,Aluminium,metal,direct_partner,-0.3924996460414402,-0.0407143502869059,0.5388370361460949,7.877123252667173e-05
2024,EGY,Aluminium,metal,direct_partner,-0.3460533549148846,-0.0368184698202368,-0.0480350665982854,7.090809244233966e-05
2024,PAK,Aluminium,metal,direct_partner,-0.1199846285022444,-0.0336487279365843,-0.250771481081654,6.405671452249069e-05
2024,AUS,Aluminium,metal,direct_partner,-0.6880843117900832,-0.0321781096956124,-0.7278354926475794,4.361724001918727e-05
2024,TZA,Aluminium,metal,direct_partner,-0.0468601762974774,-0.0264013044533797,-0.1356078412150144,4.0294098692013774e-05
2024,NGA,Aluminium,metal,direct_partner,-0.3194057187817237,-0.0547764435704767,-0.2829106135461048,3.66070808648403e-05
2024,RUS,Aluminium,metal,direct_partner,-0.6835596763895933,-0.1127994562273449,-0.2547282245185064,2.8688507384425114e-05
2024,KEN,Aluminium,metal,direct_partner,-0.2092996915314777,-0.0404933095252036,-0.1738885932716667,2.495142562630146e-05
2024,NPL,Aluminium,metal,direct_partner,0.0,0.0,0.0,2.437732275480048e-05
2024,LKA,Aluminium,metal,direct_partner,-0.126941459538066,-0.0239895749623836,0.0304558551886812,2.292927186235533e-05
2024,BLR,Aluminium,metal,direct_partner,-0.4997068929554554,-0.0890979223679325,-0.4998532746720762,2.199715357170103e-05
2024,USA,Aluminium,metal,integrated,-0.2110519378302114,-0.002966661114592,-0.09546350285879,0.0131625962559196
2024,CHN,Aluminium,metal,integrated,-0.3410143634136078,-0.0393250435996302,-0.6281110071520699,0.0107949358430656
2024,KOR,Aluminium,metal,integrated,-0.1166110816545888,-0.0265919341852835,-0.0108780494680864,0.0060252530390472
2024,TUR,Aluminium,metal,integrated,-0.0601990168574728,-0.0250340134450939,-0.2405310796410861,0.0057367817894488
2024,JPN,Aluminium,metal,integrated,-0.0425537155267948,-0.0291191383594044,-0.1398290480750362,0.0054250136394599
2024,NLD,Aluminium,metal,integrated,-0.0887712806849195,-0.0322275670093802,-0.1873263911390599,0.0044676260861716
2024,DEU,Aluminium,metal,integrated,-0.0429906974108506,-0.0043148367178617,-0.2974792930476875,0.0040513111172729
2024,ITA,Aluminium,metal,integrated,-0.0311072256100578,-0.0058772586355109,-0.2748101434877056,0.0036081838253227
2024,MYS,Aluminium,metal,integrated,-0.0785866279175045,-0.0113075408253899,-0.1191294902858316,0.002770115066269
2024,VNM,Aluminium,metal,integrated,-0.126706390838882,-0.0170539409586461,-0.2995912882572606,0.0020780076915158
2024,MEX,Aluminium,metal,integrated,-0.2331516192239243,-0.0592471827057896,-0.4960651647899772,0.001926733311915
2024,THA,Aluminium,metal,integrated,-0.0507463292211403,-0.0289648871286867,-0.2412666492286199,0.0018716784280083
2024,GRC,Aluminium,metal,integrated,-0.0659392371650473,-0.0098023190350096,-0.3365083848254647,0.0016699170853279
2024,GBR,Aluminium,metal,integrated,-0.19311566957918,-0.0343794025064339,-0.3302256915215861,0.0012021044489038
2024,AUT,Aluminium,metal,integrated,-0.2154332891282155,-0.0158871905037374,-0.0638797476995697,0.0012005882911453
2024,ESP,Aluminium,metal,integrated,-0.0536884467004793,-0.0189380069574763,-0.2145111149278594,0.0010311410557635
2024,POL,Aluminium,metal,integrated,0.0063600309711409,0.007179785075399,-0.1790148543116275,0.0009560787913864
2024,SGP,Aluminium,metal,integrated,-0.5393451105453817,-0.1025282822781433,-0.3673344573057356,0.0008509490673428
2024,FRA,Aluminium,metal,integrated,-0.0290457767045198,-0.0055353139835555,-0.2457642522878563,0.0007667872578742
2024,HUN,Aluminium,metal,integrated,-0.2483723766787366,-0.0161226997030496,-1.117064476999471e-05,0.0007239655691312
2024,SVN,Aluminium,metal,integrated,-0.0206563396233983,0.0030383250845048,-0.1960685996955598,0.0007017154420311
2024,BEL,Aluminium,metal,integrated,-0.0998032786540629,0.0305357826979802,-0.2436859399417523,0.0005520422313996
2024,CHE,Aluminium,metal,integrated,-0.069505896742813,-0.0157131464712731,-0.3832629103080381,0.0005208533324439
2024,IND,Aluminium,metal,integrated,-0.1237432783821802,-0.0315558205348695,-0.1516868170393471,0.0004570451030621
2024,IDN,Aluminium,metal,integrated,-0.0540812176477501,-0.0722718630656573,-0.1299513810042123,0.0004261041039903
2024,AZE,Aluminium,metal,integrated,-0.2417154595820037,-0.0472630735599531,-0.1398917738778016,0.0003406361566986
2024,BGR,Aluminium,metal,integrated,-0.1159055357301107,-0.0187469077356237,-0.1882473525327046,0.0002774248615882
2024,UZB,Aluminium,metal,integrated,-0.3813685591668553,-0.0586642388695818,-0.7565575137032243,0.0002536514898018
2024,BGD,Aluminium,metal,integrated,-0.2731091741845308,-0.031303390075331,-0.3830265899807608,0.0002468260036429
2024,CZE,Aluminium,metal,integrated,-0.0389727644072339,0.0098262250403328,-0.1149539628696004,0.0002389359821816
2024,HRV,Aluminium,metal,integrated,-0.0143953531794854,-0.002721480125272,-0.0740321146834624,0.0001826488645526
2024,PRT,Aluminium,metal,integrated,-0.1353538625878336,-0.0932377930912899,-0.0393824313051685,0.0001741538790965
2024,SWE,Aluminium,metal,integrated,-0.045176801179353,-0.0467963541919471,-0.0173638813559842,0.0001391251613396
2024,SAU,Aluminium,metal,integrated,-0.2196461423369797,-0.0749836487209223,-0.4766931843349526,0.0001209225383337
2024,SVK,Aluminium,metal,integrated,0.0082508719009579,-0.0027592516818696,-0.0160072291359342,9.785142788926416e-05
2024,ARM,Aluminium,metal,integrated,-0.7018643034008643,-0.1115895621383824,-0.699853121531405,8.502499302081684e-05
2024,BHR,Aluminium,metal,integrated,-0.2556071377330307,-0.0281081092201631,-0.0007131285131831,7.877123252667173e-05
2024,EGY,Aluminium,metal,integrated,-0.2962365196108036,-0.0437743061502071,-0.2711122711892548,7.090809244233966e-05
2024,PAK,Aluminium,metal,integrated,-0.0845778496158883,-0.0317188328337906,-0.3045637258138573,6.405671452249069e-05
2024,AUS,Aluminium,metal,integrated,-0.6750772152774087,-0.0379695165051745,-0.7820271437076436,4.361724001918727e-05
2024,TZA,Aluminium,metal,integrated,-0.0276435043603844,-0.0231449761301216,-0.2482899154623266,4.0294098692013774e-05
2024,NGA,Aluminium,metal,integrated,-0.258370117657814,-0.0521649314010843,-0.3725910897297477,3.66070808648403e-05
2024,RUS,Aluminium,metal,integrated,-0.5728197320405571,-0.1143236033419888,-0.5387464754121256,2.8688507384425114e-05
2024,KEN,Aluminium,metal,integrated,-0.1481545600631916,-0.0353917161853829,-0.269513932900734,2.495142562630146e-05
2024,NPL,Aluminium,metal,integrated,0.0,0.0,0.0,2.437732275480048e-05
2024,LKA,Aluminium,metal,integrated,-0.0498274309056437,-0.0266810033033529,-0.0777055932202544,2.292927186235533e-05
2024,BLR,Aluminium,metal,integrated,-0.4546634396232318,-0.0810228157070493,-0.649925829739088,2.199715357170103e-05
2024,USA,Aluminium,ore,direct_partner,-0.1464001728465916,-0.1101160957322062,-0.0210688112248716,0.0003696816345527
2024,CAN,Aluminium,ore,direct_partner,-0.2259676764919889,-0.1854114310274762,-0.1611107397408694,0.0002686910913569
2024,GRC,Aluminium,ore,direct_partner,-0.1885804935923228,-0.134164667475347,-0.1957944640899565,0.0001460399513019
2024,FRA,Aluminium,ore,direct_partner,-0.0833303460261404,-0.0584141772971869,-0.0642963692885599,8.449213479231086e-05
2024,KOR,Aluminium,ore,direct_partner,-0.4294582062769358,-0.394399435805134,0.2372507835257932,7.768845636593181e-05
2024,NLD,Aluminium,ore,direct_partner,-0.2979005935387473,-0.2485345250269865,0.1550404172599463,7.644406845597855e-05
2024,SAU,Aluminium,ore,direct_partner,-0.7306947756914552,-0.6262216322250053,-0.4145324105773248,7.100103547891746e-05
2024,TUR,Aluminium,ore,direct_partner,-0.415036494492189,-0.3936627736636362,-0.3089720500866149,5.146452496470031e-05
2024,POL,Aluminium,ore,direct_partner,-0.0887693013088408,-0.0264186400654176,0.2600723366035423,4.3757080215364544e-05
2024,JPN,Aluminium,ore,direct_partner,-0.4917842730122131,-0.4478168012777335,-0.05483308407207,3.448770211273195e-05
2024,DNK,Aluminium,ore,direct_partner,-0.6604085683717726,-0.5996208140022545,-0.1769228771051908,3.025875776893064e-05
2024,MEX,Aluminium,ore,direct_partner,-0.2361719664947962,-0.1779908669764636,0.1333148571243013,2.8865118733423225e-05
2024,ITA,Aluminium,ore,direct_partner,-0.1727839359759097,-0.1056313850200032,-0.0556295701166399,2.5838666425374983e-05
2024,HRV,Aluminium,ore,direct_partner,-0.2232452731568551,-0.1971196465392766,-0.132083161433066,2.2439328918988373e-05
2024,USA,Aluminium,ore,integrated,-0.1188470911426334,-0.0955618099859871,-0.2618068281233369,0.0003696816345527
2024,CAN,Aluminium,ore,integrated,-0.2009920309001772,-0.1805521053436597,-0.3599757729533821,0.0002686910913569
2024,GRC,Aluminium,ore,integrated,-0.145075183542773,-0.1143648539664286,-0.4124606474747958,0.0001460399513019
2024,FRA,Aluminium,ore,integrated,-0.0586628154673983,-0.0493058144592648,-0.3435884105992957,8.449213479231086e-05
2024,KOR,Aluminium,ore,integrated,-0.3036229593506864,-0.2831326518140459,-0.000582344106133,7.768845636593181e-05
2024,NLD,Aluminium,ore,integrated,-0.3077983129517117,-0.26217757446238,-0.2703944454056223,7.644406845597855e-05
2024,SAU,Aluminium,ore,integrated,-0.6640405440148098,-0.5700914670158029,-0.4842900331542413,7.100103547891746e-05
2024,TUR,Aluminium,ore,integrated,-0.4124521014430923,-0.3904728167878567,-0.4264295376678358,5.146452496470031e-05
2024,POL,Aluminium,ore,integrated,-0.0654662544878297,-0.0138277479273559,-0.2196015165647739,4.3757080215364544e-05
2024,JPN,Aluminium,ore,integrated,-0.4019139683669396,-0.3643611878550817,-0.2218975018503304,3.448770211273195e-05
2024,DNK,Aluminium,ore,integrated,-0.627873147830815,-0.6733457630343442,-0.6513660543894585,3.025875776893064e-05
2024,MEX,Aluminium,ore,integrated,-0.1830110365352877,-0.1388166413406029,-0.2634732265100216,2.8865118733423225e-05
2024,ITA,Aluminium,ore,integrated,-0.1475886486554678,-0.0914243379094665,-0.259831548478817,2.5838666425374983e-05
2024,HRV,Aluminium,ore,integrated,-0.1719253727550184,-0.1786356488335133,-0.3234428490322387,2.2439328918988373e-05
2012,USA,Aluminium,metal,direct_partner,-0.3337546541054085,0.0067570969295814,0.1828959664056873,0.011334470797031
2012,JPN,Aluminium,metal,direct_partner,-0.1132266582727191,-0.0235711851746398,0.2277602563055774,0.0107735272549823
2012,NLD,Aluminium,metal,direct_partner,-0.2322226648162042,0.0022524677174402,0.5678646473053577,0.0077018631923928
2012,KOR,Aluminium,metal,direct_partner,-0.1162712261932135,-0.0258909148528594,0.0171405086234804,0.0065574947368092
2012,DEU,Aluminium,metal,direct_partner,-0.142336320350691,-0.0055034015118243,0.3797862062424944,0.0050630171921904
2012,TUR,Aluminium,metal,direct_partner,-0.2980326040676532,-0.0225148857279857,-0.0939296034066254,0.0039523633694886
2012,CHN,Aluminium,metal,direct_partner,-0.0899747178863172,-0.0271517333244145,-0.00776004230925,0.0028260336611216
2012,ITA,Aluminium,metal,direct_partner,-0.105648021433386,0.013129567940054,0.0087828700567322,0.0024445772494161
2012,MYS,Aluminium,metal,direct_partner,-0.096039994000034,-0.0383766106473737,-0.0076104625079378,0.0018592025360271
2012,MEX,Aluminium,metal,direct_partner,-0.1449660596149501,0.0009992946121814,0.2648463560082649,0.0017139477173473
2012,IDN,Aluminium,metal,direct_partner,-0.1517897129732374,-0.0333428032361314,0.111927943857122,0.0016683700605925
2012,THA,Aluminium,metal,direct_partner,-0.1961992943804379,-0.061201021941547,-0.1539968379255956,0.0016027054571626
2012,CHE,Aluminium,metal,direct_partner,-0.2628891785765442,-0.0471639136503472,-0.3622110895465533,0.0014070887372991
2012,GBR,Aluminium,metal,direct_partner,-0.0798681157258584,0.0061492101339656,0.3061394300042496,0.0010930624303727
2012,IND,Aluminium,metal,direct_partner,-0.1237922442555053,-0.0222638948000463,0.0024886884901813,0.0010467681041693
2012,FRA,Aluminium,metal,direct_partner,-0.0558600778061426,-0.0016823429381175,0.1110574800071242,0.0009516900491528
2012,ESP,Aluminium,metal,direct_partner,-0.3825336018647023,-0.024422061302248,-0.338527817985781,0.0008003961852474
2012,GRC,Aluminium,metal,direct_partner,-0.1209112229058555,-0.0014211796491389,-0.011583312192791,0.0007898029486146
2012,HUN,Aluminium,metal,direct_partner,-0.1943638810254823,-0.0120811741261055,0.1660859761640193,0.0007831141047224
2012,HRV,Aluminium,metal,direct_partner,-0.1970178155135468,-0.011712716284175,0.181681631421381,0.000696260019468
2012,VNM,Aluminium,metal,direct_partner,-0.1045808012673363,-0.0066432134248482,-0.3452551090154535,0.0005737987768032
2012,RUS,Aluminium,metal,direct_partner,-0.7429453895018816,-0.0974272808966019,-0.1509886771674233,0.0005469913854084
2012,SGP,Aluminium,metal,direct_partner,-0.1047555009048448,-0.0432482741047168,-0.0127993931774367,0.0005452381468333
2012,POL,Aluminium,metal,direct_partner,-0.1615140914382082,0.00179987312841,0.3801180709731222,0.0005270552830633
2012,BGR,Aluminium,metal,direct_partner,-0.4595151976793777,-0.0509615297114819,-0.3057025043809384,0.0002948224615591
2012,BGD,Aluminium,metal,direct_partner,-0.2176076688325414,-0.0020326539758069,0.0061947112733494,0.0002606481640559
2012,SWE,Aluminium,metal,direct_partner,-0.6609031639046768,-0.0893240474787772,0.2483308883336629,0.0002318490126435
2012,UKR,Aluminium,metal,direct_partner,-0.3630856420729175,-0.0478146192316973,-0.2582410528593914,0.0001928422429773
2012,ARM,Aluminium,metal,direct_partner,-0.7391702846519052,-0.1223730251060159,-0.5992358431846955,0.0001651153877216
2012,COL,Aluminium,metal,direct_partner,-0.3086402392431658,-0.0646372338110622,-0.259338480449213,0.0001612436445777
2012,ISR,Aluminium,metal,direct_partner,-0.0732270138432794,0.0115411346200036,-0.0648858035606844,0.0001609781212394
2012,PRT,Aluminium,metal,direct_partner,-0.726359599730983,-0.0978036607813087,0.3825870057092309,0.0001356287883904
2012,PAK,Aluminium,metal,direct_partner,-0.2541711011657599,-0.0729535395176779,-0.3536392858105472,0.0001124524710679
2012,TUN,Aluminium,metal,direct_partner,-0.5683098950271376,-0.0117773852276481,-0.3630796723157873,0.0001039520488523
2012,BLR,Aluminium,metal,direct_partner,-0.1987660545617482,-0.0403471938275771,-0.0399789035059538,0.0001028410390209
2012,UZB,Aluminium,metal,direct_partner,-0.7232433912526013,-0.1060947257251733,0.165812768986146,9.611798020478754e-05
2012,CAN,Aluminium,metal,direct_partner,-0.5720915540370177,-0.0341091926906302,0.5937832858689245,7.146115128167969e-05
2012,NZL,Aluminium,metal,direct_partner,-0.2868614173274172,-0.0604650233924478,-0.1527543489797286,6.54359122428e-05
2012,JOR,Aluminium,metal,direct_partner,-0.4372006798960112,-0.1083814748458654,-0.2906157648371358,3.9363711249158544e-05
2012,USA,Aluminium,metal,integrated,-0.2181508351762524,0.0099232193936402,-0.2062878358845003,0.011334470797031
2012,JPN,Aluminium,metal,integrated,-0.0370573642796646,0.0034306127709755,-0.2415361395007037,0.0107735272549823
2012,NLD,Aluminium,metal,integrated,-0.0999734455515288,-0.0062825403471478,-0.2339981171246766,0.0077018631923928
2012,KOR,Aluminium,metal,integrated,-0.0747189831312517,-0.0122027605698306,-0.2714578692086322,0.0065574947368092
2012,DEU,Aluminium,metal,integrated,-0.0587544780434923,-0.0099403192821051,-0.1314048777340019,0.0050630171921904
2012,TUR,Aluminium,metal,integrated,-0.264175244714196,-0.0428420978661787,-0.3242855975189347,0.0039523633694886
2012,CHN,Aluminium,metal,integrated,-0.0462382988517597,-0.027412375496287,-0.3460190126547708,0.0028260336611216
2012,ITA,Aluminium,metal,integrated,-0.0764411572507381,-0.0102017663035003,-0.2132479809794533,0.0024445772494161
2012,MYS,Aluminium,metal,integrated,-0.0618562380253572,-0.0412989613338244,-0.1360079739966398,0.0018592025360271
2012,MEX,Aluminium,metal,integrated,-0.0776368526862041,0.0009443276579203,-0.1346984540602162,0.0017139477173473
2012,IDN,Aluminium,metal,integrated,-0.0533245698986747,-0.0113752225143408,-0.0570754562476166,0.0016683700605925
2012,THA,Aluminium,metal,integrated,-0.143160472523284,-0.0755435348251371,-0.4523584654701928,0.0016027054571626
2012,CHE,Aluminium,metal,integrated,-0.2457585416653998,-0.0652764372564868,-0.4769793666869878,0.0014070887372991
2012,GBR,Aluminium,metal,integrated,-0.0432571380594311,0.008183363104434,-0.238271799132857,0.0010930624303727
2012,IND,Aluminium,metal,integrated,-0.075351704345006,-0.0216084719988284,-0.1507209530426551,0.0010467681041693
2012,FRA,Aluminium,metal,integrated,-0.0327477589389535,-0.0035723692079315,-0.1504928302346429,0.0009516900491528
2012,ESP,Aluminium,metal,integrated,-0.3642495252963641,-0.0474650408629056,-0.4400195757727706,0.0008003961852474
2012,GRC,Aluminium,metal,integrated,-0.1135806116751463,-0.0107552513425254,-0.1495843516101855,0.0007898029486146
2012,HUN,Aluminium,metal,integrated,-0.1296074030590735,-0.0147653718684881,-0.0002865550741126,0.0007831141047224
2012,HRV,Aluminium,metal,integrated,-0.1335091846496852,-0.0202623751910571,-0.0322475624012938,0.000696260019468
2012,VNM,Aluminium,metal,integrated,-0.0679441181700956,-0.0030315080063444,-0.4686497547343032,0.0005737987768032
2012,RUS,Aluminium,metal,integrated,-0.641506768519594,-0.1074500855025983,-0.4523608899391951,0.0005469913854084
2012,SGP,Aluminium,metal,integrated,-0.0785583381865355,-0.0550487962651981,-0.1282115102365314,0.0005452381468333
2012,POL,Aluminium,metal,integrated,-0.0718590241577136,-0.009014157003508,-0.0907984856639349,0.0005270552830633
2012,BGR,Aluminium,metal,integrated,-0.4521793554201629,-0.061549739169699,-0.3499075323820157,0.0002948224615591
2012,BGD,Aluminium,metal,integrated,-0.081684351277472,0.0041626735728979,-0.3402659301403767,0.0002606481640559
2012,SWE,Aluminium,metal,integrated,-0.5745743456205594,-0.0870840168690934,-0.0076063415370442,0.0002318490126435
2012,UKR,Aluminium,metal,integrated,-0.3662605764700154,-0.0571685302465418,-0.4195143475078902,0.0001928422429773
2012,ARM,Aluminium,metal,integrated,-0.7045449969225968,-0.1176371910910419,-0.699549046725443,0.0001651153877216
2012,COL,Aluminium,metal,integrated,-0.2310247228100669,-0.07142587236032,-0.4968107321718663,0.0001612436445777
2012,ISR,Aluminium,metal,integrated,-0.0498453312004399,0.0047315828913123,-0.168186994987007,0.0001609781212394
2012,PRT,Aluminium,metal,integrated,-0.4448045019302775,-0.0681108494096874,-0.0029142839055546,0.0001356287883904
2012,PAK,Aluminium,metal,integrated,-0.2167527933815368,-0.073976901483806,-0.4725158319439687,0.0001124524710679
2012,TUN,Aluminium,metal,integrated,-0.5342895840442503,0.0012203116250176,-0.445343196091109,0.0001039520488523
2012,BLR,Aluminium,metal,integrated,-0.0902139539263561,-0.0238169456722488,-0.2996026623924983,0.0001028410390209
2012,UZB,Aluminium,metal,integrated,-0.5399661655071432,-0.0989857177067628,-0.0397886483634987,9.611798020478754e-05
2012,CAN,Aluminium,metal,integrated,-0.4297537961856806,-0.0030013630904918,-0.0103462392976614,7.146115128167969e-05
2012,NZL,Aluminium,metal,integrated,-0.235012957804444,-0.0567617468297749,-0.1822247130382916,6.54359122428e-05
2012,JOR,Aluminium,metal,integrated,-0.4175877083547633,-0.097157710091632,-0.3468297548039154,3.9363711249158544e-05
2012,CHN,Aluminium,ore,direct_partner,-0.3357961038551388,-0.2980840140899811,0.185538980052614,0.004933911701808
2012,USA,Aluminium,ore,direct_partner,-0.1160005496576229,-0.0833891355785267,-0.4129099086932925,0.0016660591115556
2012,JPN,Aluminium,ore,direct_partner,-0.1334919964236373,-0.0711254637617746,0.1539573655971502,0.000205042306862
2012,ARG,Aluminium,ore,direct_partner,-0.4622361760122754,-0.4242254099199046,0.0,0.0001527844342991
2012,NLD,Aluminium,ore,direct_partner,-0.2994976502635411,-0.252656671319971,0.0979308403073209,0.0001393297793717
2012,ITA,Aluminium,ore,direct_partner,-0.2364218136863889,-0.2042697019534372,-0.0532233182080992,8.410515450977518e-05
2012,KOR,Aluminium,ore,direct_partner,-0.3614530382443282,-0.3353087688688584,0.1735644992345221,8.344861867451771e-05
2012,RUS,Aluminium,ore,direct_partner,-0.2403725271197053,-0.1462481710443645,-0.1458500270486168,5.148741533776456e-05
2012,TUR,Aluminium,ore,direct_partner,-0.4533773867962372,-0.4143843643472649,-0.0318007230848168,4.087811218566483e-05
2012,MEX,Aluminium,ore,direct_partner,-0.1908796658486303,-0.1231212900764771,0.1807211671761895,3.949381499258586e-05
2012,ARE,Aluminium,ore,direct_partner,-0.3267452787767975,-0.3034089657281915,-0.0002960560136938,3.757978286708489e-05
2012,POL,Aluminium,ore,direct_partner,-0.12706678785117,-0.1132446558789851,-0.0636578835623697,3.536515781052569e-05
2012,CHN,Aluminium,ore,integrated,0.0059495504335898,0.0095493089760416,-0.0416990285719391,0.004933911701808
2012,USA,Aluminium,ore,integrated,-0.1017385674475562,-0.0863100914431944,-0.4134574244621847,0.0016660591115556
2012,JPN,Aluminium,ore,integrated,-0.046104988440912,-0.0353675407922312,-0.1079541963681081,0.000205042306862
2012,ARG,Aluminium,ore,integrated,-0.2849890910316336,-0.2604801175991438,0.0,0.0001527844342991
2012,NLD,Aluminium,ore,integrated,-0.3424431829730207,-0.2925471319372021,-0.8021603815973921,0.0001393297793717
2012,ITA,Aluminium,ore,integrated,-0.2628493340788543,-0.2428179730531258,-0.5243707623935483,8.410515450977518e-05
2012,KOR,Aluminium,ore,integrated,-0.1615274254943086,-0.1553927114865297,-0.0075668179719412,8.344861867451771e-05
2012,RUS,Aluminium,ore,integrated,-0.1967141622698135,-0.169514429058329,-0.6437546376007381,5.148741533776456e-05
2012,TUR,Aluminium,ore,integrated,-0.5089736866828822,-0.4742251909330643,-0.6559317182841193,4.087811218566483e-05
2012,MEX,Aluminium,ore,integrated,-0.1585881866392959,-0.1219402040955054,0.0450944408888143,3.949381499258586e-05
2012,ARE,Aluminium,ore,integrated,-0.3966249997012168,-0.3567606072316597,-0.0105568633668791,3.757978286708489e-05
2012,POL,Aluminium,ore,integrated,-0.1288527164693869,-0.1217489991851418,-0.5206284120322319,3.536515781052569e-05
2013,USA,Aluminium,metal,direct_partner,-0.361476697089579,-0.0009791885320943,0.1856575465607403,0.0110377885639078
2013,JPN,Aluminium,metal,direct_partner,-0.1049715047217395,-0.0323272992475172,0.3104609817304572,0.0084932947124713
2013,NLD,Aluminium,metal,direct_partner,-0.2160520355147448,-0.0040975567317439,0.5133420307357057,0.0083999309279822
2013,KOR,Aluminium,metal,direct_partner,-0.115429390009253,-0.0281425967466699,0.0762906879605966,0.005834789397154
2013,DEU,Aluminium,metal,direct_partner,-0.105562660077852,-0.0047693017380829,0.3272745355227621,0.0045019431946675
2013,TUR,Aluminium,metal,direct_partner,-0.1712860065596921,-0.0112713391860803,-0.0037534721486595,0.0040283647343152
2013,ITA,Aluminium,metal,direct_partner,-0.1632493730958714,-0.0020715206677122,-0.0115703090528611,0.0028412734257746
2013,CHN,Aluminium,metal,direct_partner,-0.088763794450783,-0.0281230102876567,-0.0191469611529496,0.0018780201722028
2013,NOR,Aluminium,metal,direct_partner,-0.2842735033018602,-0.0192125204597433,0.279012607081699,0.0016994854609285
2013,IND,Aluminium,metal,direct_partner,-0.176568137977215,-0.0154779003921028,-0.0538289638464531,0.0016594778877991
2013,THA,Aluminium,metal,direct_partner,-0.2472854459015104,-0.0620179451632739,-0.1201741614297081,0.0015125526644092
2013,IDN,Aluminium,metal,direct_partner,-0.1945981803068316,-0.0415132494294775,0.0910695149789604,0.0012873603226784
2013,CHE,Aluminium,metal,direct_partner,-0.131483420910013,-0.0398618404812649,-0.2045009724087862,0.0010982549267999
2013,GBR,Aluminium,metal,direct_partner,-0.1161299689817876,0.0067445728918415,0.1849835604843523,0.0010045443965845
2013,FRA,Aluminium,metal,direct_partner,-0.0438644990020782,0.0006467640942539,0.112350380580014,0.0009593386094244
2013,MYS,Aluminium,metal,direct_partner,-0.1711451669682311,-0.0435904219794148,-0.0051669655933872,0.0009074183295006
2013,MEX,Aluminium,metal,direct_partner,-0.1315291069839559,0.0055110035968832,0.1552414998405827,0.0008913621336965
2013,HUN,Aluminium,metal,direct_partner,-0.1667744832536332,-0.0106225239045665,0.1360432262695339,0.0008773489431118
2013,ESP,Aluminium,metal,direct_partner,-0.2960305204543829,-0.0252272341515792,-0.2257710102490688,0.0008564448953353
2013,GRC,Aluminium,metal,direct_partner,-0.1388231101905019,0.0050611181859355,0.0157027422396808,0.0008291341595214
2013,RUS,Aluminium,metal,direct_partner,-0.777929474008341,-0.1188044649514601,-0.1410861046063223,0.0007716429891926
2013,POL,Aluminium,metal,direct_partner,-0.0841019741696041,0.001869696314032,0.261667256031115,0.0005029107088353
2013,CZE,Aluminium,metal,direct_partner,-0.0659486279262912,-0.0128185168986307,0.0978531223439003,0.0004282789384311
2013,VNM,Aluminium,metal,direct_partner,-0.0939942897355209,-0.0196565678836788,-0.1021877586297152,0.000414527677221
2013,SVN,Aluminium,metal,direct_partner,-0.1333550304391059,-0.0046236691370572,-0.2043069935365565,0.0003921488386224
2013,BGD,Aluminium,metal,direct_partner,-0.1947978089388466,-0.0230658104352649,-0.1166882409171835,0.0002766898091297
2013,HRV,Aluminium,metal,direct_partner,-0.5408214338902114,-0.0687337259417491,0.2698642679475831,0.0002434526257173
2013,SWE,Aluminium,metal,direct_partner,-0.3720677096328328,-0.0479531425445047,0.1915017449369691,0.0002350302730557
2013,COL,Aluminium,metal,direct_partner,-0.1858126019556653,-0.0283848660434327,-0.1572851727258627,0.0001928013490355
2013,DNK,Aluminium,metal,direct_partner,-0.4164922437160853,-0.0151010884819329,0.3510789932928685,0.0001754454491605
2013,PAK,Aluminium,metal,direct_partner,-0.1518354038915282,-0.0443068923068265,-0.1619390086460044,0.0001493423290022
2013,ARM,Aluminium,metal,direct_partner,-0.7185065667141775,-0.1227772806977768,-0.6544415312700678,0.0001395812074419
2013,SGP,Aluminium,metal,direct_partner,-0.1379566049365138,-0.0481267299083654,0.1035695233748169,0.000132893692233
2013,UZB,Aluminium,metal,direct_partner,-0.7196276053726727,-0.1151034501817911,0.2013246997566719,0.0001269666705242
2013,SVK,Aluminium,metal,direct_partner,-0.2596019178889671,-0.026190284118863,0.2888454183948855,0.0001075702391697
2013,PRT,Aluminium,metal,direct_partner,-0.6020943068717578,-0.0836804110102164,0.3417222752417966,0.0001020197803367
2013,TUN,Aluminium,metal,direct_partner,-0.6268450078058894,0.0097616225609464,-0.3683671691433244,9.039188571456369e-05
2013,BLR,Aluminium,metal,direct_partner,-0.1922886926025596,-0.0420140699862152,-0.0515982303123396,8.928260614515176e-05
2013,KEN,Aluminium,metal,direct_partner,-0.2755928146049623,-0.0285645751084724,0.0224109121453594,8.305851332095982e-05
2013,ARE,Aluminium,metal,direct_partner,-0.2606974118262425,-0.0307678572139198,0.020288328576219,7.726256605587141e-05
2013,EGY,Aluminium,metal,direct_partner,-0.2198149044534899,-0.0493876026059175,-0.2315027133350761,6.992198351251521e-05
2013,LBN,Aluminium,metal,direct_partner,-0.7249080715491508,-0.0370429233069967,-0.5599925233536953,5.650104397184112e-05
2013,JOR,Aluminium,metal,direct_partner,-0.4621731755290466,-0.1121268243810309,-0.3330175302640887,4.019575466082074e-05
2013,CAN,Aluminium,metal,direct_partner,-0.5564947501415725,-0.0510288824780519,0.6279447199969344,3.869073017793323e-05
2013,PHL,Aluminium,metal,direct_partner,-0.3726928048497543,-0.0024724533063814,-0.4448027042737043,3.82710611883278e-05
2013,NZL,Aluminium,metal,direct_partner,-0.4596656715133952,-0.1033430042266859,-0.226366248103028,3.379087619652701e-05
2013,USA,Aluminium,metal,integrated,-0.2556226178504593,0.0049959897778313,-0.1965168988277247,0.0110377885639078
2013,JPN,Aluminium,metal,integrated,-0.0254929182295312,-0.0012956202945896,-0.1908211712132304,0.0084932947124713
2013,NLD,Aluminium,metal,integrated,-0.0479682528720201,-0.0049905093331912,-0.2693178181417535,0.0083999309279822
2013,KOR,Aluminium,metal,integrated,-0.0714637101118198,-0.0124746969827216,-0.2419225131828983,0.005834789397154
2013,DEU,Aluminium,metal,integrated,-0.0284291067002192,-0.0053347483636465,-0.1516410311791755,0.0045019431946675
2013,TUR,Aluminium,metal,integrated,-0.1389209949164465,-0.0318607928442295,-0.2339130632732619,0.0040283647343152
2013,ITA,Aluminium,metal,integrated,-0.1406210455034721,-0.0234850043831696,-0.2206401814786928,0.0028412734257746
2013,CHN,Aluminium,metal,integrated,-0.0512093280038209,-0.0289005077350107,-0.3493832052525388,0.0018780201722028
2013,NOR,Aluminium,metal,integrated,-0.1533111990227764,-0.0288732984511936,-0.0123870248351937,0.0016994854609285
2013,IND,Aluminium,metal,integrated,-0.1369040933160899,-0.0153744022907094,-0.202140044835469,0.0016594778877991
2013,THA,Aluminium,metal,integrated,-0.2030695678354002,-0.0743980139498158,-0.3981327249327008,0.0015125526644092
2013,IDN,Aluminium,metal,integrated,-0.0854183103996382,-0.0080929454001213,-0.098331426080451,0.0012873603226784
2013,CHE,Aluminium,metal,integrated,-0.1182545641817896,-0.0508430577215092,-0.284350005135875,0.0010982549267999
2013,GBR,Aluminium,metal,integrated,-0.0667230138830207,0.001708322133778,-0.264088652263594,0.0010045443965845
2013,FRA,Aluminium,metal,integrated,-0.0178525175819861,0.0005108713003152,-0.1289149002236795,0.0009593386094244
2013,MYS,Aluminium,metal,integrated,-0.1314599488512666,-0.0455339852798497,-0.1695849192091847,0.0009074183295006
2013,MEX,Aluminium,metal,integrated,-0.0797743776095769,0.0060564955429864,-0.1952702316590874,0.0008913621336965
2013,HUN,Aluminium,metal,integrated,-0.1067511788390442,-0.0164927571723432,-9.295826292649429e-06,0.0008773489431118
2013,ESP,Aluminium,metal,integrated,-0.2886646362980719,-0.0424755938690807,-0.2910411386115619,0.0008564448953353
2013,GRC,Aluminium,metal,integrated,-0.1278387681318409,-0.0048606985892918,-0.1051019838848058,0.0008291341595214
2013,RUS,Aluminium,metal,integrated,-0.7088352162660946,-0.1176875879909042,-0.3760495639339324,0.0007716429891926
2013,POL,Aluminium,metal,integrated,-0.02842239647594,-0.0020790975474871,-0.1546274589489026,0.0005029107088353
2013,CZE,Aluminium,metal,integrated,-0.0313912712113421,0.0022734526233034,-0.1823666168546973,0.0004282789384311
2013,VNM,Aluminium,metal,integrated,-0.0484817367412982,-0.0134889119401888,-0.3365798101263598,0.000414527677221
2013,SVN,Aluminium,metal,integrated,-0.1268915800876397,-0.0069400761393987,-0.2621023247605522,0.0003921488386224
2013,BGD,Aluminium,metal,integrated,-0.1140557867876037,-0.0195535172377355,-0.3349064814891597,0.0002766898091297
2013,HRV,Aluminium,metal,integrated,-0.3464381811270017,-0.0738171101342773,-0.0782403314846654,0.0002434526257173
2013,SWE,Aluminium,metal,integrated,-0.2551787634297749,-0.036775533935767,-0.0427209719575579,0.0002350302730557
2013,COL,Aluminium,metal,integrated,-0.1013208239630178,-0.0299970312165134,-0.3966828584051625,0.0001928013490355
2013,DNK,Aluminium,metal,integrated,-0.0988469470812785,-0.004637055548227,-0.0001045692340598,0.0001754454491605
2013,PAK,Aluminium,metal,integrated,-0.1194965050559352,-0.0403157336790651,-0.2361522940186941,0.0001493423290022
2013,ARM,Aluminium,metal,integrated,-0.7027253820487496,-0.119544628588198,-0.6981049551163658,0.0001395812074419
2013,SGP,Aluminium,metal,integrated,-0.104257226105602,-0.0589208962711779,-0.0430666235265224,0.000132893692233
2013,UZB,Aluminium,metal,integrated,-0.5905112713289116,-0.104826872612074,-0.0308094081008968,0.0001269666705242
2013,SVK,Aluminium,metal,integrated,-0.1039686321228017,-0.0116595030473429,6.8252121751744586e-12,0.0001075702391697
2013,PRT,Aluminium,metal,integrated,-0.2779920137257089,-0.044197547021079,-0.0092901601176026,0.0001020197803367
2013,TUN,Aluminium,metal,integrated,-0.5072784225576916,0.0366096266057449,-0.4267088117394391,9.039188571456369e-05
2013,BLR,Aluminium,metal,integrated,-0.0985324861607148,-0.0268276762024,-0.285832593882237,8.928260614515176e-05
2013,KEN,Aluminium,metal,integrated,-0.203417289818682,-0.0092162307020733,-0.1087816669440324,8.305851332095982e-05
2013,ARE,Aluminium,metal,integrated,-0.1596671419372807,-0.0253384454791317,-0.2920497531725368,7.726256605587141e-05
2013,EGY,Aluminium,metal,integrated,-0.1875875342952899,-0.0497763203541707,-0.3504797056134056,6.992198351251521e-05
2013,LBN,Aluminium,metal,integrated,-0.5674689772907351,-0.0337413809858853,-0.4146140852748793,5.650104397184112e-05
2013,JOR,Aluminium,metal,integrated,-0.4174095654920587,-0.1074805750808318,-0.4763947044241897,4.019575466082074e-05
2013,CAN,Aluminium,metal,integrated,-0.4451440465998036,-0.0116219912679414,-0.0140848123245097,3.869073017793323e-05
2013,PHL,Aluminium,metal,integrated,-0.3406837095324709,-0.004363019103258,-0.2794355305751703,3.82710611883278e-05
2013,NZL,Aluminium,metal,integrated,-0.4071255453374542,-0.1071865364346748,-0.2620931600365587,3.379087619652701e-05
2013,CHN,Aluminium,ore,direct_partner,-0.2203247489747636,-0.1952333804375033,0.0548488060692485,0.0089481104297671
2013,USA,Aluminium,ore,direct_partner,-0.0730796016670753,-0.0460785713966162,-0.5206330311270245,0.0014935304713466
2013,ARG,Aluminium,ore,direct_partner,-0.2022347789434143,-0.1859571149141605,0.0,0.0001795404511795
2013,IND,Aluminium,ore,direct_partner,-0.1540546869965409,-0.1402585119731261,-0.2831892370866012,0.0001431168037165
2013,JPN,Aluminium,ore,direct_partner,-0.1160242994634574,-0.077723548453472,-0.2213127791064437,0.000138020913587
2013,KOR,Aluminium,ore,direct_partner,-0.2793866266921831,-0.2576049507485677,-0.002306190292479,9.51963501464556e-05
2013,SVN,Aluminium,ore,direct_partner,-0.1017780265068306,-0.0387802966972852,-0.1068612944753707,4.6366674741288704e-05
2013,TUR,Aluminium,ore,direct_partner,-0.2744114409429571,-0.2505304246582587,-0.0060993701045093,4.50220634261934e-05
2013,MEX,Aluminium,ore,direct_partner,-0.0378681003117019,-0.0255636797319441,-0.1825173860746317,4.282387675967914e-05
2013,RUS,Aluminium,ore,direct_partner,-0.1983031463925345,-0.1855776848371001,-0.0386937442528358,4.2200719445330136e-05
2013,HRV,Aluminium,ore,direct_partner,-0.0913693474815298,-0.0672110244876093,0.1422178156570394,3.972260898675237e-05
2013,ITA,Aluminium,ore,direct_partner,-0.1171565325320055,-0.0963642975790003,-0.0439232345940498,3.9690776822876974e-05
2013,NLD,Aluminium,ore,direct_partner,-0.1617666851771272,0.0578343856119006,0.5324058510590195,3.351958657286327e-05
2013,THA,Aluminium,ore,direct_partner,-0.3099560908865588,-0.2765414067129674,0.4105958137615989,2.9417740258699543e-05
2013,CHN,Aluminium,ore,integrated,-0.0800683298290093,-0.0706234376020842,-0.0315926174514608,0.0089481104297671
2013,USA,Aluminium,ore,integrated,-0.1036921185512698,-0.083580900530768,-0.384153129693166,0.0014935304713466
2013,ARG,Aluminium,ore,integrated,-0.1268662992514397,-0.1161052846815136,0.0,0.0001795404511795
2013,IND,Aluminium,ore,integrated,-0.2240267765888398,-0.1977747223731202,-0.4103211346887224,0.0001431168037165
2013,JPN,Aluminium,ore,integrated,-0.1346711029918227,-0.106566669758718,-0.2290397993595214,0.000138020913587
2013,KOR,Aluminium,ore,integrated,-0.2067494460186827,-0.1930062161323478,-0.0023061902893463,9.51963501464556e-05
2013,SVN,Aluminium,ore,integrated,-0.1117543624038731,-0.0251727322156082,-0.2323190433492523,4.6366674741288704e-05
2013,TUR,Aluminium,ore,integrated,-0.4331655929809061,-0.391535852635095,-0.4653316808343792,4.50220634261934e-05
2013,MEX,Aluminium,ore,integrated,-0.0444967337694564,-0.0395866437798604,-0.2083923778689548,4.282387675967914e-05
2013,RUS,Aluminium,ore,integrated,-0.2457410786649935,-0.290559844291726,-0.701510803874618,4.2200719445330136e-05
2013,HRV,Aluminium,ore,integrated,-0.0919044335318194,-0.1056438934255939,-0.2000737385625949,3.972260898675237e-05
2013,ITA,Aluminium,ore,integrated,-0.171442217595039,-0.1593135086954431,-0.4562850214959403,3.9690776822876974e-05
2013,NLD,Aluminium,ore,integrated,-0.2675719291654634,-0.0451043801210631,-0.3772604662246978,3.351958657286327e-05
2013,THA,Aluminium,ore,integrated,-0.2210229779926549,-0.1978469841758731,-0.1467020667667798,2.9417740258699543e-05
2014,JPN,Aluminium,metal,direct_partner,-0.1005126858065098,-0.0242628678811823,0.1982657317002236,0.0107956304040007
2014,USA,Aluminium,metal,direct_partner,-0.4236676746715234,-0.005282577541504,0.3444551888979049,0.0089219206475725
2014,KOR,Aluminium,metal,direct_partner,-0.0806924070787468,-0.011703676585438,-0.009290079294696,0.006623271565174
2014,NLD,Aluminium,metal,direct_partner,-0.2427208236239446,-0.0070558871833618,0.5739791855565032,0.0060002611339555
2014,DEU,Aluminium,metal,direct_partner,-0.0993304555066329,-0.0073079648754145,0.3358899983465689,0.0049366679622596
2014,TUR,Aluminium,metal,direct_partner,-0.208122149758212,-0.0147406964343954,-0.0896259790981812,0.0046991752790407
2014,ITA,Aluminium,metal,direct_partner,-0.1249257427265302,0.0037711940654093,-0.001758857060977,0.0035111186379756
2014,NOR,Aluminium,metal,direct_partner,-0.3210770988340551,-0.0184227333337282,0.2917955959533879,0.0021932910171428
2014,CHN,Aluminium,metal,direct_partner,-0.1280148320195312,-0.0367301523549368,-0.0452477070953863,0.0015791538006167
2014,THA,Aluminium,metal,direct_partner,-0.1684487597892569,-0.0527769128369423,-0.0662698091746686,0.0015680938738428
2014,CHE,Aluminium,metal,direct_partner,-0.0878022918153289,-0.0345727414675355,-0.1223580805388906,0.001481642393964
2014,MYS,Aluminium,metal,direct_partner,-0.1126857002756383,-0.0288604383708512,-0.002660036148586,0.0014127189362815
2014,BEL,Aluminium,metal,direct_partner,-0.0767892845885972,-0.0069317118788822,0.3617603971815023,0.0013501842511418
2014,ESP,Aluminium,metal,direct_partner,-0.1972131646930434,-0.0132389383390488,-0.0335440542843034,0.0013213163154187
2014,IND,Aluminium,metal,direct_partner,-0.230673285201614,-0.0144300597135206,-0.1554054874003714,0.0013026743376548
2014,FRA,Aluminium,metal,direct_partner,-0.0230939893425885,-0.0032272798174964,0.1423101427073917,0.0012405892538401
2014,GBR,Aluminium,metal,direct_partner,-0.1210202744714929,0.0061184353980892,0.3114215208263585,0.0011329694769438
2014,HUN,Aluminium,metal,direct_partner,-0.2156521063818944,-0.0206380853978298,0.1251049833587701,0.0011156607109991
2014,VNM,Aluminium,metal,direct_partner,-0.1711271872234946,-0.035466671568675,-0.0300460428517708,0.000996488733841
2014,GRC,Aluminium,metal,direct_partner,-0.2947401460836036,-0.0134851398838773,-0.1021102289804526,0.0009524226286128
2014,SGP,Aluminium,metal,direct_partner,-0.2755290848047874,-0.0208607580356699,0.0231961328198213,0.0006044147138834
2014,RUS,Aluminium,metal,direct_partner,-0.7222242169828089,-0.1061978326835667,-0.2331346493966587,0.0005427532284663
2014,SVN,Aluminium,metal,direct_partner,-0.137048516459718,-0.0047599380081807,-0.248459247295652,0.0004838001848018
2014,POL,Aluminium,metal,direct_partner,-0.1363779256750651,0.0015019872702892,0.3333814373796606,0.0004188757115285
2014,IDN,Aluminium,metal,direct_partner,-0.2138710903105988,-0.0668556946503663,-0.0341857549055689,0.0003995518312212
2014,LUX,Aluminium,metal,direct_partner,-0.0797022362283005,-0.0180872857545074,0.1914311200058673,0.0003790465773492
2014,CZE,Aluminium,metal,direct_partner,-0.0362465865184361,-0.0127029311738357,0.1429249963168286,0.0003733192158309
2014,COL,Aluminium,metal,direct_partner,-0.1293306434893805,-0.0233763569175396,-0.2671564420809728,0.0003158749840012
2014,SWE,Aluminium,metal,direct_partner,-0.3286980575190231,-0.0323373305198898,0.1976800301763292,0.0003140523909086
2014,PRT,Aluminium,metal,direct_partner,-0.4907325629699605,-0.0636532102618878,0.3712662302820532,0.0002877861880288
2014,BGD,Aluminium,metal,direct_partner,-0.364059316021367,-0.0823319295937507,-0.5463189799254551,0.0002839933879023
2014,HRV,Aluminium,metal,direct_partner,-0.2825619033690923,-0.0343107866094029,-0.1454285012197242,0.0002600730739023
2014,BGR,Aluminium,metal,direct_partner,-0.2989072264152042,-0.0210579689198581,-0.2365655541677115,0.0002240128670801
2014,ARM,Aluminium,metal,direct_partner,-0.7132939215685559,-0.119329746935049,-0.6611389588627951,0.0001591653435103
2014,UZB,Aluminium,metal,direct_partner,-0.7238891757016804,-0.1192778689796154,0.2367695428657215,0.000145222980087
2014,TUN,Aluminium,metal,direct_partner,-0.6872821350808318,-0.0054767319073535,-0.4284960583143555,0.0001313285572171
2014,AUS,Aluminium,metal,direct_partner,-0.3803360493500321,-0.0238902717463689,-0.5013736078150648,9.737375044949443e-05
2014,ARE,Aluminium,metal,direct_partner,-0.5802147850893036,-0.0350268142594139,0.5567287588680908,8.191826087160589e-05
2014,SVK,Aluminium,metal,direct_partner,-0.1654745862731223,-0.0268579802692685,0.239607088382575,8.054337596362414e-05
2014,BLR,Aluminium,metal,direct_partner,-0.4410074106183011,-0.0779031200037227,-0.5007196247147051,7.962676302326473e-05
2014,UKR,Aluminium,metal,direct_partner,-0.5907947078752744,-0.0909994792432213,-0.1769593545637898,7.304102288096106e-05
2014,EGY,Aluminium,metal,direct_partner,-0.2048276305962189,-0.06723133953391,-0.196659434946994,7.087154707702805e-05
2014,CAN,Aluminium,metal,direct_partner,-0.4166840797097534,-0.0127817582636951,0.5652404925531774,5.5731269863026645e-05
2014,JOR,Aluminium,metal,direct_partner,-0.4281782366332975,-0.1207955619529821,-0.3044400396917357,3.496377855372656e-05
2014,JPN,Aluminium,metal,integrated,-0.0327796984214694,-0.007514609679347,-0.2277225164421789,0.0107956304040007
2014,USA,Aluminium,metal,integrated,-0.1836824885805659,0.0211856875219458,-0.1870016617434938,0.0089219206475725
2014,KOR,Aluminium,metal,integrated,-0.0532521722066645,-0.0085883455740749,-0.137016413639196,0.006623271565174
2014,NLD,Aluminium,metal,integrated,-0.0742412391336454,-0.0029287395199604,-0.2052283860507548,0.0060002611339555
2014,DEU,Aluminium,metal,integrated,-0.0355814449819174,-0.0065821634463842,-0.1422687159196132,0.0049366679622596
2014,TUR,Aluminium,metal,integrated,-0.1740677608271206,-0.03679778593478,-0.2884461415709103,0.0046991752790407
2014,ITA,Aluminium,metal,integrated,-0.0990569896386065,-0.0183722584835973,-0.1967013122791209,0.0035111186379756
2014,NOR,Aluminium,metal,integrated,-0.1875355137718556,-0.0278367005738391,-0.0222630325012361,0.0021932910171428
2014,CHN,Aluminium,metal,integrated,-0.0642768302556686,-0.0344493186348401,-0.4196427014775959,0.0015791538006167
2014,THA,Aluminium,metal,integrated,-0.1264046832279457,-0.054396849579363,-0.2635294104552935,0.0015680938738428
2014,CHE,Aluminium,metal,integrated,-0.0722664925834959,-0.0473169543658674,-0.2053524080176426,0.001481642393964
2014,MYS,Aluminium,metal,integrated,-0.0775894532639437,-0.0232316429864848,-0.1053557075434206,0.0014127189362815
2014,BEL,Aluminium,metal,integrated,-0.0323864643492068,-0.000109152238258,-0.0276343391435352,0.0013501842511418
2014,ESP,Aluminium,metal,integrated,-0.1799098417149596,-0.0335626120026916,-0.1723137107599224,0.0013213163154187
2014,IND,Aluminium,metal,integrated,-0.2035182711559535,-0.0142335408447309,-0.3383971648576395,0.0013026743376548
2014,FRA,Aluminium,metal,integrated,0.0051484457392139,0.0078649503352377,-0.1094701569780993,0.0012405892538401
2014,GBR,Aluminium,metal,integrated,-0.069319578505948,0.008713766356152,-0.2854271379649277,0.0011329694769438
2014,HUN,Aluminium,metal,integrated,-0.1612590729753409,-0.0248398341768551,-0.0065725819890368,0.0011156607109991
2014,VNM,Aluminium,metal,integrated,-0.0742722794863352,-0.0175506446201771,-0.3559897045882186,0.000996488733841
2014,GRC,Aluminium,metal,integrated,-0.2886526491600165,-0.0237709474536132,-0.1660592991921796,0.0009524226286128
2014,SGP,Aluminium,metal,integrated,-0.2426874337737611,-0.0385412118806804,-0.1579291391350455,0.0006044147138834
2014,RUS,Aluminium,metal,integrated,-0.6617321277583403,-0.1030577994897883,-0.3958378610357927,0.0005427532284663
2014,SVN,Aluminium,metal,integrated,-0.1372554368300801,-0.0053990638574177,-0.3062873894261449,0.0004838001848018
2014,POL,Aluminium,metal,integrated,-0.0486747119617129,0.001639841070669,-0.1365478157104655,0.0004188757115285
2014,IDN,Aluminium,metal,integrated,-0.1496959354785933,-0.0530089332952229,-0.184820976258318,0.0003995518312212
2014,LUX,Aluminium,metal,integrated,-0.0535655608717004,-0.0003029611988757,-0.1304159885156469,0.0003790465773492
2014,CZE,Aluminium,metal,integrated,0.0140412208285758,0.0049789024551836,-0.1329371014638639,0.0003733192158309
2014,COL,Aluminium,metal,integrated,-0.0703167868229774,-0.0256682153291077,-0.4322167554125702,0.0003158749840012
2014,SWE,Aluminium,metal,integrated,-0.2203282198542469,-0.0227772843472698,-0.0420348542551794,0.0003140523909086
2014,PRT,Aluminium,metal,integrated,-0.1645319536495074,-0.0245627702502393,-0.0015476594456192,0.0002877861880288
2014,BGD,Aluminium,metal,integrated,-0.287400704743371,-0.0812833237077709,-0.6656174381610248,0.0002839933879023
2014,HRV,Aluminium,metal,integrated,-0.2201233413050989,-0.0345603586679451,-0.1962687789297743,0.0002600730739023
2014,BGR,Aluminium,metal,integrated,-0.2888344626876601,-0.0340788021084131,-0.2992670806214042,0.0002240128670801
2014,ARM,Aluminium,metal,integrated,-0.7022674403522962,-0.1174175738464389,-0.7018930648230868,0.0001591653435103
2014,UZB,Aluminium,metal,integrated,-0.6210272347019279,-0.1062843550322091,-0.0132304571396702,0.000145222980087
2014,TUN,Aluminium,metal,integrated,-0.6204417777041985,0.0159834714740232,-0.4764975451933905,0.0001313285572171
2014,AUS,Aluminium,metal,integrated,-0.3497975440285462,-0.0342873065541372,-0.6061463848100535,9.737375044949443e-05
2014,ARE,Aluminium,metal,integrated,-0.2434352246423964,-0.0121377009560493,-0.0779562733886506,8.191826087160589e-05
2014,SVK,Aluminium,metal,integrated,-0.0887365178511861,-0.0120649261189623,-0.0064189924354821,8.054337596362414e-05
2014,BLR,Aluminium,metal,integrated,-0.3557767695964183,-0.0594308013335089,-0.5742976016243324,7.962676302326473e-05
2014,UKR,Aluminium,metal,integrated,-0.5494967236352809,-0.0868777152375337,-0.5195847736011872,7.304102288096106e-05
2014,EGY,Aluminium,metal,integrated,-0.1720536484611894,-0.0700497322371089,-0.3023945460786471,7.087154707702805e-05
2014,CAN,Aluminium,metal,integrated,-0.3681591743047902,0.0035578954980202,-0.0378001102813341,5.5731269863026645e-05
2014,JOR,Aluminium,metal,integrated,-0.3485513320316096,-0.1186231243459564,-0.574897843781915,3.496377855372656e-05
2014,CHN,Aluminium,ore,direct_partner,-0.1806346490483262,-0.1590087503250026,0.0284180432636316,0.0050927124504488
2014,USA,Aluminium,ore,direct_partner,-0.1071364007395081,-0.0877040022857101,-0.3853122545804286,0.0014993704829895
2014,CAN,Aluminium,ore,direct_partner,-0.2123238600104345,-0.1916456360910955,-0.3634479123742511,0.0003425370452225
2014,FRA,Aluminium,ore,direct_partner,-0.0158940439504757,-0.0340233501893953,0.1130887150233698,0.0002855726659601
2014,NLD,Aluminium,ore,direct_partner,-0.2269626822174799,-0.2036690983128861,0.1453695104859353,0.000137702004624
2014,KOR,Aluminium,ore,direct_partner,-0.4186435850955575,-0.3907775481573396,0.1700205531551619,0.0001003893999727
2014,JPN,Aluminium,ore,direct_partner,-0.2143249470219661,-0.195338322590607,-0.2195486324615276,9.426118474270044e-05
2014,ITA,Aluminium,ore,direct_partner,-0.1478137832572501,-0.1242541837618133,0.0249499039544559,7.585096215675111e-05
2014,GBR,Aluminium,ore,direct_partner,-0.041657707193201,-0.0593758021078985,0.156615361729015,5.562221777996629e-05
2014,RUS,Aluminium,ore,direct_partner,-0.2327797758192208,-0.2477103731178741,0.0134988772115682,4.9668627493305295e-05
2014,TUR,Aluminium,ore,direct_partner,-0.4710932769390938,-0.4332105889408311,-0.0991081477318368,4.2894890416462045e-05
2014,MYS,Aluminium,ore,direct_partner,-0.3727767970608714,-0.3262855414391243,0.0100134947863818,4.0854400173080666e-05
2014,HRV,Aluminium,ore,direct_partner,-0.198625790243158,-0.174553811409553,-0.0737012632262817,3.7754762424521145e-05
2014,OMN,Aluminium,ore,direct_partner,-0.3255836067753047,-0.0065794283327086,0.312462356505752,3.5293463990373774e-05
2014,CHN,Aluminium,ore,integrated,-0.1526798614472175,-0.1417036549891387,-0.0711133141294885,0.0050927124504488
2014,USA,Aluminium,ore,integrated,-0.0985797494776953,-0.0849602300083005,-0.4734894027171555,0.0014993704829895
2014,CAN,Aluminium,ore,integrated,-0.2153928782494036,-0.1916507003466124,-0.3774978079442864,0.0003425370452225
2014,FRA,Aluminium,ore,integrated,-0.0251598632547936,-0.0173180121778167,-0.3319032970647336,0.0002855726659601
2014,NLD,Aluminium,ore,integrated,-0.2864079965674825,-0.2340052057468851,-0.6239232972883214,0.000137702004624
2014,KOR,Aluminium,ore,integrated,-0.2819128779475195,-0.2649966463007893,-1.7034862956153428e-06,0.0001003893999727
2014,JPN,Aluminium,ore,integrated,-0.1987258422614073,-0.1737548147912223,-0.3564302418209056,9.426118474270044e-05
2014,ITA,Aluminium,ore,integrated,-0.1646507107214031,-0.1566400504305786,-0.3680415855712894,7.585096215675111e-05
2014,GBR,Aluminium,ore,integrated,-0.0626934988819952,0.014469405496828,-0.4117011558864301,5.562221777996629e-05
2014,RUS,Aluminium,ore,integrated,-0.2689936098008786,-0.2880458737932425,-0.5505806836459243,4.9668627493305295e-05
2014,TUR,Aluminium,ore,integrated,-0.5248703612101404,-0.4732807995375532,-0.455044004525708,4.2894890416462045e-05
2014,MYS,Aluminium,ore,integrated,-0.4419771847367786,-0.3549885167386123,-0.1247693656882051,4.0854400173080666e-05
2014,HRV,Aluminium,ore,integrated,-0.2155706789578845,-0.2143321760689331,-0.44769846999127,3.7754762424521145e-05
2014,OMN,Aluminium,ore,integrated,-0.0661031311496415,-0.020790637954201,1.326068304141664e-13,3.5293463990373774e-05
2015,USA,Aluminium,metal,direct_partner,-0.4203959050205732,-0.0174325315660529,0.3643998331993729,0.0092900415144868
2015,JPN,Aluminium,metal,direct_partner,-0.1051847024803634,-0.0288564696317161,0.2160508156646948,0.0087721677883958
2015,NLD,Aluminium,metal,direct_partner,-0.2906539105345722,-0.0185955636369745,0.6411316250251569,0.0070271677021978
2015,KOR,Aluminium,metal,direct_partner,-0.1257678519502871,-0.0317388159906122,0.0225144692044658,0.0061340525895868
2015,TUR,Aluminium,metal,direct_partner,-0.1777921242931494,-0.0169860331138596,-0.0242487821665159,0.0045103935932571
2015,DEU,Aluminium,metal,direct_partner,-0.0994757900905669,-7.986789070209277e-05,0.361616250445935,0.0038346446396679
2015,ITA,Aluminium,metal,direct_partner,-0.0801936349219526,0.0111584771952791,-0.0579005295303743,0.0034926021946951
2015,MYS,Aluminium,metal,direct_partner,-0.0887740717069673,-0.0231075375467208,0.033660129369358,0.0021906553659171
2015,MEX,Aluminium,metal,direct_partner,-0.2160720994506591,-0.0234511454730134,0.0674556742852355,0.0016628950288149
2015,ESP,Aluminium,metal,direct_partner,-0.1775263947073808,-0.0054836646213441,-0.0670038956840484,0.0015219480535351
2015,THA,Aluminium,metal,direct_partner,-0.1667554311804517,-0.0491378552319271,-0.0311708811088416,0.0013314413492415
2015,IND,Aluminium,metal,direct_partner,-0.1219478393066807,-0.0105063550021173,-0.0465024905413827,0.0012464022016563
2015,FRA,Aluminium,metal,direct_partner,-0.0462704405517382,-0.0028038865306878,0.156925175122852,0.0011371053831689
2015,BEL,Aluminium,metal,direct_partner,-0.0887907428787162,-0.0022425294332655,0.4064970125850896,0.0011182554069751
2015,CHE,Aluminium,metal,direct_partner,-0.1313849563056661,-0.0469369623648259,-0.148572736213545,0.0010597543685644
2015,HUN,Aluminium,metal,direct_partner,-0.2119701902645372,-0.0226221104661536,0.1472511868409249,0.0009799034548075
2015,NOR,Aluminium,metal,direct_partner,-0.1723659679362338,-0.0067176726062755,0.1750858124052642,0.0009759543274794
2015,VNM,Aluminium,metal,direct_partner,-0.2034058180372329,-0.0597332342526487,0.0622832383446933,0.0009725580345751
2015,AUT,Aluminium,metal,direct_partner,-0.0577883572590414,-0.0022890587405655,0.0789681142845744,0.0009474892419585
2015,SGP,Aluminium,metal,direct_partner,-0.1316902253711089,-0.038263520236018,-0.0126885902789375,0.0008829179886889
2015,CHN,Aluminium,metal,direct_partner,-0.1337306175124897,-0.0246615719267807,-0.0601991840599203,0.0008624720368842
2015,GBR,Aluminium,metal,direct_partner,-0.128369097376258,0.005997438301229,0.1104055998897166,0.000798241439532
2015,GRC,Aluminium,metal,direct_partner,-0.4154030996697185,-0.0445662449760656,-0.2808584971474924,0.0007877357581789
2015,POL,Aluminium,metal,direct_partner,-0.1481817334033385,-0.0027522848453816,0.4314240884046662,0.0006714717796116
2015,IDN,Aluminium,metal,direct_partner,-0.1122516926361389,-0.0340799150647644,0.1366327026658371,0.0005600329416124
2015,SVN,Aluminium,metal,direct_partner,-0.1167785744344921,-0.0124550796340547,-0.3071898513693876,0.0004634063805691
2015,CZE,Aluminium,metal,direct_partner,-0.067248133412248,-0.016383377724916,0.0957250909987457,0.0004261343682537
2015,BGD,Aluminium,metal,direct_partner,-0.235296234866161,-0.0353446537260159,-0.4726000565821375,0.0003684500109627
2015,BGR,Aluminium,metal,direct_partner,-0.2009487372672636,-0.0162311903180129,-0.1506588006624353,0.0003562922412658
2015,DNK,Aluminium,metal,direct_partner,-0.7878794982137843,-0.0334334727177591,0.5180025207321128,0.0003537560852514
2015,COL,Aluminium,metal,direct_partner,-0.1948584184515106,-0.0309689904178093,-0.2044627510019374,0.0003138679628354
2015,LUX,Aluminium,metal,direct_partner,-0.1265986137127943,-0.0414820582207829,0.1715741474332953,0.0003092754766748
2015,PRT,Aluminium,metal,direct_partner,-0.5573811046444164,-0.0772141438164935,0.3940506099075167,0.0002879955991607
2015,RUS,Aluminium,metal,direct_partner,-0.7689109277920563,-0.118362236784175,-0.3166047642812082,0.0002589410944534
2015,SWE,Aluminium,metal,direct_partner,-0.297099512910277,-0.0334604292963082,0.262463784281048,0.0002116470511663
2015,PAK,Aluminium,metal,direct_partner,-0.0713059654336516,-0.0205991489242442,-0.0932295575558666,0.0001665541329616
2015,ARM,Aluminium,metal,direct_partner,-0.7483169114501462,-0.1169755074538081,-0.5401007051309096,0.0001661158520975
2015,CAN,Aluminium,metal,direct_partner,-0.3528581104238839,-0.0012462723490192,0.0543628780826318,0.0001351586505916
2015,UZB,Aluminium,metal,direct_partner,-0.7044017191809182,-0.1219204514312448,0.2266559132022477,0.0001150206779206
2015,EGY,Aluminium,metal,direct_partner,-0.0813098381542826,-0.015087307320826,-0.1791259408414054,0.0001027829422139
2015,TUN,Aluminium,metal,direct_partner,-0.5998557470408348,-0.0166911432776078,-0.3108457895156261,7.978111266521388e-05
2015,BLR,Aluminium,metal,direct_partner,-8.438663409887637e-05,-1.2631577291755123e-05,-0.0064956383099519,7.92308388468654e-05
2015,MAR,Aluminium,metal,direct_partner,-0.3186286258396165,-0.0624065671024466,-0.13441495903054,7.538558744303678e-05
2015,HRV,Aluminium,metal,direct_partner,-0.273103017758535,-0.0447784457426878,-0.1850748020910144,6.607830522284536e-05
2015,KEN,Aluminium,metal,direct_partner,-0.2121469376947222,-0.0701750545774162,-0.1568098160497918,5.105660710631718e-05
2015,SVK,Aluminium,metal,direct_partner,-0.1989847761221282,-0.0257140600277205,0.3238701867025466,4.968057230300331e-05
2015,NGA,Aluminium,metal,direct_partner,-0.1490473425503188,-0.0640418730099894,-0.2355872137190148,3.273695943264654e-05
2015,USA,Aluminium,metal,integrated,-0.1869893309761834,0.0204063356405961,-0.149604022923473,0.0092900415144868
2015,JPN,Aluminium,metal,integrated,-0.0322132418727784,-0.007614342106027,-0.2648170506900515,0.0087721677883958
2015,NLD,Aluminium,metal,integrated,-0.120896178497918,-0.0141117529427803,-0.1611857128350499,0.0070271677021978
2015,KOR,Aluminium,metal,integrated,-0.0894083554085658,-0.0226640127559664,-0.1644006896009028,0.0061340525895868
2015,TUR,Aluminium,metal,integrated,-0.1456682204748725,-0.0332624258305436,-0.2400735901199293,0.0045103935932571
2015,DEU,Aluminium,metal,integrated,-0.040822399987065,-0.0023321353770314,-0.138191834021117,0.0038346446396679
2015,ITA,Aluminium,metal,integrated,-0.0560350621831955,-0.0099524343334242,-0.2184987770141622,0.0034926021946951
2015,MYS,Aluminium,metal,integrated,-0.0546976501662307,-0.018920124604787,-0.0403360877224916,0.0021906553659171
2015,MEX,Aluminium,metal,integrated,-0.1502874785969787,-0.0109626011690515,-0.3487758557304079,0.0016628950288149
2015,ESP,Aluminium,metal,integrated,-0.1539613889343144,-0.0250738610593143,-0.2456855438874746,0.0015219480535351
2015,THA,Aluminium,metal,integrated,-0.1258759144254548,-0.0453550786685293,-0.2207457867295751,0.0013314413492415
2015,IND,Aluminium,metal,integrated,-0.0870108105322018,-0.001647514571693,-0.2464710166682077,0.0012464022016563
2015,FRA,Aluminium,metal,integrated,-0.0248728956722493,-0.001463326288713,-0.1161342711608845,0.0011371053831689
2015,BEL,Aluminium,metal,integrated,-0.0455970863904861,-0.0003391118088186,-0.0045771162917592,0.0011182554069751
2015,CHE,Aluminium,metal,integrated,-0.1102001214396565,-0.0567373021979235,-0.243000618847878,0.0010597543685644
2015,HUN,Aluminium,metal,integrated,-0.1648533073203351,-0.0244633591841013,5.1678430091292366e-14,0.0009799034548075
2015,NOR,Aluminium,metal,integrated,-0.1033832587122014,-0.0183091000467826,-0.042169481527666,0.0009759543274794
2015,VNM,Aluminium,metal,integrated,-0.0988409853130852,-0.0393227756114792,-0.2896400078774549,0.0009725580345751
2015,AUT,Aluminium,metal,integrated,-0.0391052886115632,-0.0121197529844527,-0.0514634807348208,0.0009474892419585
2015,SGP,Aluminium,metal,integrated,-0.094610381333481,-0.0382912776826648,-0.1258607902153926,0.0008829179886889
2015,CHN,Aluminium,metal,integrated,-0.069403339043083,-0.0216864371224525,-0.4370237486549194,0.0008624720368842
2015,GBR,Aluminium,metal,integrated,-0.0877226186019935,-0.0029293370904923,-0.2904746524679815,0.000798241439532
2015,GRC,Aluminium,metal,integrated,-0.4068038170272043,-0.0514346669553229,-0.3131802399025563,0.0007877357581789
2015,POL,Aluminium,metal,integrated,-0.0583598568479025,-0.0057567153104266,-0.0666289760841499,0.0006714717796116
2015,IDN,Aluminium,metal,integrated,-0.0339242512491443,-0.0178196419253859,-0.096678422491906,0.0005600329416124
2015,SVN,Aluminium,metal,integrated,-0.1117278282108046,-0.010723973353531,-0.3519106947110392,0.0004634063805691
2015,CZE,Aluminium,metal,integrated,-0.034014714407963,-0.0036484330401467,-0.1873891258002217,0.0004261343682537
2015,BGD,Aluminium,metal,integrated,-0.1683284318275721,-0.0366297722674238,-0.5803811472196788,0.0003684500109627
2015,BGR,Aluminium,metal,integrated,-0.1960798080839546,-0.0263422365633696,-0.2085304193672022,0.0003562922412658
2015,DNK,Aluminium,metal,integrated,-0.4568380849669426,-0.0208405461252464,-4.583998248513903e-06,0.0003537560852514
2015,COL,Aluminium,metal,integrated,-0.1415268468149205,-0.0311299286045067,-0.3834941258593885,0.0003138679628354
2015,LUX,Aluminium,metal,integrated,-0.092884937138914,-0.0281457123021754,-0.1438043036538877,0.0003092754766748
2015,PRT,Aluminium,metal,integrated,-0.2510296417660378,-0.0393096456486231,-0.0091974931818739,0.0002879955991607
2015,RUS,Aluminium,metal,integrated,-0.7148419059671405,-0.1201313497638928,-0.4337221517765246,0.0002589410944534
2015,SWE,Aluminium,metal,integrated,-0.1572346106004298,-0.0295562512302423,-0.0185041519429207,0.0002116470511663
2015,PAK,Aluminium,metal,integrated,-0.0538632168165824,-0.0110587760331119,-0.1464255828127248,0.0001665541329616
2015,ARM,Aluminium,metal,integrated,-0.7058898370348119,-0.1167430411598274,-0.697798851199953,0.0001661158520975
2015,CAN,Aluminium,metal,integrated,-0.3296534962346171,-0.0013859995246852,-0.135387044547167,0.0001351586505916
2015,UZB,Aluminium,metal,integrated,-0.6095857275503905,-0.1096194638758957,-0.0233440867980796,0.0001150206779206
2015,EGY,Aluminium,metal,integrated,-0.0666529645465156,-0.0220567223784945,-0.2967402568748677,0.0001027829422139
2015,TUN,Aluminium,metal,integrated,-0.5667192826001923,0.0044195288500133,-0.4671618072857588,7.978111266521388e-05
2015,BLR,Aluminium,metal,integrated,0.0476145219627929,0.0087320715648174,-0.1609283236403004,7.92308388468654e-05
2015,MAR,Aluminium,metal,integrated,-0.2838374909289414,-0.0506591541002351,-0.1099655310861168,7.538558744303678e-05
2015,HRV,Aluminium,metal,integrated,-0.2093899584810958,-0.047136775485197,-0.272307166362703,6.607830522284536e-05
2015,KEN,Aluminium,metal,integrated,-0.147116229076332,-0.0570753723571778,-0.2510530570133034,5.105660710631718e-05
2015,SVK,Aluminium,metal,integrated,-0.1098981812911441,-0.0154688343227098,8.242033283151857e-14,4.968057230300331e-05
2015,NGA,Aluminium,metal,integrated,-0.1262113097901846,-0.069413500561657,-0.3425455279935545,3.273695943264654e-05
2015,CHN,Aluminium,ore,direct_partner,-0.1925328399796523,-0.1714285421219312,-0.1744599046573406,0.0075899662467683
2015,USA,Aluminium,ore,direct_partner,-0.1233040286421473,-0.1008836958071272,-0.4254268839371341,0.0013069257398157
2015,CAN,Aluminium,ore,direct_partner,-0.2298039261994209,-0.2064986041831697,-0.2576576221775615,0.000332711294571
2015,KOR,Aluminium,ore,direct_partner,-0.3958345039657736,-0.3687719743253275,0.3078539099022587,0.0001007740235113
2015,NLD,Aluminium,ore,direct_partner,-0.5776792847875807,-0.4924602047921403,0.1456859578357138,8.431950417210537e-05
2015,JPN,Aluminium,ore,direct_partner,-0.3557716262657081,-0.3281478085764744,0.1819073612484872,4.661181034993089e-05
2015,RUS,Aluminium,ore,direct_partner,-0.1531657348831148,-0.1497276611308816,0.0259077781158537,4.528424521485111e-05
2015,KWT,Aluminium,ore,direct_partner,-0.5892619564561232,-0.5309427248049174,-0.2881745180072259,4.156601653567141e-05
2015,ITA,Aluminium,ore,direct_partner,-0.2062766974173266,-0.1990078640714245,0.0226102789733767,4.115391108093416e-05
2015,OMN,Aluminium,ore,direct_partner,-0.4883799347262904,-0.4312172107769176,-0.5404517024474035,3.4926920990735794e-05
2015,TUR,Aluminium,ore,direct_partner,-0.6770235491651059,-0.6246069539182317,-0.1744712679239516,3.112919728618912e-05
2015,HRV,Aluminium,ore,direct_partner,-0.1593720127167863,-0.1372256632626111,0.0337963629127012,3.0055319890678524e-05
2015,CHN,Aluminium,ore,integrated,-0.1599187604963273,-0.1469679209331057,-0.3487370842297621,0.0075899662467683
2015,USA,Aluminium,ore,integrated,-0.1151161415163505,-0.0928802666290973,-0.4852475860427623,0.0013069257398157
2015,CAN,Aluminium,ore,integrated,-0.254550888283399,-0.1969000805039935,-0.3719839492329019,0.000332711294571
2015,KOR,Aluminium,ore,integrated,-0.2607268810401342,-0.24471977331281,-0.0017238741048567,0.0001007740235113
2015,NLD,Aluminium,ore,integrated,-0.6117701100132469,-0.4950210849187706,-0.8302271500606103,8.431950417210537e-05
2015,JPN,Aluminium,ore,integrated,-0.2551656892025449,-0.2354140841406262,-0.1522221786620124,4.661181034993089e-05
2015,RUS,Aluminium,ore,integrated,-0.1481169821605806,-0.1654286849624619,-0.5630744422674111,4.528424521485111e-05
2015,KWT,Aluminium,ore,integrated,-0.6328062350118189,-0.6486272866806633,-0.677730913052055,4.156601653567141e-05
2015,ITA,Aluminium,ore,integrated,-0.2364929905579459,-0.2354766096292783,-0.5304122828391401,4.115391108093416e-05
2015,OMN,Aluminium,ore,integrated,-0.4870201295245939,-0.4466556315299338,-0.7127265136982193,3.4926920990735794e-05
2015,TUR,Aluminium,ore,integrated,-0.7020092164518474,-0.6504503935040282,-0.79684846265354,3.112919728618912e-05
2015,HRV,Aluminium,ore,integrated,-0.1598081204588475,-0.1714170569958727,-0.4197380338006437,3.0055319890678524e-05
2016,USA,Aluminium,metal,direct_partner,-0.3114284178195352,-0.0059811962039533,0.2366598396177536,0.0138549599736271
2016,JPN,Aluminium,metal,direct_partner,-0.0871058137304767,-0.0213029584117445,0.16238211707619,0.0078741208776909
2016,KOR,Aluminium,metal,direct_partner,-0.1456972629943517,-0.0412871301410477,0.1057416183051073,0.0068450045628436
2016,NLD,Aluminium,metal,direct_partner,-0.1957076937863951,-0.0067095464020437,0.5207856748213007,0.0051554816647822
2016,DEU,Aluminium,metal,direct_partner,-0.1255104335217886,-0.0052835741301218,0.3559439584919709,0.0041522602113381
2016,TUR,Aluminium,metal,direct_partner,-0.1491168301302408,-0.005213365912383,0.0350443723091589,0.0040329588475653
2016,ITA,Aluminium,metal,direct_partner,-0.0996840382532481,0.0081797293355793,-0.0376428323210713,0.0038433006149763
2016,MYS,Aluminium,metal,direct_partner,-0.1120953317999199,-0.0190604235794766,0.0633783622363697,0.0021596069968582
2016,THA,Aluminium,metal,direct_partner,-0.1396199381710963,-0.0449666062482172,-0.0525733337807589,0.0017705355596425
2016,ESP,Aluminium,metal,direct_partner,-0.1209874182102019,-0.001486866214794,0.0293143316667547,0.0016835181629902
2016,MEX,Aluminium,metal,direct_partner,-0.0927629963755479,0.0053079605210144,-0.0344876031715284,0.0014224439497821
2016,CHN,Aluminium,metal,direct_partner,-0.0972887354956072,-0.0115830533177426,-0.1019223228830822,0.0013961672441157
2016,FRA,Aluminium,metal,direct_partner,-0.0350172836782088,-0.0022804637211265,0.170633989392533,0.0012144629328226
2016,VNM,Aluminium,metal,direct_partner,-0.3101831158670737,-0.0768915964038347,0.093332980290157,0.0011640981300581
2016,IND,Aluminium,metal,direct_partner,-0.2336877062764579,-0.0381152376414847,0.0261914957258409,0.0010342571070402
2016,POL,Aluminium,metal,direct_partner,-0.3585176895630514,-0.0348204303867146,0.5337455517203166,0.0009512933536005
2016,HUN,Aluminium,metal,direct_partner,-0.1848100716127182,-0.0127766593306567,0.1515490881303893,0.0009041693561934
2016,GRC,Aluminium,metal,direct_partner,-0.2650316177067387,-0.0238977425032547,-0.2323166140703523,0.0008995704614663
2016,GBR,Aluminium,metal,direct_partner,-0.1239532322615914,0.0011053433895368,0.1611917027754946,0.0008754939383394
2016,BEL,Aluminium,metal,direct_partner,-0.1046605369106094,-0.0051444088030817,0.3828912604837158,0.0008746328489056
2016,CHE,Aluminium,metal,direct_partner,-0.3289084380614494,-0.1015853930823417,-0.1097167404230848,0.0007855238307594
2016,IDN,Aluminium,metal,direct_partner,-0.1168988569738329,-0.028908854951523,0.0945820862880137,0.0007026306992352
2016,SGP,Aluminium,metal,direct_partner,-0.1994961113577071,-0.019068711813007,-0.0059702105090565,0.0006459238008334
2016,SVN,Aluminium,metal,direct_partner,-0.0664648553206006,-0.0016983968439257,-0.1652695383162215,0.0004816761383858
2016,BGD,Aluminium,metal,direct_partner,-0.1619221471835627,-0.0132786823316904,-0.3079400941677355,0.0004545202347598
2016,DNK,Aluminium,metal,direct_partner,-0.7636201995585099,-0.0343516845828067,0.5547552891160927,0.0003947648131071
2016,CZE,Aluminium,metal,direct_partner,-0.1245021704344849,-0.0177448611415574,0.0260136012726084,0.0003489520084602
2016,BGR,Aluminium,metal,direct_partner,-0.2079614498280292,-0.0059964323653781,-0.0579858350133982,0.0003419941628753
2016,RUS,Aluminium,metal,direct_partner,-0.7825396481245084,-0.1084709407260225,-0.3089918702657286,0.0002910675419318
2016,PAK,Aluminium,metal,direct_partner,-0.0861119782381186,-0.0137152806314369,-0.0378423663123657,0.0002855114684467
2016,LUX,Aluminium,metal,direct_partner,-0.0810403663012452,-0.0123380116621156,0.1843742438498092,0.0002831235225886
2016,PRT,Aluminium,metal,direct_partner,-0.595020002955239,-0.0792694592450858,0.3586735257804191,0.0002741932093422
2016,SWE,Aluminium,metal,direct_partner,-0.3560306233545854,-0.0295167278055769,0.317300822247713,0.0002712220461405
2016,ARM,Aluminium,metal,direct_partner,-0.7573295866893394,-0.1138636265088899,-0.5076199009678974,0.0001553227290285
2016,BHR,Aluminium,metal,direct_partner,-0.2195171533199623,-0.0090900070386345,0.3139799509126088,0.0001447359095222
2016,HRV,Aluminium,metal,direct_partner,-0.3965853183477213,-0.0467372901096221,-0.2844434608497608,0.000119611584912
2016,UZB,Aluminium,metal,direct_partner,-0.7429437941894232,-0.1245117544745527,0.2462142546385991,0.0001120161430084
2016,EGY,Aluminium,metal,direct_partner,-0.1823335681285152,-0.0130341118645468,-0.1226921769163493,0.0001053400074799
2016,CAN,Aluminium,metal,direct_partner,-0.3400285915412776,-0.008178973006626,0.2904578404803423,5.862674587811945e-05
2016,KEN,Aluminium,metal,direct_partner,-0.3643616485151316,-0.1051034881815408,0.0959343574387865,5.705523555144386e-05
2016,BLR,Aluminium,metal,direct_partner,-0.4148722525819734,-0.07597530114591,0.4554515630568262,3.978522199616382e-05
2016,AUS,Aluminium,metal,direct_partner,-0.4471934375432141,-0.0145243598694497,-0.5717424731071917,3.608001939133664e-05
2016,PHL,Aluminium,metal,direct_partner,-0.3564444646107936,-0.0060213809318748,-0.3752509943789641,3.4783003744579546e-05
2016,TUN,Aluminium,metal,direct_partner,-0.3117849707329961,0.0066564494699489,-0.1532469923891715,3.3761290419323705e-05
2016,USA,Aluminium,metal,integrated,-0.1977085248304269,0.0019978932209338,-0.1369174760080559,0.0138549599736271
2016,JPN,Aluminium,metal,integrated,-0.0435972392715221,-0.0035612603085133,-0.2209297457865559,0.0078741208776909
2016,KOR,Aluminium,metal,integrated,-0.1016361149573992,-0.0261352282894135,-0.2141816698927622,0.0068450045628436
2016,NLD,Aluminium,metal,integrated,-0.1065187793066293,-0.0022581285464004,-0.2710762092366068,0.0051554816647822
2016,DEU,Aluminium,metal,integrated,-0.0598844178177363,-0.0051998866808219,-0.1558045374294884,0.0041522602113381
2016,TUR,Aluminium,metal,integrated,-0.1109144997816409,-0.0229906260357016,-0.2132074791268278,0.0040329588475653
2016,ITA,Aluminium,metal,integrated,-0.074889043266455,-0.0122957708446466,-0.2403833612528498,0.0038433006149763
2016,MYS,Aluminium,metal,integrated,-0.0762453507791361,-0.0193809907252365,-0.0323138733147084,0.0021596069968582
2016,THA,Aluminium,metal,integrated,-0.0931430076904834,-0.0487695356948694,-0.2483367215349864,0.0017705355596425
2016,ESP,Aluminium,metal,integrated,-0.0888016819924586,-0.0219292396222826,-0.1976094882787474,0.0016835181629902
2016,MEX,Aluminium,metal,integrated,-0.0494571570898953,0.0001475842146685,-0.3440330130610848,0.0014224439497821
2016,CHN,Aluminium,metal,integrated,-0.057629469725932,-0.0160603849565431,-0.3752302881906768,0.0013961672441157
2016,FRA,Aluminium,metal,integrated,-0.0126208882462296,0.0091734753468725,-0.1218702527692483,0.0012144629328226
2016,VNM,Aluminium,metal,integrated,-0.1950865142499674,-0.040721373504657,-0.2989809352355436,0.0011640981300581
2016,IND,Aluminium,metal,integrated,-0.186192214165753,-0.0279406811576178,-0.1840476380399129,0.0010342571070402
2016,POL,Aluminium,metal,integrated,-0.1820060728938967,-0.0247460786034208,-0.0408349307627013,0.0009512933536005
2016,HUN,Aluminium,metal,integrated,-0.1278198329295642,-0.0109745182056951,-4.432618440800059e-05,0.0009041693561934
2016,GRC,Aluminium,metal,integrated,-0.2623712162858252,-0.0357670094377644,-0.3178796324039438,0.0008995704614663
2016,GBR,Aluminium,metal,integrated,-0.0815623820811925,0.0036126136107091,-0.3752133376222614,0.0008754939383394
2016,BEL,Aluminium,metal,integrated,-0.0564542386907625,0.0005191806843809,-0.0255963335153193,0.0008746328489056
2016,CHE,Aluminium,metal,integrated,-0.2883103790010498,-0.1120231770331308,-0.2927317014278897,0.0007855238307594
2016,IDN,Aluminium,metal,integrated,-0.0633718013819461,-0.0191446031442738,-0.1068163771910427,0.0007026306992352
2016,SGP,Aluminium,metal,integrated,-0.1540209218330695,-0.0300050310080532,-0.1558107626105394,0.0006459238008334
2016,SVN,Aluminium,metal,integrated,-0.0503728324550279,-0.0016899140445395,-0.2832954277766003,0.0004816761383858
2016,BGD,Aluminium,metal,integrated,-0.0883045099512834,-0.019482638854571,-0.4379133309715288,0.0004545202347598
2016,DNK,Aluminium,metal,integrated,-0.4491257888026564,-0.0166327896292458,-3.095028076617608e-05,0.0003947648131071
2016,CZE,Aluminium,metal,integrated,-0.0769076686583159,0.0033273234558573,-0.2982459368545203,0.0003489520084602
2016,BGR,Aluminium,metal,integrated,-0.1938617061842703,-0.0149046236676138,-0.1282464096266728,0.0003419941628753
2016,RUS,Aluminium,metal,integrated,-0.6187298828063387,-0.1127174286608857,-0.62388410137925,0.0002910675419318
2016,PAK,Aluminium,metal,integrated,-0.0609542550844515,-0.008625022915252,-0.0943277910145471,0.0002855114684467
2016,LUX,Aluminium,metal,integrated,-0.0534414516084025,0.0009540542600399,-0.0649538947145987,0.0002831235225886
2016,PRT,Aluminium,metal,integrated,-0.3286293018872265,-0.0429936364418259,-0.0066827763076652,0.0002741932093422
2016,SWE,Aluminium,metal,integrated,-0.2182258235962826,-0.0270077565652221,-0.0105529831069304,0.0002712220461405
2016,ARM,Aluminium,metal,integrated,-0.7037199557954198,-0.1148584007227864,-0.7012110834991396,0.0001553227290285
2016,BHR,Aluminium,metal,integrated,-0.0821935534082934,-0.0138122411599303,-0.1268202700492522,0.0001447359095222
2016,HRV,Aluminium,metal,integrated,-0.2968511676636141,-0.0446386501220909,-0.4349327940845041,0.000119611584912
2016,UZB,Aluminium,metal,integrated,-0.652897660906094,-0.1117193289579787,-0.0005817494420705,0.0001120161430084
2016,EGY,Aluminium,metal,integrated,-0.1567212073364759,-0.0173051490814022,-0.2688991503224922,0.0001053400074799
2016,CAN,Aluminium,metal,integrated,-0.3399202683306838,-0.0201879661286029,0.0385070039246779,5.862674587811945e-05
2016,KEN,Aluminium,metal,integrated,-0.1632489179860874,-0.0529737641866149,-0.0645188272783345,5.705523555144386e-05
2016,BLR,Aluminium,metal,integrated,0.0851277474180274,0.0155368696798511,-0.0445484369430858,3.978522199616382e-05
2016,AUS,Aluminium,metal,integrated,-0.4217452656560988,-0.0210177941017276,-0.6259442966835713,3.608001939133664e-05
2016,PHL,Aluminium,metal,integrated,-0.3292894382701918,-0.0147597210478549,-0.2806788187510922,3.4783003744579546e-05
2016,TUN,Aluminium,metal,integrated,-0.2943807138181732,0.0138375362430975,-0.3012304425744687,3.3761290419323705e-05
2016,CHN,Aluminium,ore,direct_partner,-0.1375725170749617,-0.1231418418776317,0.0405527960099422,0.0071770196464916
2016,USA,Aluminium,ore,direct_partner,-0.2139205032065975,-0.1800808728817652,-0.3570589288460862,0.0007257594749889
2016,NLD,Aluminium,ore,direct_partner,-0.2060170304376683,-0.1309718461163963,0.1801654126356681,0.0001692877530821
2016,KOR,Aluminium,ore,direct_partner,-0.4766749467733733,-0.4419676116806893,0.3370464776393535,9.38351164225834e-05
2016,ITA,Aluminium,ore,direct_partner,-0.1267807138621853,-0.1059535433297301,0.0102247811502799,6.499674186108569e-05
2016,RUS,Aluminium,ore,direct_partner,-0.2222758148011473,-0.1718857199029689,-0.1427042661394081,4.911219739268432e-05
2016,KWT,Aluminium,ore,direct_partner,-0.6423085434547136,-0.5706849952835786,-0.2837990803762524,4.01192585499583e-05
2016,JPN,Aluminium,ore,direct_partner,-0.4570343941245449,-0.4233779402163995,0.1328391525465554,3.638857184956938e-05
2016,CHN,Aluminium,ore,integrated,-0.1143452494991285,-0.1067011779399335,-0.0874087406683332,0.0071770196464916
2016,USA,Aluminium,ore,integrated,-0.2006740271164724,-0.1674043611058394,-0.5328144930286007,0.0007257594749889
2016,NLD,Aluminium,ore,integrated,-0.1935600559525302,-0.1136476568476624,-0.5642345698452029,0.0001692877530821
2016,KOR,Aluminium,ore,integrated,-0.3066248443720175,-0.2866001207963141,-0.0032477664204312,9.38351164225834e-05
2016,ITA,Aluminium,ore,integrated,-0.1093287777627165,-0.1106283664611793,-0.3107905621196654,6.499674186108569e-05
2016,RUS,Aluminium,ore,integrated,-0.1706806109707139,-0.1779887259284711,-0.7066107355306472,4.911219739268432e-05
2016,KWT,Aluminium,ore,integrated,-0.5830666850671169,-0.6565687110352765,-0.7001348390714359,4.01192585499583e-05
2016,JPN,Aluminium,ore,integrated,-0.3541797978938206,-0.3262320279585702,-0.1729853108091802,3.638857184956938e-05
2017,USA,Aluminium,metal,direct_partner,-0.2615502610576741,-0.0063773070049202,0.2327732469584682,0.0158101606926479
2017,JPN,Aluminium,metal,direct_partner,-0.0854825624358425,-0.0163668750342522,0.150233528274057,0.0080441703468103
2017,KOR,Aluminium,metal,direct_partner,-0.1521875242572813,-0.0357980764770806,0.0651139893180865,0.0060679076151144
2017,TUR,Aluminium,metal,direct_partner,-0.1524814992028369,-0.0028789272634814,-0.0266232808687907,0.0044585289850898
2017,NLD,Aluminium,metal,direct_partner,-0.201200519390989,-0.010368390385078,0.4939088019423626,0.0039986173259544
2017,ITA,Aluminium,metal,direct_partner,-0.1031840814479196,0.0030487386704919,-0.0684542711056562,0.003529984580738
2017,DEU,Aluminium,metal,direct_partner,-0.1402700232675108,-0.0059726794653816,0.3959600923388346,0.003456777947107
2017,MYS,Aluminium,metal,direct_partner,-0.2027562972328077,-0.0409536318110159,0.044858107557184,0.0020781868142254
2017,THA,Aluminium,metal,direct_partner,-0.1345939523631669,-0.0409720878470704,-0.1056002476035532,0.0019644013713058
2017,ESP,Aluminium,metal,direct_partner,-0.1795626748803557,-0.0231398541288859,0.0591174681527109,0.0018608679035445
2017,NOR,Aluminium,metal,direct_partner,-0.512217047602807,-0.0398444395407511,0.3756106959649396,0.0015599341925308
2017,GRC,Aluminium,metal,direct_partner,-0.2343388927770177,-0.0329617051850771,-0.1358172773050197,0.0014177013040158
2017,VNM,Aluminium,metal,direct_partner,-0.3113753591051257,-0.0874842780695582,0.1639338330711182,0.0012578594964914
2017,MEX,Aluminium,metal,direct_partner,-0.1109990023310796,0.0075382411784995,-0.0216138013498615,0.0011140968605846
2017,GBR,Aluminium,metal,direct_partner,-0.1115660112830023,-0.0014945000063924,0.1887343071376136,0.000926369927149
2017,FRA,Aluminium,metal,direct_partner,-0.0419237991338424,-0.0040796073994751,0.1074705104844462,0.0008617714954585
2017,HUN,Aluminium,metal,direct_partner,-0.1721927153945784,-0.0175095647386619,0.1323743159728742,0.0008432641097086
2017,IDN,Aluminium,metal,direct_partner,-0.1059036270422087,-0.0300241008513325,0.1358762503945009,0.0008315907494847
2017,SGP,Aluminium,metal,direct_partner,-0.2605829543196561,-0.0163461868963915,-0.0468507630731482,0.0007720722283263
2017,CHE,Aluminium,metal,direct_partner,-0.2115443490471278,-0.040438683552227,-0.3169405074050401,0.0006832581346999
2017,POL,Aluminium,metal,direct_partner,-0.2614245048328639,-0.0319591809768407,0.4955741591902032,0.0006314276355774
2017,CHN,Aluminium,metal,direct_partner,-0.0790412306462118,-0.0076732946591232,-0.0653859930337845,0.0005973866928171
2017,IND,Aluminium,metal,direct_partner,-0.1180887812050827,-0.01445514089453,-0.1057251342691373,0.000543020420644
2017,BGD,Aluminium,metal,direct_partner,-0.2775251525658471,-0.0342470986924473,-0.1183197424460686,0.0004607697308276
2017,BGR,Aluminium,metal,direct_partner,-0.3227401150721547,-0.0479624634869682,-0.2587818187408526,0.0004280487137744
2017,SVN,Aluminium,metal,direct_partner,-0.1378428619877089,-0.0124760291558866,-0.2548039119938254,0.000393550417671
2017,DNK,Aluminium,metal,direct_partner,-0.6916867891687546,-0.0363634565665567,0.5442835534298156,0.0003611821126831
2017,RUS,Aluminium,metal,direct_partner,-0.7279227323443607,-0.1094230265249803,-0.2030145592384289,0.0002714761883624
2017,LUX,Aluminium,metal,direct_partner,-0.1822886674378583,-0.0117891902343872,0.3427670687362731,0.0002477329674588
2017,PRT,Aluminium,metal,direct_partner,-0.5391078718233525,-0.093706748075066,0.2860259878835131,0.0002460556017348
2017,SWE,Aluminium,metal,direct_partner,-0.2922842020106879,-0.028678275117272,0.2920572355982522,0.0002382923183197
2017,BHR,Aluminium,metal,direct_partner,-0.1592552077645761,-0.004032338090334,0.1255596450239614,0.0002129353410094
2017,PAK,Aluminium,metal,direct_partner,-0.1205385499047546,-0.0117842527561453,-0.2668614018436854,0.0001982948938037
2017,HRV,Aluminium,metal,direct_partner,-0.4451333736463593,-0.06445407262094,-0.3337490474572668,0.0001781720972604
2017,ARM,Aluminium,metal,direct_partner,-0.7406251946466492,-0.1173241816085281,-0.5559011191079843,0.0001731023826129
2017,UZB,Aluminium,metal,direct_partner,-0.5007685068072336,-0.0821014284212738,0.1192172326615472,0.0001265352406612
2017,ARE,Aluminium,metal,direct_partner,-0.4985192683634677,-0.0874948233289564,0.5594493220862367,9.916320982402496e-05
2017,BLR,Aluminium,metal,direct_partner,-0.2753908691022109,-0.0471058255639473,0.2073669838970265,7.455198826537776e-05
2017,PHL,Aluminium,metal,direct_partner,-0.1996629691755679,-0.0034424879974238,-0.2181487066301182,7.241946271421029e-05
2017,CAN,Aluminium,metal,direct_partner,-0.2586541095534265,-0.0183287296431318,0.1442947924625184,6.412813924660981e-05
2017,AUS,Aluminium,metal,direct_partner,-0.5790653761637166,-0.020528154750788,-0.6567781426562059,5.335759843866727e-05
2017,EGY,Aluminium,metal,direct_partner,-0.2318716027807289,-0.0227055003314625,-0.2037428040095954,5.33211173627909e-05
2017,KAZ,Aluminium,metal,direct_partner,-0.6234304550232137,-0.0800200115987733,-0.4722618922250875,3.804253146508012e-05
2017,KHM,Aluminium,metal,direct_partner,-0.7618121267467998,-0.1898885746715409,0.0,3.090969093698008e-05
2017,UKR,Aluminium,metal,direct_partner,-0.5196222850612282,-0.0783600612759484,-0.2378155981909785,2.879280541819716e-05
2017,KEN,Aluminium,metal,direct_partner,-0.2273001272630068,-0.0494543096281116,0.0717506385565392,2.64540761619258e-05
2017,USA,Aluminium,metal,integrated,-0.1321814932887251,0.008931444358566,-0.1067169855586485,0.0158101606926479
2017,JPN,Aluminium,metal,integrated,-0.0461225245811797,-0.0046314540022844,-0.1693821802249867,0.0080441703468103
2017,KOR,Aluminium,metal,integrated,-0.1184234216711106,-0.0241193583492791,-0.146400589725607,0.0060679076151144
2017,TUR,Aluminium,metal,integrated,-0.1368257724669398,-0.0185914439910595,-0.2196466313233313,0.0044585289850898
2017,NLD,Aluminium,metal,integrated,-0.1081482325689923,0.0066236961399267,-0.282607616688754,0.0039986173259544
2017,ITA,Aluminium,metal,integrated,-0.0857713527156503,-0.0168717978809352,-0.2309081344869089,0.003529984580738
2017,DEU,Aluminium,metal,integrated,-0.0720647820135196,-0.0015462976921614,-0.1182671001173924,0.003456777947107
2017,MYS,Aluminium,metal,integrated,-0.1866470805736546,-0.0391781975597571,-0.0645640852217406,0.0020781868142254
2017,THA,Aluminium,metal,integrated,-0.0893827487653331,-0.0443023528153392,-0.2519955809842653,0.0019644013713058
2017,ESP,Aluminium,metal,integrated,-0.1684399532104925,-0.0405015845164705,-0.1406476550945837,0.0018608679035445
2017,NOR,Aluminium,metal,integrated,-0.3571912207514047,-0.0553954895909984,-0.0228644996895794,0.0015599341925308
2017,GRC,Aluminium,metal,integrated,-0.2310282307769761,-0.0380490800770919,-0.2252318325695197,0.0014177013040158
2017,VNM,Aluminium,metal,integrated,-0.1404495765483497,-0.0411550790624077,-0.3156461058134955,0.0012578594964914
2017,MEX,Aluminium,metal,integrated,-0.0545598976961073,0.0006372766216471,-0.3242889711365362,0.0011140968605846
2017,GBR,Aluminium,metal,integrated,-0.085404918125593,0.0019394596116836,-0.3133540200921335,0.000926369927149
2017,FRA,Aluminium,metal,integrated,-0.0252580068289463,0.0009025398722639,-0.1445919768324403,0.0008617714954585
2017,HUN,Aluminium,metal,integrated,-0.144626933343793,-0.015074564005238,-0.0028928203733934,0.0008432641097086
2017,IDN,Aluminium,metal,integrated,-0.0362046971175543,-0.0124742297106155,-0.0824922822799806,0.0008315907494847
2017,SGP,Aluminium,metal,integrated,-0.2230972195112522,-0.031568127804695,-0.2181014907352728,0.0007720722283263
2017,CHE,Aluminium,metal,integrated,-0.185951780511198,-0.0448501238725237,-0.4302646806476654,0.0006832581346999
2017,POL,Aluminium,metal,integrated,-0.135365389469664,-0.0192699763911857,-0.0424571402988679,0.0006314276355774
2017,CHN,Aluminium,metal,integrated,-0.0366858861797746,-0.0091823622470835,-0.3449046703867289,0.0005973866928171
2017,IND,Aluminium,metal,integrated,-0.0963519665652521,-0.0105893645252711,-0.251967184399633,0.000543020420644
2017,BGD,Aluminium,metal,integrated,-0.1882542555339976,-0.0227512157669434,-0.280005662918173,0.0004607697308276
2017,BGR,Aluminium,metal,integrated,-0.3176075063340929,-0.0450285487799154,-0.2816568165164419,0.0004280487137744
2017,SVN,Aluminium,metal,integrated,-0.1343886711990645,-0.0123848657498149,-0.3255590426131238,0.000393550417671
2017,DNK,Aluminium,metal,integrated,-0.3972528157326935,-0.0177972107137117,-2.3268058538537447e-06,0.0003611821126831
2017,RUS,Aluminium,metal,integrated,-0.7088693281754551,-0.109103666220683,-0.587613170682544,0.0002714761883624
2017,LUX,Aluminium,metal,integrated,-0.1585626942327873,0.0076853088555266,-0.0328118746948367,0.0002477329674588
2017,PRT,Aluminium,metal,integrated,-0.2603810829216245,-0.0566827142796511,-0.0128306932705519,0.0002460556017348
2017,SWE,Aluminium,metal,integrated,-0.1636766038354475,-0.0241972106729028,-0.0131263069653091,0.0002382923183197
2017,BHR,Aluminium,metal,integrated,-0.0125148372809757,-0.0138539136084495,-0.3893361234511627,0.0002129353410094
2017,PAK,Aluminium,metal,integrated,-0.093768305174225,-0.0119805388982912,-0.3298676611452845,0.0001982948938037
2017,HRV,Aluminium,metal,integrated,-0.3840773389123224,-0.062069407811337,-0.4325099180594234,0.0001781720972604
2017,ARM,Aluminium,metal,integrated,-0.7265567043143988,-0.1148310776695604,-0.6358544987403956,0.0001731023826129
2017,UZB,Aluminium,metal,integrated,-0.3756094793511528,-0.0675090999563816,-0.1307827673390645,0.0001265352406612
2017,ARE,Aluminium,metal,integrated,-0.2239806309870135,-0.0521113076307426,-0.0771683083711368,9.916320982402496e-05
2017,BLR,Aluminium,metal,integrated,-0.0408294629523542,-0.0042181306066267,-0.2177771200026941,7.455198826537776e-05
2017,PHL,Aluminium,metal,integrated,-0.1786639838889488,-0.0113434462005897,-0.2160512189324134,7.241946271421029e-05
2017,CAN,Aluminium,metal,integrated,-0.2194500065777473,-0.0187419586083269,-0.0051392147978255,6.412813924660981e-05
2017,AUS,Aluminium,metal,integrated,-0.5625828018559519,-0.025267070068035,-0.7370447391298042,5.335759843866727e-05
2017,EGY,Aluminium,metal,integrated,-0.2174103481500937,-0.0274004494809359,-0.3490581273562142,5.33211173627909e-05
2017,KAZ,Aluminium,metal,integrated,-0.6246590476605867,-0.0956695945402334,-0.6194145249284633,3.804253146508012e-05
2017,KHM,Aluminium,metal,integrated,-0.5682277303685405,-0.1708366408646204,0.0,3.090969093698008e-05
2017,UKR,Aluminium,metal,integrated,-0.4986576582626892,-0.0725994379470718,-0.4653579691973907,2.879280541819716e-05
2017,KEN,Aluminium,metal,integrated,-0.0995915283491837,-0.0090452995740165,-0.1085862318979697,2.64540761619258e-05
2017,CHN,Aluminium,ore,direct_partner,-0.0886147812493806,-0.0825541904238464,0.0960707316967525,0.0082225152508362
2017,USA,Aluminium,ore,direct_partner,-0.2056040710086211,-0.1439332879514616,-0.2204502652004282,0.0004994881056725
2017,CAN,Aluminium,ore,direct_partner,-0.1968198374392037,-0.1628675713168434,-0.278888390562133,0.0003212719636706
2017,NLD,Aluminium,ore,direct_partner,-0.2723922276226437,-0.2128684461232407,-0.0127507194728602,0.0001503573699945
2017,KOR,Aluminium,ore,direct_partner,-0.4614887520693983,-0.4149812905235114,0.3958214519331623,6.681627179479769e-05
2017,GRC,Aluminium,ore,direct_partner,-0.4199924337964572,-0.3554531179014965,-0.3564968581657733,6.377738813169296e-05
2017,SAU,Aluminium,ore,direct_partner,-0.6201094896061798,-0.5345125831439436,-0.2931292712435672,5.4261496112931336e-05
2017,TUR,Aluminium,ore,direct_partner,-0.4426094924247884,-0.4017559742756877,-0.1281955281497984,4.537291791759938e-05
2017,ITA,Aluminium,ore,direct_partner,-0.2722484855770519,-0.2377442995977631,-0.1218524966928852,4.0776318213917385e-05
2017,JPN,Aluminium,ore,direct_partner,-0.399391960765754,-0.3455227791919024,0.0755715025128009,4.043064389896855e-05
2017,IRN,Aluminium,ore,direct_partner,-0.294850933132344,-0.3047401032411821,-0.134813170713626,3.136374079231855e-05
2017,CHN,Aluminium,ore,integrated,0.0036578111621639,0.0017062194702817,-0.0884088375761313,0.0082225152508362
2017,USA,Aluminium,ore,integrated,-0.1686766334378356,-0.1445322424909913,-0.4539816362680502,0.0004994881056725
2017,CAN,Aluminium,ore,integrated,-0.1836101627571908,-0.1575282513989284,-0.3239697553188708,0.0003212719636706
2017,NLD,Aluminium,ore,integrated,-0.2550768738788722,-0.1841951566065749,-0.6521075390124261,0.0001503573699945
2017,KOR,Aluminium,ore,integrated,-0.2474827577962658,-0.2325467268443595,-0.0066479256176198,6.681627179479769e-05
2017,GRC,Aluminium,ore,integrated,-0.3958258818356406,-0.3590118060693162,-0.6068288788706923,6.377738813169296e-05
2017,SAU,Aluminium,ore,integrated,-0.6592737631678919,-0.5544734007995608,-0.4089042558762896,5.4261496112931336e-05
2017,TUR,Aluminium,ore,integrated,-0.42925730833616,-0.4171936185084096,-0.6536726526976614,4.537291791759938e-05
2017,ITA,Aluminium,ore,integrated,-0.2527873204449127,-0.2411356354856994,-0.4712158558494406,4.0776318213917385e-05
2017,JPN,Aluminium,ore,integrated,-0.3337376185334083,-0.2948280601217153,-0.2483781161908606,4.043064389896855e-05
2017,IRN,Aluminium,ore,integrated,-0.2882671759085378,-0.3138028922930585,-0.314585754141271,3.136374079231855e-05
2018,USA,Aluminium,metal,direct_partner,-0.2688954677326534,-0.012123052740953,0.2493885468567249,0.012033660851534
2018,JPN,Aluminium,metal,direct_partner,-0.1015911345557506,-0.0265099286698624,0.1656314752805058,0.0097649356674302
2018,NLD,Aluminium,metal,direct_partner,-0.1410282206844142,-0.0059853549499263,0.3451246358943792,0.0062613428228097
2018,KOR,Aluminium,metal,direct_partner,-0.1705690623455854,-0.0364412610583991,0.0475508992882649,0.0059997903933607
2018,TUR,Aluminium,metal,direct_partner,-0.1083628686319786,-0.0031773762674655,-0.0425087586678811,0.0051920695178235
2018,ITA,Aluminium,metal,direct_partner,-0.0942920003056499,0.007090578793648,-0.1929287385304084,0.0041825095950223
2018,DEU,Aluminium,metal,direct_partner,-0.1209454701425055,-0.004973437470171,0.3428986768966449,0.0039674143738251
2018,MYS,Aluminium,metal,direct_partner,-0.2243085384522784,-0.0382901771267827,0.104490857740744,0.0035394650282295
2018,THA,Aluminium,metal,direct_partner,-0.1254857643411668,-0.0358150733860612,-0.059659901260579,0.0020691098113541
2018,NOR,Aluminium,metal,direct_partner,-0.5298404335551561,-0.0420693894501902,0.4006386509842215,0.0018291533227735
2018,BRA,Aluminium,metal,direct_partner,-0.1771610406289433,-0.0102049179342137,-0.0996500657718467,0.0017383215613967
2018,ESP,Aluminium,metal,direct_partner,-0.1202049007206538,-0.0055413269087628,-0.0177607622952158,0.0016467827321237
2018,GRC,Aluminium,metal,direct_partner,-0.0862054966294646,-0.014307741816701,0.0146608716937222,0.001638109887014
2018,VNM,Aluminium,metal,direct_partner,-0.2280540785847404,-0.0460423537623542,-0.077247935738043,0.001325743469668
2018,GBR,Aluminium,metal,direct_partner,-0.1203270995462689,-0.005818271417901,0.2001948221853496,0.0011667122974167
2018,MEX,Aluminium,metal,direct_partner,-0.229589947526055,-0.0184264239210118,-0.202963938832258,0.0011240729081153
2018,FRA,Aluminium,metal,direct_partner,-0.0133610650223022,-0.0026690268970205,0.0743735908269217,0.0010275131543593
2018,SGP,Aluminium,metal,direct_partner,-0.2945848029907787,-0.0168507986830413,-0.046934405014736,0.0009860638552465
2018,CHE,Aluminium,metal,direct_partner,-0.1023927267980084,-0.00339795163781,-0.1417888341563145,0.0009444878633575
2018,HUN,Aluminium,metal,direct_partner,-0.1868194427434983,-0.0185885506868269,0.1293844143752769,0.0009033413156401
2018,POL,Aluminium,metal,direct_partner,-0.1789675790045118,-0.0056447929612819,0.304495119434797,0.0008901408475959
2018,BEL,Aluminium,metal,direct_partner,-0.1660628366606501,-0.0125298375240926,0.5325086785073713,0.000798375390739
2018,CHN,Aluminium,metal,direct_partner,-0.1230951994292987,-0.012975454855449,-0.1702046754964585,0.0005345789202225
2018,SVN,Aluminium,metal,direct_partner,-0.1283598430147122,-0.0119871867378271,-0.3153190101097687,0.0005323249919273
2018,IDN,Aluminium,metal,direct_partner,-0.1329932168999962,-0.0305610519527907,0.0496082465555092,0.0004392951027719
2018,BGR,Aluminium,metal,direct_partner,-0.2304599154837333,-0.028164705324826,-0.2006466354384276,0.0004206096864613
2018,BGD,Aluminium,metal,direct_partner,-0.2288193419016979,-0.0202551430740504,-0.1049977591874261,0.0004040685440365
2018,IND,Aluminium,metal,direct_partner,-0.1320591443549091,-0.0354809034639775,-0.1794370378218613,0.0003874023039858
2018,DNK,Aluminium,metal,direct_partner,-0.6131059852474019,-0.0291541698933437,0.532533681165046,0.0003666834415802
2018,CZE,Aluminium,metal,direct_partner,-0.0123717518415525,-0.0068776628317429,0.0265145186884267,0.0003571280214987
2018,HRV,Aluminium,metal,direct_partner,-0.1378700246766599,-0.0066762466931556,-0.0677418263680019,0.0003043378533986
2018,LUX,Aluminium,metal,direct_partner,-0.1062310083931239,-0.0077363499976681,0.2127416698205933,0.0002938862103483
2018,RUS,Aluminium,metal,direct_partner,-0.6866316911220818,-0.1107791308540865,-0.1485459651108306,0.0002493618320655
2018,UZB,Aluminium,metal,direct_partner,-0.2904875647696507,-0.044975169109965,-0.0988892972553726,0.000219896515128
2018,PRT,Aluminium,metal,direct_partner,-0.6088345753540859,-0.1193214933172103,0.2559150213619705,0.000212996179282
2018,KAZ,Aluminium,metal,direct_partner,-0.6476484909495872,-0.0832500143650177,-0.2704409127873259,0.0001875987521792
2018,SWE,Aluminium,metal,direct_partner,-0.1841282776884214,-0.0182419660232842,0.2585704441495625,0.0001810079295432
2018,COL,Aluminium,metal,direct_partner,-0.2434611945679098,-0.0408577514283002,-0.2828893993961346,0.0001725331047561
2018,ARE,Aluminium,metal,direct_partner,-0.5640345093489039,-0.0865595598403995,0.6374658331327113,0.0001635253997702
2018,ARM,Aluminium,metal,direct_partner,-0.7230682312992897,-0.119379858191484,-0.5947483838444496,0.000154104342704
2018,CAN,Aluminium,metal,direct_partner,-0.1429134234029309,-0.0106575221432839,-0.032545075070875,0.0001259419038883
2018,BLR,Aluminium,metal,direct_partner,-0.2333468189477145,-0.0430168096789824,0.3415748958486431,0.000108735992084
2018,EGY,Aluminium,metal,direct_partner,-0.3485280456892022,-0.0204277649521706,-0.267172854883221,9.722237644192852e-05
2018,PHL,Aluminium,metal,direct_partner,-0.271168285771341,-0.0099672169125088,-0.2339519257171964,9.13016034030493e-05
2018,AUS,Aluminium,metal,direct_partner,-0.6208274193173606,-0.0169154109934017,-0.6562386470428385,4.672100283508246e-05
2018,UKR,Aluminium,metal,direct_partner,-0.5886023869561811,-0.0946361087184078,-0.3285428001754579,2.95211850452302e-05
2018,JOR,Aluminium,metal,direct_partner,-0.3371531822000296,-0.0644844394558716,-0.0455805443854621,2.894455717649413e-05
2018,KHM,Aluminium,metal,direct_partner,-0.7729744083847996,-0.1765646493100854,0.0,2.867690449257332e-05
2018,USA,Aluminium,metal,integrated,-0.0738089903490427,0.0203831438009349,-0.153950936939725,0.012033660851534
2018,JPN,Aluminium,metal,integrated,-0.0527717006426226,-0.0125269051944333,-0.1692759520959942,0.0097649356674302
2018,NLD,Aluminium,metal,integrated,-0.0719212015009419,-0.0024604796242418,-0.2488440798812226,0.0062613428228097
2018,KOR,Aluminium,metal,integrated,-0.1353614209831297,-0.0287688042740413,-0.0806477470921451,0.0059997903933607
2018,TUR,Aluminium,metal,integrated,-0.0877885893039189,-0.0174245494009064,-0.1954101431604276,0.0051920695178235
2018,ITA,Aluminium,metal,integrated,-0.0671069420418317,-0.0100252760989488,-0.28908685331947,0.0041825095950223
2018,DEU,Aluminium,metal,integrated,-0.0507878267408101,-3.874744177252698e-05,-0.1634514294582441,0.0039674143738251
2018,MYS,Aluminium,metal,integrated,-0.2204190564557285,-0.0406969836710965,-0.0130333910350117,0.0035394650282295
2018,THA,Aluminium,metal,integrated,-0.0825652129852748,-0.041602885538359,-0.2001706588340664,0.0020691098113541
2018,NOR,Aluminium,metal,integrated,-0.3350677321409949,-0.0558496245811847,-0.0433755043752075,0.0018291533227735
2018,BRA,Aluminium,metal,integrated,-0.1323950018260907,-0.0188913015780954,-0.2379520097872412,0.0017383215613967
2018,ESP,Aluminium,metal,integrated,-0.1006309701936945,-0.018728156941171,-0.1297842065826743,0.0016467827321237
2018,GRC,Aluminium,metal,integrated,-0.0702779279730425,-0.0198414674787555,-0.0525577894867459,0.001638109887014
2018,VNM,Aluminium,metal,integrated,-0.1371792116604838,-0.0222046259349094,-0.4070531092368908,0.001325743469668
2018,GBR,Aluminium,metal,integrated,-0.0875611246587914,-0.0060471068925346,-0.2559461389916719,0.0011667122974167
2018,MEX,Aluminium,metal,integrated,-0.1825315560542681,-0.0193947824698638,-0.5331478971940071,0.0011240729081153
2018,FRA,Aluminium,metal,integrated,0.0052446411809304,-0.0009920004085249,-0.1289378906936946,0.0010275131543593
2018,SGP,Aluminium,metal,integrated,-0.2712976975105029,-0.0322224458512239,-0.2332990374001836,0.0009860638552465
2018,CHE,Aluminium,metal,integrated,-0.067528472737811,-0.0125314609152283,-0.1906277132560758,0.0009444878633575
2018,HUN,Aluminium,metal,integrated,-0.161387395744765,-0.0095230194005862,-0.0033714037570161,0.0009033413156401
2018,POL,Aluminium,metal,integrated,-0.083222873527175,-0.0027944557588414,-0.1664868066538705,0.0008901408475959
2018,BEL,Aluminium,metal,integrated,-0.099808275089203,0.0052327056626947,-0.0582202760351442,0.000798375390739
2018,CHN,Aluminium,metal,integrated,-0.0794362475525202,-0.0120184549518212,-0.4612362686864775,0.0005345789202225
2018,SVN,Aluminium,metal,integrated,-0.1097941426479585,-0.0074908427215874,-0.3284045002324056,0.0005323249919273
2018,IDN,Aluminium,metal,integrated,-0.0549038450983719,-0.0214842618129721,-0.1375655880698773,0.0004392951027719
2018,BGR,Aluminium,metal,integrated,-0.2187571501905912,-0.0291997021725418,-0.2313186282899524,0.0004206096864613
2018,BGD,Aluminium,metal,integrated,-0.1437117484446018,-0.0127835165331673,-0.2665908338531995,0.0004040685440365
2018,IND,Aluminium,metal,integrated,-0.1119437138525816,-0.0345314799006405,-0.3435074982183576,0.0003874023039858
2018,DNK,Aluminium,metal,integrated,-0.2829901019291414,-0.0104455791763831,-0.000374280311884,0.0003666834415802
2018,CZE,Aluminium,metal,integrated,0.0250223347746655,0.0096902702457396,-0.247163568854513,0.0003571280214987
2018,HRV,Aluminium,metal,integrated,-0.115560587760984,-0.0114548394566169,-0.162771330386208,0.0003043378533986
2018,LUX,Aluminium,metal,integrated,-0.0950691945409361,0.0093966160395096,-0.0945237141683808,0.0002938862103483
2018,RUS,Aluminium,metal,integrated,-0.686514763938473,-0.113469774860361,-0.477294166897467,0.0002493618320655
2018,UZB,Aluminium,metal,integrated,-0.1756983425289519,-0.0317730002821874,-0.3488418382532266,0.000219896515128
2018,PRT,Aluminium,metal,integrated,-0.2329744149917583,-0.0912988881768964,-0.0292972034647754,0.000212996179282
2018,KAZ,Aluminium,metal,integrated,-0.6167116341410162,-0.0907756470019079,-0.4457759178120403,0.0001875987521792
2018,SWE,Aluminium,metal,integrated,-0.0636812480003253,-0.0121611906296677,-0.0298833568831059,0.0001810079295432
2018,COL,Aluminium,metal,integrated,-0.2020592923322988,-0.0444353219524366,-0.4474366370299486,0.0001725331047561
2018,ARE,Aluminium,metal,integrated,-0.2784378004603177,-0.0517397485659314,-0.0501280981050008,0.0001635253997702
2018,ARM,Aluminium,metal,integrated,-0.7244273315704419,-0.1175714916592296,-0.6177389623675016,0.000154104342704
2018,CAN,Aluminium,metal,integrated,-0.1277304656616336,-0.0118454730538235,-0.1223249856556951,0.0001259419038883
2018,BLR,Aluminium,metal,integrated,0.2666531810522852,0.0488994975069998,-0.1584251041515823,0.000108735992084
2018,EGY,Aluminium,metal,integrated,-0.342034775002669,-0.0292800891516532,-0.3050388989149089,9.722237644192852e-05
2018,PHL,Aluminium,metal,integrated,-0.2425211305515676,-0.0150075030869176,-0.1738708517879558,9.13016034030493e-05
2018,AUS,Aluminium,metal,integrated,-0.6318476782296145,-0.0246674412718433,-0.8148743413422448,4.672100283508246e-05
2018,UKR,Aluminium,metal,integrated,-0.5085155663914515,-0.0799306190553262,-0.4708036852498432,2.95211850452302e-05
2018,JOR,Aluminium,metal,integrated,-0.2851958807664365,-0.0600704683316356,-0.2844048272628898,2.894455717649413e-05
2018,KHM,Aluminium,metal,integrated,-0.56008098070809,-0.1527692961908835,0.0,2.867690449257332e-05
2018,USA,Aluminium,ore,direct_partner,-0.2065923350966059,-0.1480885412460104,-0.1743945429429519,0.0005153398921678
2018,CAN,Aluminium,ore,direct_partner,-0.3553607800640482,-0.3001379763345757,-0.2668250176389544,0.0003653171089245
2018,FRA,Aluminium,ore,direct_partner,-0.070422428222049,-0.056141579074005,-0.1307683346171293,0.0002814128009469
2018,NLD,Aluminium,ore,direct_partner,-0.312313206333097,-0.2599828894101277,-0.0575239661569731,0.0001406024237174
2018,GRC,Aluminium,ore,direct_partner,-0.5079911515306774,-0.4375916152559797,-0.3925997138531837,9.63691414190438e-05
2018,KOR,Aluminium,ore,direct_partner,-0.5291129383290429,-0.4760558785156507,0.4781388430753593,7.578717534363844e-05
2018,JPN,Aluminium,ore,direct_partner,-0.483673281801353,-0.423278626337168,0.2254125826758246,5.3722130544035405e-05
2018,ITA,Aluminium,ore,direct_partner,-0.2695039539169476,-0.2390261901020884,-0.1882764761130244,4.873310636119807e-05
2018,TUR,Aluminium,ore,direct_partner,-0.5812354961721733,-0.5285223984236626,-0.3623588893922959,4.800947593955492e-05
2018,GBR,Aluminium,ore,direct_partner,-0.0827462679214529,-0.0246940284413418,-0.1072014082224815,3.702744274696048e-05
2018,POL,Aluminium,ore,direct_partner,-0.2581585567013556,-0.2520926335070945,-0.1953753060515614,3.585410974622991e-05
2018,BIH,Aluminium,ore,direct_partner,-0.3154763862567643,-0.2676046205233196,0.0665599311404516,3.0079671460092823e-05
2018,KWT,Aluminium,ore,direct_partner,-0.7505638685826388,-0.6857925972012667,-0.3912811710966072,2.730111989609061e-05
2018,USA,Aluminium,ore,integrated,-0.163449297892713,-0.1376384797721513,-0.5100046660575468,0.0005153398921678
2018,CAN,Aluminium,ore,integrated,-0.3273797744416098,-0.2935017640669504,-0.4299955696544744,0.0003653171089245
2018,FRA,Aluminium,ore,integrated,-0.0539445081081972,-0.0206894433013744,-0.4117525469657505,0.0002814128009469
2018,NLD,Aluminium,ore,integrated,-0.2885952657469761,-0.2411863259201993,-0.6691373070920743,0.0001406024237174
2018,GRC,Aluminium,ore,integrated,-0.4721815741901728,-0.4227307295946615,-0.6431115955370765,9.63691414190438e-05
2018,KOR,Aluminium,ore,integrated,-0.3809661910575472,-0.3507429013773066,-0.0121331054533462,7.578717534363844e-05
2018,JPN,Aluminium,ore,integrated,-0.3482078062038949,-0.3212555183579956,-0.2186227511285064,5.3722130544035405e-05
2018,ITA,Aluminium,ore,integrated,-0.2358706255814827,-0.2314886378094142,-0.4438259090155289,4.873310636119807e-05
2018,TUR,Aluminium,ore,integrated,-0.5431719275379239,-0.5210468663892586,-0.7158466360591267,4.800947593955492e-05
2018,GBR,Aluminium,ore,integrated,-0.0698507008381516,0.0071871244469766,-0.4411977067791387,3.702744274696048e-05
2018,POL,Aluminium,ore,integrated,-0.2327713039007375,-0.2365793628975349,-0.7006704099535908,3.585410974622991e-05
2018,BIH,Aluminium,ore,integrated,-0.2995562872837881,-0.2585100567287069,3.6012812064828497e-13,3.0079671460092823e-05
2018,KWT,Aluminium,ore,integrated,-0.6242400192074005,-0.6244204807351919,-0.7762121819279235,2.730111989609061e-05
2019,USA,Aluminium,metal,direct_partner,-0.3404141263291944,-0.0286546085822473,0.3633903121106981,0.0127031853328468
2019,JPN,Aluminium,metal,direct_partner,-0.1029184645160635,-0.0255616814492835,0.1922167364117274,0.0082940845607723
2019,NLD,Aluminium,metal,direct_partner,-0.1500714985715337,-0.0096520956100847,0.3081024806756861,0.0065903789669271
2019,KOR,Aluminium,metal,direct_partner,-0.1728548647510498,-0.031667502323518,0.0495256136936667,0.0062923961928409
2019,TUR,Aluminium,metal,direct_partner,-0.2838606352222778,-0.0324403442936782,-0.0536864298058542,0.0052331297412761
2019,MYS,Aluminium,metal,direct_partner,-0.4201158740099796,-0.0620702743574486,0.0262356753337785,0.0048860829902631
2019,ITA,Aluminium,metal,direct_partner,-0.1385183478608238,0.0023213196031957,0.0391572517094531,0.0036723446943503
2019,DEU,Aluminium,metal,direct_partner,-0.0898139799577582,-0.0028475234631585,0.2894769780877659,0.0036074104072271
2019,THA,Aluminium,metal,direct_partner,-0.1107948925759451,-0.02956459300287,-0.0915360735033599,0.0021079689542152
2019,ESP,Aluminium,metal,direct_partner,-0.1531308948425048,-0.0128607169291422,0.1227912177695536,0.0019893476483204
2019,BRA,Aluminium,metal,direct_partner,-0.1546600062324497,-0.0083635673930254,-0.0474870791486876,0.0019759220868031
2019,SGP,Aluminium,metal,direct_partner,-0.1818726623815937,-0.0083945324771268,0.035977167292857,0.0014609615166609
2019,VNM,Aluminium,metal,direct_partner,-0.302340406603224,-0.0465582060220758,-0.0680894328657761,0.0014276952206037
2019,NOR,Aluminium,metal,direct_partner,-0.5723811384229562,-0.0507697429991619,0.3825076981184519,0.0012782972057294
2019,GRC,Aluminium,metal,direct_partner,-0.0650253199851744,0.000959343493829,0.0444059947872587,0.001272215831436
2019,CHE,Aluminium,metal,direct_partner,-0.1171136087080151,-0.0211895723747604,-0.2345142836698654,0.001054740494049
2019,GBR,Aluminium,metal,direct_partner,-0.1044091309637008,-0.0250056447872816,0.2191476788033744,0.0010516315726264
2019,FRA,Aluminium,metal,direct_partner,-0.0250617265895792,-0.0062625824657891,0.1133799739307439,0.0010127386568663
2019,POL,Aluminium,metal,direct_partner,-0.3120440375739819,-0.0245082970351518,0.3580122288913156,0.0010003323032259
2019,MEX,Aluminium,metal,direct_partner,-0.1061803608524226,0.0224473669898861,0.0394827357253166,0.0009642650912975
2019,HUN,Aluminium,metal,direct_partner,-0.1734934621316173,-0.0140037322110451,0.1129040513210008,0.0008846569911072
2019,BEL,Aluminium,metal,direct_partner,-0.130336094115591,0.0016859027615223,0.4855480379733647,0.0007081427707419
2019,SVN,Aluminium,metal,direct_partner,-0.113091005664437,-0.0066055872305969,-0.286657082389073,0.0005130536095378
2019,CHN,Aluminium,metal,direct_partner,-0.110003387864762,-0.0150380490638071,-0.0787552777234772,0.0005081737648023
2019,BGD,Aluminium,metal,direct_partner,-0.1393131495229544,0.009204274691748,-0.0251182925917127,0.000495461999515
2019,IND,Aluminium,metal,direct_partner,-0.0972783899623193,-0.0493344280961119,0.1258382475781563,0.0004085765447803
2019,CZE,Aluminium,metal,direct_partner,-0.0426468313556173,-0.0087746377454892,0.0355247604658465,0.000392926313748
2019,UZB,Aluminium,metal,direct_partner,-0.3561930347782905,-0.0504418614966751,-0.0464065836184053,0.0003810029305447
2019,BGR,Aluminium,metal,direct_partner,-0.445814109113089,-0.0697709018742931,-0.275674115696305,0.0003774896993156
2019,IDN,Aluminium,metal,direct_partner,-0.1440060452599443,-0.0443339979864385,-0.0061309622376121,0.0003249084036989
2019,KAZ,Aluminium,metal,direct_partner,-0.7276641783522156,-0.0907923709431929,-0.3282192879370758,0.0002516845970173
2019,PRT,Aluminium,metal,direct_partner,-0.5970885171006511,-0.1431212172102766,0.3858882631033605,0.0002414760542473
2019,DNK,Aluminium,metal,direct_partner,-0.7345228996039409,-0.0399972502560986,0.4694041341908123,0.0002358373275426
2019,HRV,Aluminium,metal,direct_partner,-0.4794421332767228,-0.0741882986034535,-0.363192417094038,0.0002327120087113
2019,ARM,Aluminium,metal,direct_partner,-0.7480290887341394,-0.1158033593035861,-0.5256314266599118,0.0002094175124846
2019,SWE,Aluminium,metal,direct_partner,-0.1828184619814658,-0.0101555555576075,0.2962202279952562,0.0001987005897945
2019,RUS,Aluminium,metal,direct_partner,-0.6122466542924703,-0.0947199967393448,-0.2879608823973183,0.0001841415681016
2019,BLR,Aluminium,metal,direct_partner,-0.2682987961828447,-0.0502546877230546,0.3662641097481225,0.0001272702651506
2019,EGY,Aluminium,metal,direct_partner,-0.3760407458750693,-0.0270169609789287,-0.263450051520524,0.0001253854415237
2019,PAK,Aluminium,metal,direct_partner,-0.2417030027395892,-0.0298599635784392,-0.1990467842512935,0.0001113497638528
2019,CAN,Aluminium,metal,direct_partner,-0.2650796060895654,-0.0161439406623391,-0.0988130786452541,0.0001103058504621
2019,ARE,Aluminium,metal,direct_partner,-0.7576585972208325,-0.0569950724474955,0.7373717883834419,0.0001042972608763
2019,PHL,Aluminium,metal,direct_partner,-0.202998057145427,-0.0196349908178853,-0.239366717591182,6.566031402539108e-05
2019,TUN,Aluminium,metal,direct_partner,-0.2751484109849633,-0.0305878388980432,-0.1890467067104261,4.618961360237063e-05
2019,AUS,Aluminium,metal,direct_partner,-0.643050592244922,-0.0135501499443591,-0.7011245615999744,4.128363638859248e-05
2019,USA,Aluminium,metal,integrated,-0.0849469905897319,0.0184954528669111,-0.0943511698671798,0.0127031853328468
2019,JPN,Aluminium,metal,integrated,-0.0555533725345306,-0.0132004452188118,-0.1560061642978111,0.0082940845607723
2019,NLD,Aluminium,metal,integrated,-0.0863905915465842,-0.0140685214911294,-0.2872012799452623,0.0065903789669271
2019,KOR,Aluminium,metal,integrated,-0.1349619069673989,-0.0276745801047702,-0.0430404481476086,0.0062923961928409
2019,TUR,Aluminium,metal,integrated,-0.2577906810948059,-0.0513541742097015,-0.2246770073158804,0.0052331297412761
2019,MYS,Aluminium,metal,integrated,-0.4197429056894387,-0.0701446193400132,-0.1079231537640443,0.0048860829902631
2019,ITA,Aluminium,metal,integrated,-0.1065303783898406,-0.0203131515753871,-0.1725250855000132,0.0036723446943503
2019,DEU,Aluminium,metal,integrated,-0.0366223319204397,-0.0062003528380069,-0.1768864065654539,0.0036074104072271
2019,THA,Aluminium,metal,integrated,-0.0572112946014456,-0.0374735665360994,-0.2225853207705936,0.0021079689542152
2019,ESP,Aluminium,metal,integrated,-0.1235525914107476,-0.0315481799558331,-0.1029730629224845,0.0019893476483204
2019,BRA,Aluminium,metal,integrated,-0.1197324980201695,-0.0231332950933104,-0.1791356743511544,0.0019759220868031
2019,SGP,Aluminium,metal,integrated,-0.1333720066955397,-0.0216826176182857,-0.1220712444227928,0.0014609615166609
2019,VNM,Aluminium,metal,integrated,-0.2055811159396686,-0.0274915506170352,-0.4326040279166059,0.0014276952206037
2019,NOR,Aluminium,metal,integrated,-0.3460500835124642,-0.0717196131720789,-0.0272586765718555,0.0012782972057294
2019,GRC,Aluminium,metal,integrated,-0.0660570609408012,-0.0012872062704195,-0.1111198628995916,0.001272215831436
2019,CHE,Aluminium,metal,integrated,-0.0789271587882928,-0.0320401816573665,-0.3117827477645213,0.001054740494049
2019,GBR,Aluminium,metal,integrated,-0.0523408367003693,-0.0193082306505067,-0.3331481615200304,0.0010516315726264
2019,FRA,Aluminium,metal,integrated,-0.0022548459615765,-0.0051803088167243,-0.1322082127241304,0.0010127386568663
2019,POL,Aluminium,metal,integrated,-0.1231459191058141,-0.0149949296474709,-0.1906116669415988,0.0010003323032259
2019,MEX,Aluminium,metal,integrated,-0.0463867655861963,0.0146910567234857,-0.2834219319362211,0.0009642650912975
2019,HUN,Aluminium,metal,integrated,-0.1322112068160021,-0.0106598087065654,-0.0044783269671589,0.0008846569911072
2019,BEL,Aluminium,metal,integrated,-0.0734437223782163,0.0091354591546002,-0.0127838176057672,0.0007081427707419
2019,SVN,Aluminium,metal,integrated,-0.0945312788833471,-0.0066562688682142,-0.3352472570267493,0.0005130536095378
2019,CHN,Aluminium,metal,integrated,-0.0587555613879434,-0.019286156320312,-0.399610900896457,0.0005081737648023
2019,BGD,Aluminium,metal,integrated,-0.0377411059099307,0.0028808903178761,-0.2234188157177197,0.000495461999515
2019,IND,Aluminium,metal,integrated,-0.0500195212758218,-0.0426521723772256,-0.1203413257792144,0.0004085765447803
2019,CZE,Aluminium,metal,integrated,0.0040002702263026,0.0068242598165511,-0.2373753786465109,0.000392926313748
2019,UZB,Aluminium,metal,integrated,-0.2252087607997255,-0.0374101038212514,-0.2876386441066139,0.0003810029305447
2019,BGR,Aluminium,metal,integrated,-0.4202180303004726,-0.0733074103274359,-0.3004533368666605,0.0003774896993156
2019,IDN,Aluminium,metal,integrated,-0.0809274482799353,-0.0404747476540856,-0.1968066079859556,0.0003249084036989
2019,KAZ,Aluminium,metal,integrated,-0.6435025258098718,-0.0997910053006864,-0.5018131871406868,0.0002516845970173
2019,PRT,Aluminium,metal,integrated,-0.2734299547122738,-0.1046053874715279,-0.008653850557437,0.0002414760542473
2019,DNK,Aluminium,metal,integrated,-0.4485973450731935,-0.0158711847558734,-0.0003118091614142,0.0002358373275426
2019,HRV,Aluminium,metal,integrated,-0.3851439438261763,-0.0685041687823661,-0.4643938442032021,0.0002327120087113
2019,ARM,Aluminium,metal,integrated,-0.7252827210893507,-0.1172408379387211,-0.6382629159324082,0.0002094175124846
2019,SWE,Aluminium,metal,integrated,-0.0746945543359303,-0.0060351165385794,-0.0316852865395604,0.0001987005897945
2019,RUS,Aluminium,metal,integrated,-0.5206510984719629,-0.0855827467981493,-0.5918778066437049,0.0001841415681016
2019,BLR,Aluminium,metal,integrated,0.2317012038171546,0.0426903257245517,-0.1337358902493684,0.0001272702651506
2019,EGY,Aluminium,metal,integrated,-0.3371621350573937,-0.0343101578308525,-0.3888820139321567,0.0001253854415237
2019,PAK,Aluminium,metal,integrated,-0.1854222406126123,-0.0355052934897891,-0.3074009293695096,0.0001113497638528
2019,CAN,Aluminium,metal,integrated,-0.2454389046211016,-0.0178204831459417,-0.2126739903938141,0.0001103058504621
2019,ARE,Aluminium,metal,integrated,-0.399609567982164,-0.0327544861700083,-0.0286743045736989,0.0001042972608763
2019,PHL,Aluminium,metal,integrated,-0.1798979428447774,-0.0225907573476425,-0.2246631478130621,6.566031402539108e-05
2019,TUN,Aluminium,metal,integrated,-0.2536717213908672,-0.0316640178560137,-0.2894618673421985,4.618961360237063e-05
2019,AUS,Aluminium,metal,integrated,-0.6130457212338736,-0.0200836422012568,-0.7663734163801867,4.128363638859248e-05
2019,USA,Aluminium,ore,direct_partner,-0.2128358044886563,-0.1595232173718893,-0.2184727811559044,0.0006227374207644
2019,CAN,Aluminium,ore,direct_partner,-0.3350313006894318,-0.2788659340396351,-0.2576471643354298,0.0004496173466761
2019,GRC,Aluminium,ore,direct_partner,-0.5904001136825193,-0.518904420906145,-0.4926617260041563,0.0001317120032159
2019,NLD,Aluminium,ore,direct_partner,-0.3949035649878949,-0.3321392166698035,-0.0965072519957327,0.0001300492343063
2019,KOR,Aluminium,ore,direct_partner,-0.525831936580819,-0.4787680165764962,0.4656989381241953,9.674075400460944e-05
2019,JPN,Aluminium,ore,direct_partner,-0.4599655339082707,-0.4069139981867207,0.1164320335226816,7.12656719557835e-05
2019,GBR,Aluminium,ore,direct_partner,-0.1178089524628208,-0.0205283948649827,0.0675201687875072,6.940639733719677e-05
2019,SAU,Aluminium,ore,direct_partner,-0.8084385657943403,-0.7122733973445867,-0.3497553948039733,6.477738443834756e-05
2019,TUR,Aluminium,ore,direct_partner,-0.7552824932031412,-0.6901391649566126,-0.4433905291587818,4.9460581124455405e-05
2019,ITA,Aluminium,ore,direct_partner,-0.2219311686263537,-0.1928638548791672,-0.2224671922307006,4.879897057517322e-05
2019,HRV,Aluminium,ore,direct_partner,-0.2049531957957728,-0.1791652833160749,-0.2018216305334284,3.327685876628353e-05
2019,USA,Aluminium,ore,integrated,-0.1776482222775955,-0.1524565524322773,-0.5331495945769005,0.0006227374207644
2019,CAN,Aluminium,ore,integrated,-0.312929888968994,-0.2730407568404172,-0.4198798402674471,0.0004496173466761
2019,GRC,Aluminium,ore,integrated,-0.562445693354093,-0.5042871617777597,-0.6867512613950661,0.0001317120032159
2019,NLD,Aluminium,ore,integrated,-0.3598782100531208,-0.297622214272644,-0.7898332756434568,0.0001300492343063
2019,KOR,Aluminium,ore,integrated,-0.3940663096949884,-0.3666954675385573,-0.0053165350121329,9.674075400460944e-05
2019,JPN,Aluminium,ore,integrated,-0.3805525497699266,-0.3413797533006914,-0.2920900799598719,7.12656719557835e-05
2019,GBR,Aluminium,ore,integrated,-0.0990482649208171,0.0078070209694914,-0.3266478937889371,6.940639733719677e-05
2019,SAU,Aluminium,ore,integrated,-0.825203433229906,-0.726511562813086,-0.4742929910438673,6.477738443834756e-05
2019,TUR,Aluminium,ore,integrated,-0.6990551262565248,-0.6760180209357238,-0.8317833049068774,4.9460581124455405e-05
2019,ITA,Aluminium,ore,integrated,-0.1942672542285822,-0.1900641778746334,-0.4596218519180258,4.879897057517322e-05
2019,HRV,Aluminium,ore,integrated,-0.1740717000405859,-0.1713614205874608,-0.4123705099018491,3.327685876628353e-05
2020,USA,Aluminium,metal,direct_partner,-0.47418427910827,-0.0358260284549436,0.3484540377330193,0.0112728856042666
2020,MYS,Aluminium,metal,direct_partner,-0.2306816873902316,-0.0378697828747274,-0.0049569305069496,0.0082322610724304
2020,NLD,Aluminium,metal,direct_partner,-0.1288995019677908,-0.01267126462889,0.2153158965334326,0.0079862980747726
2020,JPN,Aluminium,metal,direct_partner,-0.0916764208987405,-0.0096145421409192,0.1876300624140572,0.006117507292046
2020,KOR,Aluminium,metal,direct_partner,-0.1852150450835984,-0.0356702886957828,0.1293775679959522,0.0060832593369484
2020,CHN,Aluminium,metal,direct_partner,-0.1239971617894555,-0.0124782150778288,-0.2235424575682998,0.0049801633601992
2020,TUR,Aluminium,metal,direct_partner,-0.2488250867285962,-0.0188321698260427,0.009803061782401,0.0043846089253339
2020,DEU,Aluminium,metal,direct_partner,-0.0662893456238215,3.290947356532348e-05,0.2210916003925693,0.00295689958357
2020,ITA,Aluminium,metal,direct_partner,-0.1107315581713622,0.0079968986917486,0.0507424694423545,0.0029011259200463
2020,ESP,Aluminium,metal,direct_partner,-0.2364916300842514,-0.0160586530724401,0.086478317830174,0.0025427938278046
2020,SGP,Aluminium,metal,direct_partner,-0.2714039953889975,-0.0461106484945932,-0.0612176240855452,0.0016902754781986
2020,GBR,Aluminium,metal,direct_partner,-0.3077986077177673,-0.0261377057523798,-0.0387675280321274,0.00165022378096
2020,THA,Aluminium,metal,direct_partner,-0.1146347960458461,-0.0303606708073042,-0.0931564753054572,0.0015696519746476
2020,BRA,Aluminium,metal,direct_partner,-0.1272292931957399,-0.0046944544014643,-0.0349077767579691,0.0014700512432608
2020,GRC,Aluminium,metal,direct_partner,-0.0682573437473532,0.0038804864360633,0.0060677277267375,0.00140572132101
2020,VNM,Aluminium,metal,direct_partner,-0.2581290138429839,-0.0429367221422739,-0.0039983172746103,0.0013592874207197
2020,POL,Aluminium,metal,direct_partner,-0.1766313462307107,-0.0072411370541384,0.3702228112831956,0.001041133279454
2020,NOR,Aluminium,metal,direct_partner,-0.4341656422806753,-0.0379556537152578,0.3080777024391868,0.0009047622796889
2020,FRA,Aluminium,metal,direct_partner,-0.0794691149448958,-0.0203886441260745,0.2125772567200227,0.000743821926326
2020,CHE,Aluminium,metal,direct_partner,-0.1460010862428257,-0.0539752891942107,-0.2792453586537421,0.0007110542276427
2020,BEL,Aluminium,metal,direct_partner,-0.1314721506367357,-0.0022626823828934,0.3949426519921941,0.0006257291357755
2020,HUN,Aluminium,metal,direct_partner,-0.2475667987677349,-0.0030036532764545,0.1281581578359359,0.0005372940536947
2020,IND,Aluminium,metal,direct_partner,-0.1027290772896835,-0.0367831176701236,-0.0957136176284323,0.0004887222365527
2020,SVN,Aluminium,metal,direct_partner,-0.1506873265635017,-0.0009101237944686,-0.2393165657726867,0.0004393785161072
2020,MEX,Aluminium,metal,direct_partner,-0.1337511620304093,0.0216684445398825,0.17027780994447,0.0003918781093324
2020,BGD,Aluminium,metal,direct_partner,-0.140187195958536,0.0055648279281818,-0.1212047402839233,0.0003506036095213
2020,BGR,Aluminium,metal,direct_partner,-0.6162972085240553,-0.09150482597462,-0.3657227605430065,0.000307129900394
2020,CZE,Aluminium,metal,direct_partner,-0.0732720876900377,-0.0060194882071395,0.04589103749322,0.0003069502592751
2020,UZB,Aluminium,metal,direct_partner,-0.2924690669979992,-0.0359448729238683,-0.1426630177103805,0.00023132905607
2020,HRV,Aluminium,metal,direct_partner,-0.4956676639365744,-0.0795127850328393,-0.3738043188871344,0.0002171048314543
2020,KAZ,Aluminium,metal,direct_partner,-0.6879291676802974,-0.086504270246453,-0.2887132935030879,0.0002136284884295
2020,IDN,Aluminium,metal,direct_partner,-0.1416248634996548,-0.0498367197415679,0.1298115258104881,0.000205061538874
2020,PRT,Aluminium,metal,direct_partner,-0.5248090831464816,-0.1464498881113266,0.3835913395453427,0.0001801298654229
2020,SWE,Aluminium,metal,direct_partner,-0.1288977012817156,-0.0062497293693692,0.3238339087242179,0.0001568279955664
2020,ARM,Aluminium,metal,direct_partner,-0.746405516032463,-0.1115789212804691,-0.5346144669501376,0.0001410138053337
2020,ARE,Aluminium,metal,direct_partner,-0.7307792898740787,-0.0521911122233698,0.8232177328862194,0.0001182517904502
2020,EGY,Aluminium,metal,direct_partner,-0.3573164484269447,-0.0797627405962439,-0.2664988573102922,9.606973252584004e-05
2020,PAK,Aluminium,metal,direct_partner,-0.222991979015344,-0.0320588931975988,-0.2048145344144317,9.153249092210832e-05
2020,RUS,Aluminium,metal,direct_partner,-0.2362732158288062,-0.0277609197729667,-0.1306314079400309,6.732744786239948e-05
2020,BHR,Aluminium,metal,direct_partner,-0.3362469648637593,0.0009050760979726,0.4346610602085418,5.546786880853729e-05
2020,BLR,Aluminium,metal,direct_partner,-0.4999985140533981,-0.092910452754625,0.4999992570261528,5.309682331556088e-05
2020,DZA,Aluminium,metal,direct_partner,-0.2339266238547283,-0.0516367145445388,-0.2592367076313197,4.488987215888063e-05
2020,AUS,Aluminium,metal,direct_partner,-0.5848609435733642,-0.008280764899982,-0.6523704939315085,4.035396273615465e-05
2020,SVK,Aluminium,metal,direct_partner,-0.2188786306862536,-0.035589616464403,0.301677512049122,3.990649254351452e-05
2020,USA,Aluminium,metal,integrated,-0.1888892136551992,0.0089479186945635,-0.0837095473381143,0.0112728856042666
2020,MYS,Aluminium,metal,integrated,-0.218322189721319,-0.0416923891198086,-0.0845547744888161,0.0082322610724304
2020,NLD,Aluminium,metal,integrated,-0.0781828625489728,-0.0210311348758673,-0.2532499366996517,0.0079862980747726
2020,JPN,Aluminium,metal,integrated,-0.0482175031399833,-0.0023462551319667,-0.2033374423808989,0.006117507292046
2020,KOR,Aluminium,metal,integrated,-0.151154098307878,-0.030427510553476,-0.0791354490314406,0.0060832593369484
2020,CHN,Aluminium,metal,integrated,-0.0783487789694222,-0.0165186871170341,-0.5078318348119646,0.0049801633601992
2020,TUR,Aluminium,metal,integrated,-0.2099031861212904,-0.0409539951709127,-0.212603336507467,0.0043846089253339
2020,DEU,Aluminium,metal,integrated,-0.0282823873466864,-0.0058660151446579,-0.2093664385232673,0.00295689958357
2020,ITA,Aluminium,metal,integrated,-0.0769360568142961,-0.0155035009098596,-0.1928184253403855,0.0029011259200463
2020,ESP,Aluminium,metal,integrated,-0.1998930971417088,-0.0386148279789607,-0.1381178469582181,0.0025427938278046
2020,SGP,Aluminium,metal,integrated,-0.2356916695639491,-0.0595590925217126,-0.2290634564499165,0.0016902754781986
2020,GBR,Aluminium,metal,integrated,-0.2199791792505446,-0.042924662017315,-0.3712512568423338,0.00165022378096
2020,THA,Aluminium,metal,integrated,-0.0705166614099741,-0.0348485783691051,-0.2277867361156305,0.0015696519746476
2020,BRA,Aluminium,metal,integrated,-0.0979576198943387,-0.0207397432883034,-0.1750423069220343,0.0014700512432608
2020,GRC,Aluminium,metal,integrated,-0.0623523407824767,-0.0067528202765243,-0.1151728585082178,0.00140572132101
2020,VNM,Aluminium,metal,integrated,-0.1532025645488819,-0.0230931813255739,-0.4068199916849244,0.0013592874207197
2020,POL,Aluminium,metal,integrated,-0.0646229218667572,-0.0041942044641384,-0.1854306527103659,0.001041133279454
2020,NOR,Aluminium,metal,integrated,-0.2532117476948408,-0.0535002487579385,-0.075463382510045,0.0009047622796889
2020,FRA,Aluminium,metal,integrated,-0.0525363606199005,-0.0148074355262398,-0.1139865091329341,0.000743821926326
2020,CHE,Aluminium,metal,integrated,-0.1004011329851192,-0.0631131106943684,-0.3771405696852049,0.0007110542276427
2020,BEL,Aluminium,metal,integrated,-0.0715802730172096,0.0032989506139368,-0.150338338555845,0.0006257291357755
2020,HUN,Aluminium,metal,integrated,-0.1828759191938899,-0.0050855064046641,-7.181864291707449e-05,0.0005372940536947
2020,IND,Aluminium,metal,integrated,-0.0645042978196959,-0.0381714902300304,-0.2820009125415477,0.0004887222365527
2020,SVN,Aluminium,metal,integrated,-0.1242011976351794,-0.0042816746907743,-0.3159610176888122,0.0004393785161072
2020,MEX,Aluminium,metal,integrated,-0.0568860297710336,0.0147461374682138,-0.2228420023336118,0.0003918781093324
2020,BGD,Aluminium,metal,integrated,-0.0418392723034496,-0.0056557125691683,-0.3174677515331535,0.0003506036095213
2020,BGR,Aluminium,metal,integrated,-0.5805031002240604,-0.0995113291930512,-0.3989437999137935,0.000307129900394
2020,CZE,Aluminium,metal,integrated,-0.0239880649253457,0.0090938320655977,-0.2594804003106907,0.0003069502592751
2020,UZB,Aluminium,metal,integrated,-0.1477126048431312,-0.0218819017736001,-0.3904402821875434,0.00023132905607
2020,HRV,Aluminium,metal,integrated,-0.4289940464908195,-0.0779128493145987,-0.501652848239887,0.0002171048314543
2020,KAZ,Aluminium,metal,integrated,-0.624801836620009,-0.0910448724825874,-0.4853358934385754,0.0002136284884295
2020,IDN,Aluminium,metal,integrated,-0.0345936601784203,-0.0278220357550257,-0.1150030888051705,0.000205061538874
2020,PRT,Aluminium,metal,integrated,-0.2248802865119177,-0.1066995701361735,-0.0014569806411394,0.0001801298654229
2020,SWE,Aluminium,metal,integrated,-0.0407804853343991,-0.0004018987727791,-0.0183546792557133,0.0001568279955664
2020,ARM,Aluminium,metal,integrated,-0.705861365955573,-0.1156216634331896,-0.6911841333637516,0.0001410138053337
2020,ARE,Aluminium,metal,integrated,-0.3448598317850783,-0.0275044511815673,-0.0189949312318522,0.0001182517904502
2020,EGY,Aluminium,metal,integrated,-0.3160984804090911,-0.0878153262465409,-0.4037074219731299,9.606973252584004e-05
2020,PAK,Aluminium,metal,integrated,-0.1597128479080362,-0.0433286393680788,-0.2723455554401459,9.153249092210832e-05
2020,RUS,Aluminium,metal,integrated,-0.2009850191202432,-0.0150991007566175,-0.3739452977732204,6.732744786239948e-05
2020,BHR,Aluminium,metal,integrated,-0.1648962622736229,0.0046866572743888,-0.1301657080493083,5.546786880853729e-05
2020,BLR,Aluminium,metal,integrated,3.930189507173054e-14,9.825473767932635e-15,0.0,5.309682331556088e-05
2020,DZA,Aluminium,metal,integrated,-0.2019990275083754,-0.0598881838331344,-0.3777832116714667,4.488987215888063e-05
2020,AUS,Aluminium,metal,integrated,-0.5410926064911286,-0.0126856059907653,-0.7458472118469068,4.035396273615465e-05
2020,SVK,Aluminium,metal,integrated,-0.1056501952771448,-0.0156355662052774,-0.0157854658554162,3.990649254351452e-05
2020,USA,Aluminium,ore,direct_partner,-0.2486195314128628,-0.2055482961545695,-0.244957547852018,0.0004859886163018
2020,CAN,Aluminium,ore,direct_partner,-0.2158763146268299,-0.1708118103410367,-0.2372280189497574,0.0003747707445967
2020,GRC,Aluminium,ore,direct_partner,-0.4525056672610766,-0.3883550450825861,-0.4128071511485986,0.0001378360134796
2020,NLD,Aluminium,ore,direct_partner,-0.4186178126090804,-0.3526676253940338,-0.0126058969363231,9.836993572820168e-05
2020,KOR,Aluminium,ore,direct_partner,-0.4898016703164705,-0.4314905314500005,0.5062156699240291,7.791921544008401e-05
2020,SAU,Aluminium,ore,direct_partner,-0.5735556296286912,-0.5032579116705254,-0.2380217259470457,5.919857343714899e-05
2020,GBR,Aluminium,ore,direct_partner,-0.1091387602932683,-0.0445332520152612,-0.0152161182791559,5.2495138757242775e-05
2020,TUR,Aluminium,ore,direct_partner,-0.5785942221642948,-0.54701220802044,-0.3392506168647517,4.766208924402984e-05
2020,JPN,Aluminium,ore,direct_partner,-0.4861263012686165,-0.4327101029093155,0.1302732496983974,4.388440626883397e-05
2020,POL,Aluminium,ore,direct_partner,-0.1621063877015599,-0.0463782051948304,0.1248949789505142,4.233208766236762e-05
2020,IRN,Aluminium,ore,direct_partner,-0.2192553724054789,-0.2405844278529624,-0.1514289734142606,3.709822463752558e-05
2020,MEX,Aluminium,ore,direct_partner,-0.3355571243459131,-0.2724550040033159,0.0793447447853841,3.1658972075066045e-05
2020,ITA,Aluminium,ore,direct_partner,-0.2171952199872766,-0.189824235777859,-0.2341915774732617,3.039909299330545e-05
2020,USA,Aluminium,ore,integrated,-0.2237114670768959,-0.1943627392152749,-0.4666971390359462,0.0004859886163018
2020,CAN,Aluminium,ore,integrated,-0.1915623735553911,-0.171594987829337,-0.3754716667457984,0.0003747707445967
2020,GRC,Aluminium,ore,integrated,-0.4288487583782362,-0.3731317437350306,-0.5821885019995078,0.0001378360134796
2020,NLD,Aluminium,ore,integrated,-0.3824379744105497,-0.3396749031520084,-0.6963264381074931,9.836993572820168e-05
2020,KOR,Aluminium,ore,integrated,-0.3227550006801226,-0.2879409844393291,-0.0110363739356955,7.791921544008401e-05
2020,SAU,Aluminium,ore,integrated,-0.5666981420089974,-0.5054775467672772,-0.3220573211278477,5.919857343714899e-05
2020,GBR,Aluminium,ore,integrated,-0.0914711669081593,-0.0280567020239509,-0.3364065537195509,5.2495138757242775e-05
2020,TUR,Aluminium,ore,integrated,-0.5623989662282004,-0.5380554007647078,-0.6343631259996649,4.766208924402984e-05
2020,JPN,Aluminium,ore,integrated,-0.3659870269172258,-0.3213379894861223,-0.2833635688254669,4.388440626883397e-05
2020,POL,Aluminium,ore,integrated,-0.1322211345737934,-0.037045726753429,-0.3445631406424657,4.233208766236762e-05
2020,IRN,Aluminium,ore,integrated,-0.1768419251547451,-0.2257513896195998,-0.3260855172892425,3.709822463752558e-05
2020,MEX,Aluminium,ore,integrated,-0.2890784197434264,-0.2342485719858078,-0.3216331236283733,3.1658972075066045e-05
2020,ITA,Aluminium,ore,integrated,-0.1841149254353002,-0.1918872608540406,-0.4457110572316525,3.039909299330545e-05
2021,USA,Aluminium,metal,direct_partner,-0.4381929400861163,-0.046275240055371,0.3218979926331242,0.0108884034206979
2021,CHN,Aluminium,metal,direct_partner,-0.2033818757484421,-0.0338855335494365,-0.348082147917675,0.0090985760891871
2021,TUR,Aluminium,metal,direct_partner,-0.1107407416606811,-6.982031383180598e-05,0.0446962529321491,0.0073578947770616
2021,JPN,Aluminium,metal,direct_partner,-0.0819141110497623,-0.0180230845378011,0.1572121805541422,0.0069252562773348
2021,KOR,Aluminium,metal,direct_partner,-0.2621026139934233,-0.0519408538990222,0.0451578245707995,0.0059929339249741
2021,NLD,Aluminium,metal,direct_partner,-0.1261442638356157,-0.0079778139113853,0.3293772408911207,0.0049609189367359
2021,DEU,Aluminium,metal,direct_partner,-0.0794604341034241,-0.0077056368356523,0.3014529707546471,0.0032404981649451
2021,ITA,Aluminium,metal,direct_partner,-0.0572398358741736,0.0097555038959695,-0.0485837939676704,0.0030328189683471
2021,THA,Aluminium,metal,direct_partner,-0.1071310779530881,-0.032761225967752,-0.0777926406150077,0.0021545591288122
2021,BRA,Aluminium,metal,direct_partner,-0.0947289373774762,-0.0015281741581469,-0.1376886722664638,0.00213415743373
2021,GBR,Aluminium,metal,direct_partner,-0.2401218263289575,-0.0162025315455077,0.0237449524706011,0.0019090151696531
2021,VNM,Aluminium,metal,direct_partner,-0.1698335823366866,-0.0248508511842422,-0.0841121728213375,0.0017882786465465
2021,MYS,Aluminium,metal,direct_partner,-0.1735982830024844,-0.0441135383667506,-0.0024185436901513,0.0015164964418928
2021,ESP,Aluminium,metal,direct_partner,-0.1652899917268556,-0.009739362224932,0.0126443200898579,0.0014723827897082
2021,GRC,Aluminium,metal,direct_partner,-0.0699149390098098,-0.0006364307744063,0.0648438738205866,0.0014142769381516
2021,MEX,Aluminium,metal,direct_partner,-0.2023772502378645,-0.0076461829993373,-0.0108333135368517,0.0013011049208348
2021,NOR,Aluminium,metal,direct_partner,-0.4544677112645224,-0.0350521238403321,0.3273375260033336,0.0012331190013616
2021,FRA,Aluminium,metal,direct_partner,-0.0794321082885403,-0.0120578638769117,0.2435953921527951,0.0009554815470362
2021,CHE,Aluminium,metal,direct_partner,-0.0698813161442044,-0.0041881936149791,-0.1965090834574504,0.0009201843817909
2021,POL,Aluminium,metal,direct_partner,-0.0907723543625285,-0.0027108692536852,0.3453975784376528,0.0008291059150893
2021,BEL,Aluminium,metal,direct_partner,-0.0921268216727272,-0.0045146240548389,0.4561037130329929,0.000756784855975
2021,SGP,Aluminium,metal,direct_partner,-0.3435536875630711,-0.0365550414529978,-0.0464258631006997,0.0007108478041072
2021,HUN,Aluminium,metal,direct_partner,-0.4143645231494652,-0.0253487007660175,0.1468549880757478,0.0007045897292434
2021,SVN,Aluminium,metal,direct_partner,-0.1293217183414157,-0.0029056758612271,-0.2263386894073206,0.0005589899233252
2021,HRV,Aluminium,metal,direct_partner,-0.2650736714174195,-0.0455185192157732,-0.0868565379817376,0.0005324684950184
2021,IDN,Aluminium,metal,direct_partner,-0.0846671784674019,-0.0256099709696287,0.0824568150284942,0.0004617014368006
2021,BGR,Aluminium,metal,direct_partner,-0.3539983865607424,-0.0498085369602943,-0.2830410314850435,0.0003424250854073
2021,IND,Aluminium,metal,direct_partner,-0.1048333004271906,-0.024291912362599,-0.1363622952279153,0.0003259585548699
2021,BGD,Aluminium,metal,direct_partner,-0.1839828486499036,-0.0106389006030329,-0.2416892520997083,0.0002463553775457
2021,UZB,Aluminium,metal,direct_partner,-0.2503917281085416,-0.0349411724043147,-0.1070779887979474,0.0002409554425029
2021,PRT,Aluminium,metal,direct_partner,-0.4376392102662465,-0.1301191313028931,0.2933684223729118,0.0002330238887516
2021,SWE,Aluminium,metal,direct_partner,-0.081565996946897,-0.0084298323174849,0.2976956145747425,0.0001764437919359
2021,BLR,Aluminium,metal,direct_partner,-0.489279749671508,-0.0890724630595707,0.4267871243274263,0.0001591348412842
2021,KAZ,Aluminium,metal,direct_partner,-0.5075037881558578,-0.0697550503005381,-0.1859005259483793,0.0001438945115771
2021,ARE,Aluminium,metal,direct_partner,-0.5811039483392492,-0.0242775031375656,0.7581297031238496,0.0001173267563697
2021,PAK,Aluminium,metal,direct_partner,-0.1768518866326592,-0.0396262618049792,-0.1034291285709116,0.0001099059348646
2021,MNE,Aluminium,metal,direct_partner,-0.1989519250734902,-0.0383636205635636,-0.0304898191997421,0.0001010208689065
2021,CAN,Aluminium,metal,direct_partner,-0.0743959048861349,-0.0007953277792808,-0.0872075958929648,9.54603072284704e-05
2021,RUS,Aluminium,metal,direct_partner,-0.3836487048595637,-0.053937646789095,-0.0197348902622612,9.533169742343544e-05
2021,AUS,Aluminium,metal,direct_partner,-0.2449910724006136,0.0098942921792277,-0.3909492148798685,6.296516636172824e-05
2021,SVK,Aluminium,metal,direct_partner,-0.150249663215712,-0.0225132125959294,0.2644962668567361,5.720998854905007e-05
2021,ARM,Aluminium,metal,direct_partner,-0.6903262774467205,-0.1111481663156286,-0.567898243263592,4.350277615925519e-05
2021,NPL,Aluminium,metal,direct_partner,0.0,0.0,0.0,3.89551615637536e-05
2021,EGY,Aluminium,metal,direct_partner,-0.4950158632807917,-0.0956072939173705,-0.1722977585202316,3.467429498098612e-05
2021,JOR,Aluminium,metal,direct_partner,-0.2398134522202775,-0.0189593442575011,-0.0947574201059099,2.677911848058248e-05
2021,USA,Aluminium,metal,integrated,-0.1629664486418648,0.0044571690270992,-0.1031060557113271,0.0108884034206979
2021,CHN,Aluminium,metal,integrated,-0.1634520914382567,-0.0339001021718365,-0.5482728854071856,0.0090985760891871
2021,TUR,Aluminium,metal,integrated,-0.0852251058195724,-0.0112926075053949,-0.1031396987420531,0.0073578947770616
2021,JPN,Aluminium,metal,integrated,-0.0511552024703942,-0.0131548326696979,-0.0649768422062815,0.0069252562773348
2021,KOR,Aluminium,metal,integrated,-0.2579795455577051,-0.0478329202238168,0.010962461146039,0.0059929339249741
2021,NLD,Aluminium,metal,integrated,-0.0442263811605107,-0.0101198653730893,-0.1809070416714218,0.0049609189367359
2021,DEU,Aluminium,metal,integrated,-0.0147781484560602,-0.0078295980420163,-0.2340113285382483,0.0032404981649451
2021,ITA,Aluminium,metal,integrated,-0.0363785570905386,-0.005848506121258,-0.1819710937934479,0.0030328189683471
2021,THA,Aluminium,metal,integrated,-0.0630849664167006,-0.0361795129223565,-0.2411833205268934,0.0021545591288122
2021,BRA,Aluminium,metal,integrated,-0.0572476097371343,-0.0149613696894295,-0.2566410981483436,0.00213415743373
2021,GBR,Aluminium,metal,integrated,-0.1904589523932195,-0.0238187628234604,-0.2346201958244153,0.0019090151696531
2021,VNM,Aluminium,metal,integrated,-0.1266666155338213,-0.0196252125086695,-0.2563313470370094,0.0017882786465465
2021,MYS,Aluminium,metal,integrated,-0.1543911700098938,-0.0421287825492936,-0.1378096130107086,0.0015164964418928
2021,ESP,Aluminium,metal,integrated,-0.1497312916753026,-0.0220431837528402,-0.1280553784815336,0.0014723827897082
2021,GRC,Aluminium,metal,integrated,-0.0548708651575998,-0.0055498589887707,-0.0376620473404479,0.0014142769381516
2021,MEX,Aluminium,metal,integrated,-0.1602492871400913,-0.0092015123821527,-0.320375053830998,0.0013011049208348
2021,NOR,Aluminium,metal,integrated,-0.236508742139877,-0.0445942355570587,-0.0308044840626759,0.0012331190013616
2021,FRA,Aluminium,metal,integrated,-0.0553135153157008,-0.0062418070106304,-0.0932022811053099,0.0009554815470362
2021,CHE,Aluminium,metal,integrated,-0.0320037748381935,-0.009124749150916,-0.2501755391443426,0.0009201843817909
2021,POL,Aluminium,metal,integrated,-0.0207966893393407,0.0013635221432214,-0.1503810053218418,0.0008291059150893
2021,BEL,Aluminium,metal,integrated,-0.0409693063690254,0.0090991951475476,-0.1274805724597216,0.000756784855975
2021,SGP,Aluminium,metal,integrated,-0.3249567177997013,-0.048179309593212,-0.2339582355033571,0.0007108478041072
2021,HUN,Aluminium,metal,integrated,-0.322381765135691,-0.0141867862666733,-0.0015283117773592,0.0007045897292434
2021,SVN,Aluminium,metal,integrated,-0.1003687185549927,-4.0255716699577615e-05,-0.2962715836895595,0.0005589899233252
2021,HRV,Aluminium,metal,integrated,-0.2058773823193959,-0.0417040943809762,-0.1983133027944079,0.0005324684950184
2021,IDN,Aluminium,metal,integrated,-0.0250586101799735,-0.0152253388084725,-0.1113294763311716,0.0004617014368006
2021,BGR,Aluminium,metal,integrated,-0.3258706293597921,-0.0459686766327653,-0.3516117671374813,0.0003424250854073
2021,IND,Aluminium,metal,integrated,-0.0782596505716733,-0.0275812617114087,-0.2411669337060082,0.0003259585548699
2021,BGD,Aluminium,metal,integrated,-0.1020232939605785,-0.0127486180493392,-0.4069090129190178,0.0002463553775457
2021,UZB,Aluminium,metal,integrated,-0.1691113954450826,-0.0294717455605692,-0.3395110378432473,0.0002409554425029
2021,PRT,Aluminium,metal,integrated,-0.0548828517762389,-0.0936011559433908,-0.0006068809817142,0.0002330238887516
2021,SWE,Aluminium,metal,integrated,-0.0055532519144663,-0.001197487698221,-0.0189448555492631,0.0001764437919359
2021,BLR,Aluminium,metal,integrated,0.0,0.0,0.0,0.0001591348412842
2021,KAZ,Aluminium,metal,integrated,-0.5049901022535632,-0.0715304633095306,-0.3372035496514789,0.0001438945115771
2021,ARE,Aluminium,metal,integrated,-0.2442932819842962,-0.013134348118307,-0.0837254066397296,0.0001173267563697
2021,PAK,Aluminium,metal,integrated,-0.1313269129084993,-0.0435966246112352,-0.1751298226217826,0.0001099059348646
2021,MNE,Aluminium,metal,integrated,-0.1861532911924053,-0.0434272287935869,-0.0069912291695701,0.0001010208689065
2021,CAN,Aluminium,metal,integrated,-0.0594998866396805,-0.0019600996198817,-0.1565769462244601,9.54603072284704e-05
2021,RUS,Aluminium,metal,integrated,-0.330607330520458,-0.034488925655073,-0.3903069832449478,9.533169742343544e-05
2021,AUS,Aluminium,metal,integrated,-0.2196530858792181,0.008432340288815,-0.4367469717905768,6.296516636172824e-05
2021,SVK,Aluminium,metal,integrated,-0.0689853094263117,-0.006442315734705,-0.0431549824329234,5.720998854905007e-05
2021,ARM,Aluminium,metal,integrated,-0.6347876360688791,-0.0893553704576147,-0.5135609280451339,4.350277615925519e-05
2021,NPL,Aluminium,metal,integrated,0.0,0.0,0.0,3.89551615637536e-05
2021,EGY,Aluminium,metal,integrated,-0.5143249345593847,-0.0971205506087257,-0.2224998762529259,3.467429498098612e-05
2021,JOR,Aluminium,metal,integrated,-0.2112587875255653,-0.0271013484694303,-0.2175962247279677,2.677911848058248e-05
2021,USA,Aluminium,ore,direct_partner,-0.1644703868046938,-0.1339485705369593,-0.1221450030772074,0.0004638318762627
2021,CAN,Aluminium,ore,direct_partner,-0.139328954093593,-0.1237401821709393,-0.2156899314544444,0.0002571699542902
2021,FRA,Aluminium,ore,direct_partner,-0.0370302823546608,-0.0246443751604238,0.0089171352961376,0.0001742329271661
2021,GRC,Aluminium,ore,direct_partner,-0.3201029158009167,-0.262016971214716,-0.2771994349341605,0.0001219203547036
2021,NLD,Aluminium,ore,direct_partner,-0.2754576911166201,-0.241957574684725,0.0183254078829776,8.773490972598015e-05
2021,KOR,Aluminium,ore,direct_partner,-0.4464820915781353,-0.4017889280877187,0.4622950763848254,6.688844352029319e-05
2021,JPN,Aluminium,ore,direct_partner,-0.4266326631647091,-0.3793453906424474,0.0645269607828217,4.303102056649099e-05
2021,TUR,Aluminium,ore,direct_partner,-0.4648559898092695,-0.4482401094927839,-0.2406627393935474,4.130127745787072e-05
2021,POL,Aluminium,ore,direct_partner,-0.1503052839367592,-0.0434305079234488,0.1899562966557845,3.1815494720271374e-05
2021,HRV,Aluminium,ore,direct_partner,-0.3304089646314863,-0.2879034667439836,-0.1871866938094828,3.174761024530597e-05
2021,SVN,Aluminium,ore,direct_partner,-0.2260637028580676,-0.1808813493842353,-0.2268846076904851,2.790783041558666e-05
2021,ITA,Aluminium,ore,direct_partner,-0.1285195179349056,-0.0902344961347522,0.0076610422514954,2.730706637424279e-05
2021,SAU,Aluminium,ore,direct_partner,-0.3491244444576786,-0.2962222362730461,-0.0602158756556029,2.4462867974501057e-05
2021,MEX,Aluminium,ore,direct_partner,-0.1990816674208513,-0.1426468159200226,0.13406670695352,2.1556606528464977e-05
2021,USA,Aluminium,ore,integrated,-0.1328701387501893,-0.1173780541423641,-0.4125057571519389,0.0004638318762627
2021,CAN,Aluminium,ore,integrated,-0.1246060629944419,-0.1152833897555248,-0.3161503512436393,0.0002571699542902
2021,FRA,Aluminium,ore,integrated,-0.0085043206612852,0.0081255052468174,-0.3308417269730873,0.0001742329271661
2021,GRC,Aluminium,ore,integrated,-0.2835173054127258,-0.2436139131327862,-0.4504480154781541,0.0001219203547036
2021,NLD,Aluminium,ore,integrated,-0.2855327073348741,-0.257168286270412,-0.3712178819693431,8.773490972598015e-05
2021,KOR,Aluminium,ore,integrated,-0.3097176369450877,-0.2565167822416879,-0.0094252511853393,6.688844352029319e-05
2021,JPN,Aluminium,ore,integrated,-0.3422738765837686,-0.2975861799639551,-0.3019585922280547,4.303102056649099e-05
2021,TUR,Aluminium,ore,integrated,-0.4466656235510275,-0.4338049058976335,-0.4962896259548799,4.130127745787072e-05
2021,POL,Aluminium,ore,integrated,-0.1408759602552313,-0.0404670017522764,-0.2850666815000581,3.1815494720271374e-05
2021,HRV,Aluminium,ore,integrated,-0.2984739423385559,-0.2888125311259698,-0.4179479530554678,3.174761024530597e-05
2021,SVN,Aluminium,ore,integrated,-0.2013835717248814,-0.1679019622188511,-0.348706398225999,2.790783041558666e-05
2021,ITA,Aluminium,ore,integrated,-0.1007868258006021,-0.0884058884858439,-0.2137717434670249,2.730706637424279e-05
2021,SAU,Aluminium,ore,integrated,-0.330934885602185,-0.2924825434112541,-0.0914371371954284,2.4462867974501057e-05
2021,MEX,Aluminium,ore,integrated,-0.1530620598475025,-0.1019441981374845,-0.2831816238194206,2.1556606528464977e-05
2022,USA,Aluminium,metal,direct_partner,-0.3747873999138908,-0.0387013273461842,0.3080138606936251,0.0135169095322959
2022,JPN,Aluminium,metal,direct_partner,-0.074463440824227,-0.018789068663422,0.1411083254293903,0.0078427550771463
2022,TUR,Aluminium,metal,direct_partner,-0.1132526770129871,0.0049468189246655,0.0594199494275592,0.0068262720615353
2022,KOR,Aluminium,metal,direct_partner,-0.1864835116619918,-0.0293224671252634,0.0166904045707841,0.0059132265206871
2022,DEU,Aluminium,metal,direct_partner,-0.0894058655094496,-0.0058811798112464,0.2481597232681729,0.0048923038430136
2022,NLD,Aluminium,metal,direct_partner,-0.0825971094545313,-0.0084194292466146,0.1646099176112246,0.0048751736842433
2022,ITA,Aluminium,metal,direct_partner,-0.085564268538684,-0.0045995544276527,-0.1461627616328601,0.004289205572688
2022,CHN,Aluminium,metal,direct_partner,-0.3544035199144863,-0.043005362238962,-0.3486528783641189,0.0034124680974511
2022,MYS,Aluminium,metal,direct_partner,-0.1608627332314106,-0.0254406616118548,-0.0014958044773251,0.0020365235267419
2022,THA,Aluminium,metal,direct_partner,-0.1118051001213512,-0.0190218705588282,-0.0244929916145084,0.0020334073893798
2022,VNM,Aluminium,metal,direct_partner,-0.1694365801921883,-0.021080651926842,-0.1061937704141612,0.0017577738647357
2022,GRC,Aluminium,metal,direct_partner,-0.1940146081907325,-0.0182510518797514,-0.0546791277769895,0.0016344152453151
2022,BRA,Aluminium,metal,direct_partner,-0.074095091251956,-0.0053577304065131,-0.0943090711295494,0.0014008885462838
2022,MEX,Aluminium,metal,direct_partner,-0.3189211538560269,-0.0428805998124422,-0.3128557368035353,0.0013658683819797
2022,NOR,Aluminium,metal,direct_partner,-0.270394192520009,-0.0156499011226907,0.1970923930272681,0.001276086566974
2022,CHE,Aluminium,metal,direct_partner,-0.118968631602462,-0.0138310277561884,-0.1955620569140348,0.0012130868035786
2022,ESP,Aluminium,metal,direct_partner,-0.1893754750663727,-0.0171298882252459,-0.2314015397057506,0.0011883040524559
2022,FRA,Aluminium,metal,direct_partner,-0.0821337600096583,-0.0112229827173477,0.2351059831421531,0.0011351095127625
2022,POL,Aluminium,metal,direct_partner,-0.0397903662038917,-0.004509423374157,0.2277215233563015,0.0010825713698229
2022,SGP,Aluminium,metal,direct_partner,-0.3486199792755498,-0.0418524694009606,-0.040785419624677,0.000946974848451
2022,BEL,Aluminium,metal,direct_partner,-0.171634037353871,0.0035536291267458,0.5223549612694223,0.000858352162369
2022,HUN,Aluminium,metal,direct_partner,-0.3843666030519834,-0.0202953482348218,0.1556518798496849,0.0008173908872392
2022,GBR,Aluminium,metal,direct_partner,-0.1412848624541449,-0.0332456725273969,0.0861155081997526,0.0008168797869382
2022,SVN,Aluminium,metal,direct_partner,-0.1368453282275041,-0.0103652069095103,-0.3658360309085322,0.0006176096978522
2022,IDN,Aluminium,metal,direct_partner,-0.1296721290558694,-0.0404114272697106,0.0863119139121213,0.0003798692068565
2022,BGR,Aluminium,metal,direct_partner,-0.3288726746101619,-0.0420018076048548,-0.2097616135941104,0.0003731587140731
2022,IND,Aluminium,metal,direct_partner,-0.2086468128677422,-0.0124735384514538,0.0559236887390955,0.0003465012102712
2022,UZB,Aluminium,metal,direct_partner,-0.1960516523806947,-0.0356287531254507,-0.2584382499003898,0.0003432592654442
2022,CZE,Aluminium,metal,direct_partner,-0.0183056905632382,-0.0161031040982878,0.1092328087090569,0.0003398259357846
2022,BGD,Aluminium,metal,direct_partner,-0.2363178999610892,-0.0257391660145232,-0.3666749449362387,0.0002992615025924
2022,PRT,Aluminium,metal,direct_partner,-0.4660469215602786,-0.1603899556658339,0.2841439315487465,0.000244070100705
2022,HRV,Aluminium,metal,direct_partner,-0.3098551520646915,-0.060487011527346,-0.2165905321795712,0.0002033208818911
2022,SWE,Aluminium,metal,direct_partner,-0.1610355912601297,-0.0128493332039155,0.2550235885205201,0.0001897172229902
2022,PAK,Aluminium,metal,direct_partner,-0.1161312957904458,-0.007697601138657,0.0133927399323224,0.0001724267464121
2022,COL,Aluminium,metal,direct_partner,-0.105265998020207,-0.0105762851767827,-0.3044169992426132,0.0001378518889899
2022,BHR,Aluminium,metal,direct_partner,-0.3067111310225209,-0.0351718001115767,-0.1338325615136842,0.0001374884867839
2022,ARM,Aluminium,metal,direct_partner,-0.7016024919041237,-0.1069413619056664,-0.5273314524474737,0.0001203558646425
2022,CAN,Aluminium,metal,direct_partner,-0.1200360187426829,-0.0061171821903185,-0.0486390856476206,0.0001130622473728
2022,SAU,Aluminium,metal,direct_partner,-0.2796903710392513,-0.0996357495902147,-0.3599922981591233,9.455463787429293e-05
2022,AUS,Aluminium,metal,direct_partner,-0.5540338946086912,-0.0085209715932525,-0.648652324242721,7.204720246667846e-05
2022,SVK,Aluminium,metal,direct_partner,-0.0617202446515774,-0.0126085470202747,0.2038651199579145,5.167275509820478e-05
2022,ARE,Aluminium,metal,direct_partner,-0.4556770000131823,-0.0036192592655096,0.5470657163361158,5.08647693963276e-05
2022,EGY,Aluminium,metal,direct_partner,-0.3444454159542381,-0.0178351018812629,-0.1730922987703471,4.7684127207064096e-05
2022,ALB,Aluminium,metal,direct_partner,-0.2403895546196391,0.0124390207857459,0.1979354716111506,3.413140240875216e-05
2022,NGA,Aluminium,metal,direct_partner,-0.1728772964001521,-0.0478057594350682,-0.3520480519299079,3.2812192947949044e-05
2022,NPL,Aluminium,metal,direct_partner,0.0,0.0,0.0,2.5510631933550767e-05
2022,RUS,Aluminium,metal,direct_partner,-0.6250408709188902,-0.0972322247987053,-0.2316335940458671,2.4922474608525105e-05
2022,JOR,Aluminium,metal,direct_partner,-0.2036140607817699,-0.0159828980235407,0.1222531413121346,2.060091546586366e-05
2022,USA,Aluminium,metal,integrated,-0.103184983779597,0.0059347642225173,-0.1064573067824209,0.0135169095322959
2022,JPN,Aluminium,metal,integrated,-0.0392608294853311,-0.0162768815427512,-0.0338909297451266,0.0078427550771463
2022,TUR,Aluminium,metal,integrated,-0.0823589000852991,-0.0078675320388037,-0.1408013523982494,0.0068262720615353
2022,KOR,Aluminium,metal,integrated,-0.17515059937987,-0.0297080482028261,0.0430754686125813,0.0059132265206871
2022,DEU,Aluminium,metal,integrated,-0.0087711136013443,-0.011011288563622,-0.2916803909247151,0.0048923038430136
2022,NLD,Aluminium,metal,integrated,-0.0375085911825418,-0.0157360777666646,-0.1184803061922066,0.0048751736842433
2022,ITA,Aluminium,metal,integrated,-0.0572459435150204,-0.0169464426277618,-0.3258190039221466,0.004289205572688
2022,CHN,Aluminium,metal,integrated,-0.3006383364944318,-0.0452971514219248,-0.6180694772106285,0.0034124680974511
2022,MYS,Aluminium,metal,integrated,-0.148251892018102,-0.0266755340999276,-0.1158122636052159,0.0020365235267419
2022,THA,Aluminium,metal,integrated,-0.0710947573752558,-0.0242901507934309,-0.1983828556690957,0.0020334073893798
2022,VNM,Aluminium,metal,integrated,-0.1252830909336723,-0.0194034447574193,-0.2493305132058437,0.0017577738647357
2022,GRC,Aluminium,metal,integrated,-0.1724218047903085,-0.0228320880549364,-0.146832024904373,0.0016344152453151
2022,BRA,Aluminium,metal,integrated,-0.0532370290526684,-0.0187938704372814,-0.2160960763429295,0.0014008885462838
2022,MEX,Aluminium,metal,integrated,-0.2877932022113748,-0.0494266849954982,-0.5734704696777893,0.0013658683819797
2022,NOR,Aluminium,metal,integrated,-0.1304210947782783,-0.0312993649917529,-0.1345141778909604,0.001276086566974
2022,CHE,Aluminium,metal,integrated,-0.0733853792084691,-0.0127690416166216,-0.3398347176002722,0.0012130868035786
2022,ESP,Aluminium,metal,integrated,-0.1657558644042129,-0.0301051098103006,-0.3549355150079338,0.0011883040524559
2022,FRA,Aluminium,metal,integrated,-0.05410523980284,-0.0097577717746633,-0.0831185724203806,0.0011351095127625
2022,POL,Aluminium,metal,integrated,-0.0013411699818421,-0.006458827279675,-0.1506613483334593,0.0010825713698229
2022,SGP,Aluminium,metal,integrated,-0.3118714595546878,-0.055656784249709,-0.2383629479241482,0.000946974848451
2022,BEL,Aluminium,metal,integrated,-0.0686984386543963,0.0129921853535512,-0.163165135893869,0.000858352162369
2022,HUN,Aluminium,metal,integrated,-0.2671300040056099,-0.0148378514843686,-3.3282828641614294e-05,0.0008173908872392
2022,GBR,Aluminium,metal,integrated,-0.0957371480363052,-0.0370326041935566,-0.1719096484848776,0.0008168797869382
2022,SVN,Aluminium,metal,integrated,-0.0994195646113875,-0.0062210999980205,-0.4075142811607232,0.0006176096978522
2022,IDN,Aluminium,metal,integrated,-0.0313464520236299,-0.0365623824986288,-0.1219858350962495,0.0003798692068565
2022,BGR,Aluminium,metal,integrated,-0.3053563603817796,-0.0400801655080217,-0.2765229921887014,0.0003731587140731
2022,IND,Aluminium,metal,integrated,-0.1697886860697877,-0.0175500019671213,-0.1539184672534434,0.0003465012102712
2022,UZB,Aluminium,metal,integrated,-0.1609995118612247,-0.0328009575437198,-0.393612534210271,0.0003432592654442
2022,CZE,Aluminium,metal,integrated,-0.0008223152810021,-0.0045936452942886,-0.1441245669026607,0.0003398259357846
2022,BGD,Aluminium,metal,integrated,-0.1760435503961384,-0.0290794344073935,-0.4995255298102665,0.0002992615025924
2022,PRT,Aluminium,metal,integrated,-0.0420868329107092,-0.1128739765404677,-0.0043909416775506,0.000244070100705
2022,HRV,Aluminium,metal,integrated,-0.2814495890859122,-0.0576747082636343,-0.3483678858475906,0.0002033208818911
2022,SWE,Aluminium,metal,integrated,-0.0493991619086507,-0.0003751094402193,-0.0040998583723338,0.0001897172229902
2022,PAK,Aluminium,metal,integrated,-0.0812356759685407,-0.0168935510871295,-0.0876920278764819,0.0001724267464121
2022,COL,Aluminium,metal,integrated,-0.0547742619228938,-0.0127549450942731,-0.4220192418604718,0.0001378518889899
2022,BHR,Aluminium,metal,integrated,-0.2889741877200282,-0.0395422903966177,-0.5842843784516243,0.0001374884867839
2022,ARM,Aluminium,metal,integrated,-0.6383820733875376,-0.0876406374598527,-0.5137591235523548,0.0001203558646425
2022,CAN,Aluminium,metal,integrated,-0.1084189743247315,-0.0050532182007047,-0.0975513034746671,0.0001130622473728
2022,SAU,Aluminium,metal,integrated,-0.244562776734013,-0.0959594905413749,-0.5529874291588572,9.455463787429293e-05
2022,AUS,Aluminium,metal,integrated,-0.5884715535553492,-0.017225737078125,-0.7431161768650287,7.204720246667846e-05
2022,SVK,Aluminium,metal,integrated,-0.0233365250831913,-0.0029264529725009,-0.0167229416540114,5.167275509820478e-05
2022,ARE,Aluminium,metal,integrated,-0.1795168811847876,0.0012221262333113,-0.1777248062679586,5.08647693963276e-05
2022,EGY,Aluminium,metal,integrated,-0.3425836626453102,-0.0225445460282373,-0.2181158906214866,4.7684127207064096e-05
2022,ALB,Aluminium,metal,integrated,-0.288133921980698,-0.00019811929378,0.0112743443575091,3.413140240875216e-05
2022,NGA,Aluminium,metal,integrated,-0.1076906849350042,-0.0469510027081324,-0.3490672301913683,3.2812192947949044e-05
2022,NPL,Aluminium,metal,integrated,0.0,0.0,0.0,2.5510631933550767e-05
2022,RUS,Aluminium,metal,integrated,-0.5030601250130509,-0.0869302761976319,-0.5456391393710476,2.4922474608525105e-05
2022,JOR,Aluminium,metal,integrated,-0.1800485708773282,-0.0257692474554366,-0.1177182389078957,2.060091546586366e-05
2022,USA,Aluminium,ore,direct_partner,-0.192058594420735,-0.1560246670466156,-0.2113523059485992,0.0003825535501903
2022,CAN,Aluminium,ore,direct_partner,-0.2323544465394524,-0.1961826859644041,-0.2438026163504934,0.0002789217411086
2022,FRA,Aluminium,ore,direct_partner,-0.1430570145566671,-0.1228273371629459,-0.0780430626962718,0.0001223811086517
2022,NLD,Aluminium,ore,direct_partner,-0.2340636881962371,-0.2116975387373793,0.0346138204573961,9.776563334730796e-05
2022,GRC,Aluminium,ore,direct_partner,-0.4591333291936502,-0.4036470589479894,-0.4420654821346977,9.541595739181437e-05
2022,TUR,Aluminium,ore,direct_partner,-0.5006848002156516,-0.4797015330234536,-0.2353444670190144,7.118036978201609e-05
2022,KOR,Aluminium,ore,direct_partner,-0.4754336882049157,-0.427680389757764,0.4833791040534409,6.253239998677042e-05
2022,POL,Aluminium,ore,direct_partner,-0.1367759220310195,-0.0537155678714853,0.2452798829113684,3.542936167738451e-05
2022,ITA,Aluminium,ore,direct_partner,-0.1663979365783538,-0.1036478141945339,-0.0069943110290179,3.5424016335835386e-05
2022,HRV,Aluminium,ore,direct_partner,-0.3525332001182398,-0.3197755472356244,-0.2044501355842853,3.3202701880652914e-05
2022,MEX,Aluminium,ore,direct_partner,-0.2331959980641919,-0.1839215164505159,0.0365991125946787,2.8576981036764356e-05
2022,JPN,Aluminium,ore,direct_partner,-0.4918210523798471,-0.4463867484807403,0.1413517193073019,2.811850081036684e-05
2022,SVN,Aluminium,ore,direct_partner,-0.1750558729208018,-0.1420899251686878,-0.2610661848923862,2.4068936797178012e-05
2022,GBR,Aluminium,ore,direct_partner,-0.1570922975209737,-0.0893397325936002,-0.06239029416855,2.297824792146185e-05
2022,USA,Aluminium,ore,integrated,-0.1622814910608974,-0.1395941439028548,-0.4769196012515597,0.0003825535501903
2022,CAN,Aluminium,ore,integrated,-0.2119654851925118,-0.1914979700227563,-0.3654138346227102,0.0002789217411086
2022,FRA,Aluminium,ore,integrated,-0.123064933977991,-0.1224638480571335,-0.4095379870540916,0.0001223811086517
2022,NLD,Aluminium,ore,integrated,-0.2354259209791365,-0.2187744460975226,-0.2432826904020187,9.776563334730796e-05
2022,GRC,Aluminium,ore,integrated,-0.4236928997850268,-0.3766075166229693,-0.5481416790777387,9.541595739181437e-05
2022,TUR,Aluminium,ore,integrated,-0.483999673947687,-0.4690596895030938,-0.4633182496164121,7.118036978201609e-05
2022,KOR,Aluminium,ore,integrated,-0.3115825097048005,-0.2794322151399878,-0.0009248067252163,6.253239998677042e-05
2022,POL,Aluminium,ore,integrated,-0.1245699765186152,-0.0529065825476281,-0.2542123959975066,3.542936167738451e-05
2022,ITA,Aluminium,ore,integrated,-0.1389288103934849,-0.0962228289887426,-0.2196842821126299,3.5424016335835386e-05
2022,HRV,Aluminium,ore,integrated,-0.3075580306955672,-0.3114482325359055,-0.4441784651619332,3.3202701880652914e-05
2022,MEX,Aluminium,ore,integrated,-0.17877870711229,-0.1430287468328066,-0.3561691759048345,2.8576981036764356e-05
2022,JPN,Aluminium,ore,integrated,-0.4079708471788739,-0.3526669719540596,-0.2544962271110622,2.811850081036684e-05
2022,SVN,Aluminium,ore,integrated,-0.1497571215722781,-0.1289107013830877,-0.3578199416549216,2.4068936797178012e-05
2022,GBR,Aluminium,ore,integrated,-0.1519308834701524,-0.0857448093137547,-0.2615948426213672,2.297824792146185e-05
2023,USA,Aluminium,metal,direct_partner,-0.4122523656307517,-0.0542081873677081,0.3234154424820806,0.014115320287896
2023,CHN,Aluminium,metal,direct_partner,-0.4654504598230309,-0.0450648156069008,-0.3123514939158687,0.0078470251520352
2023,TUR,Aluminium,metal,direct_partner,-0.1190778699472937,0.0025678138790824,0.1885246458404497,0.0061434047225234
2023,NLD,Aluminium,metal,direct_partner,-0.0955060492464308,-0.017514347967576,0.1288245622795012,0.0060654051745564
2023,KOR,Aluminium,metal,direct_partner,-0.1401865410387946,-0.0293741292635477,0.1365127562621675,0.0056481233771766
2023,JPN,Aluminium,metal,direct_partner,-0.0878422375999607,-0.0309275384512081,0.2622982763299895,0.0052888823828692
2023,DEU,Aluminium,metal,direct_partner,-0.0806029632398863,-0.0108063169088901,0.1758138201150148,0.0043907289303555
2023,ITA,Aluminium,metal,direct_partner,-0.0584848642725507,0.00275087411826,-0.1601145743067095,0.0040406021760107
2023,MYS,Aluminium,metal,direct_partner,-0.2632124017257224,-0.0224384510544647,0.0026220303077065,0.0034873489267982
2023,MEX,Aluminium,metal,direct_partner,-0.2672864929100714,-0.0406449108389854,-0.2799613913870383,0.001939288326238
2023,GRC,Aluminium,metal,direct_partner,-0.089212505334947,0.0089501065298395,-0.0130283270010009,0.001681091383254
2023,VNM,Aluminium,metal,direct_partner,-0.1691448500613266,-0.0224170931627943,-0.0571718455756089,0.0015980477049395
2023,THA,Aluminium,metal,direct_partner,-0.1108620121138224,-0.0340217955889213,-0.0716870597541232,0.0014948224488115
2023,ESP,Aluminium,metal,direct_partner,-0.0791234633473119,0.0069530741800405,-0.0807636625388042,0.0012497129652839
2023,SGP,Aluminium,metal,direct_partner,-0.6373118071405952,-0.0742108038815036,-0.0710692136243308,0.0009695676227081
2023,FRA,Aluminium,metal,direct_partner,-0.0275424666468679,-0.0083012976499342,0.0165891448612248,0.0009665115848753
2023,POL,Aluminium,metal,direct_partner,-0.0671084101526501,0.0044317010828033,0.1115941279518271,0.0008963940108507
2023,NOR,Aluminium,metal,direct_partner,-0.1261124965675973,-0.0374007452049979,-0.1374222585635929,0.0008289173823406
2023,IND,Aluminium,metal,direct_partner,-0.1388946463650319,-0.0314891794951045,0.0819768560395658,0.0006922658611575
2023,CHE,Aluminium,metal,direct_partner,-0.2054447970911162,-0.0217092304542406,-0.2568237374869974,0.0006863365586581
2023,HUN,Aluminium,metal,direct_partner,-0.2919043674649534,-0.0313898293016382,0.1438873864251077,0.0006824163445791
2023,SVN,Aluminium,metal,direct_partner,-0.0708875047332071,0.0034240518890746,-0.2615584058246605,0.0006174671270397
2023,BEL,Aluminium,metal,direct_partner,-0.23292951015464,0.005222481819483,0.5972224594691584,0.000553844926888
2023,IDN,Aluminium,metal,direct_partner,-0.1125756907625329,-0.0282187718825464,0.0805268715797062,0.0005196549569785
2023,GBR,Aluminium,metal,direct_partner,-0.099423724598369,-0.037015380941943,0.0895597022405252,0.0004599520027009
2023,AZE,Aluminium,metal,direct_partner,-0.6339530572553246,-0.0945643467765781,0.2395680843374225,0.0003655110396859
2023,BGD,Aluminium,metal,direct_partner,-0.3521988658719205,-0.0506084890543734,-0.0666058294997609,0.0003061932895653
2023,UZB,Aluminium,metal,direct_partner,-0.5375959258851883,-0.1027677794692948,-0.6101206011957521,0.0002500793427626
2023,BGR,Aluminium,metal,direct_partner,-0.2289543865282091,-0.0219518267256122,-0.0118383519434313,0.0002423523011981
2023,SWE,Aluminium,metal,direct_partner,-0.2063595344789203,-0.0239751182262845,0.2987073962349903,0.0002151977307335
2023,BHR,Aluminium,metal,direct_partner,-0.6065386091837752,-0.0491757581041017,0.5432988428971293,0.0001826620467237
2023,HRV,Aluminium,metal,direct_partner,-0.1600276604266048,-0.0141047886722014,-0.0755887143636176,0.000180501498409
2023,PRT,Aluminium,metal,direct_partner,-0.3922940042538269,-0.1615550925790557,0.3146037668631117,0.0001749966243347
2023,ARM,Aluminium,metal,direct_partner,-0.7097550124834329,-0.098978770179293,-0.5324324231024777,0.0001279864043117
2023,SAU,Aluminium,metal,direct_partner,-0.2316337616401196,-0.0889199507246699,-0.4728314722758341,0.0001269952061
2023,CAN,Aluminium,metal,direct_partner,-0.1574600378524246,-0.0010142028053954,0.2666922620948001,0.0001012773321531
2023,SVK,Aluminium,metal,direct_partner,-0.1028138797872077,-0.023666368212463,-0.1720371192574518,8.27073282575251e-05
2023,PAK,Aluminium,metal,direct_partner,-0.1570446783633423,-0.0423913265826853,0.0557540878693986,6.864205575108784e-05
2023,AUS,Aluminium,metal,direct_partner,-0.7310613584221033,-0.0218860939401609,-0.7411629634869449,5.640020258690792e-05
2023,ARE,Aluminium,metal,direct_partner,-0.5560341363886094,-0.1013528489340564,0.6283320349838549,4.747790001370093e-05
2023,ECU,Aluminium,metal,direct_partner,-0.1235588161646845,-0.0193913990589672,-0.1342585930141921,4.121413600097385e-05
2023,DZA,Aluminium,metal,direct_partner,-0.2529617791112891,-0.1048568360264965,-0.4681859145771488,4.0785053664784825e-05
2023,NGA,Aluminium,metal,direct_partner,-0.1876977313701027,-0.0571245014400224,-0.310222006342952,3.9632746145145645e-05
2023,DNK,Aluminium,metal,direct_partner,-0.1693118484412518,-0.0234738047749651,0.0383432450955523,3.1673130866827086e-05
2023,JOR,Aluminium,metal,direct_partner,-0.2383668133318618,-0.0209740509207533,-0.1728730106980319,2.8826732256484243e-05
2023,EGY,Aluminium,metal,direct_partner,-0.4304439946402709,-0.0439375600505992,-0.2053048217743406,2.4242183789704283e-05
2023,RUS,Aluminium,metal,direct_partner,-0.7241707828908645,-0.1120049512098277,-0.3179426388007701,2.333994294566064e-05
2023,NPL,Aluminium,metal,direct_partner,0.0,0.0,0.0,2.285910624599005e-05
2023,USA,Aluminium,metal,integrated,-0.1182235475916698,-0.0061322444189543,-0.1077210928264922,0.014115320287896
2023,CHN,Aluminium,metal,integrated,-0.3865261393317786,-0.0462797114035872,-0.6844415154072416,0.0078470251520352
2023,TUR,Aluminium,metal,integrated,-0.0755757263620486,-0.0100144306883577,-0.0808060532135269,0.0061434047225234
2023,NLD,Aluminium,metal,integrated,-0.060150684551443,-0.0282967491985153,-0.1682100854699841,0.0060654051745564
2023,KOR,Aluminium,metal,integrated,-0.1181140432730712,-0.03196339764337,0.0502064398575845,0.0056481233771766
2023,JPN,Aluminium,metal,integrated,-0.0441967346645676,-0.0213927909887781,-0.1025275247533759,0.0052888823828692
2023,DEU,Aluminium,metal,integrated,-0.0297924718202073,-0.0168482378179678,-0.3125777400273262,0.0043907289303555
2023,ITA,Aluminium,metal,integrated,-0.0317928646272052,-0.0149568099403307,-0.3315381671973162,0.0040406021760107
2023,MYS,Aluminium,metal,integrated,-0.2551955939091626,-0.0516262516845242,-0.1244764817105663,0.0034873489267982
2023,MEX,Aluminium,metal,integrated,-0.223687069478662,-0.0568985846694803,-0.5888624159985086,0.001939288326238
2023,GRC,Aluminium,metal,integrated,-0.0685972019758073,-0.0014954722933501,-0.1263116395877757,0.001681091383254
2023,VNM,Aluminium,metal,integrated,-0.1131500271653939,-0.0164794254151295,-0.2562233769554772,0.0015980477049395
2023,THA,Aluminium,metal,integrated,-0.0622278908652171,-0.0524545968990445,-0.2419361614327992,0.0014948224488115
2023,ESP,Aluminium,metal,integrated,-0.048739924918183,-0.010215100697391,-0.2706297140972359,0.0012497129652839
2023,SGP,Aluminium,metal,integrated,-0.5626871673084752,-0.0974587632046806,-0.3664707237904449,0.0009695676227081
2023,FRA,Aluminium,metal,integrated,-0.0070282921280542,-0.0110606576850708,-0.222236227738787,0.0009665115848753
2023,POL,Aluminium,metal,integrated,-0.0269278311747102,0.0012699875840915,-0.2387103483546411,0.0008963940108507
2023,NOR,Aluminium,metal,integrated,-0.0672337472340954,-0.0555728507117902,-0.3779549714760747,0.0008289173823406
2023,IND,Aluminium,metal,integrated,-0.0912464374358283,-0.0288630953198001,-0.1069809089140779,0.0006922658611575
2023,CHE,Aluminium,metal,integrated,-0.1604996551473611,-0.0329814774984892,-0.4857020949659844,0.0006863365586581
2023,HUN,Aluminium,metal,integrated,-0.1695915677548042,-0.0122537597904594,-0.00198296999277,0.0006824163445791
2023,SVN,Aluminium,metal,integrated,-0.0580612058480694,0.0034661624251179,-0.3318753909662063,0.0006174671270397
2023,BEL,Aluminium,metal,integrated,-0.1092852323428662,0.0179885389571685,-0.0644050922998009,0.000553844926888
2023,IDN,Aluminium,metal,integrated,-0.039251810127206,-0.015468685728998,-0.1231472994899675,0.0005196549569785
2023,GBR,Aluminium,metal,integrated,-0.0708065725932335,-0.0400561240071379,-0.2581298942688522,0.0004599520027009
2023,AZE,Aluminium,metal,integrated,-0.3655702782798234,-0.0703319069766471,-0.0323395070452248,0.0003655110396859
2023,BGD,Aluminium,metal,integrated,-0.2600035283800957,-0.0252846854085065,-0.2697347620575374,0.0003061932895653
2023,UZB,Aluminium,metal,integrated,-0.4974633164069619,-0.0972807764188727,-0.8351049762755657,0.0002500793427626
2023,BGR,Aluminium,metal,integrated,-0.198629538187803,-0.033344065942846,-0.1045206328243503,0.0002423523011981
2023,SWE,Aluminium,metal,integrated,-0.071909837748389,-0.0177950091582881,-0.0467394445684191,0.0002151977307335
2023,BHR,Aluminium,metal,integrated,-0.5129733718280645,-0.0455504019571656,-0.0504633922548567,0.0001826620467237
2023,HRV,Aluminium,metal,integrated,-0.0927567648634624,-0.0168062729700177,-0.2208766106802989,0.000180501498409
2023,PRT,Aluminium,metal,integrated,-0.1669332641580628,-0.1118449966743756,-0.0062532514676463,0.0001749966243347
2023,ARM,Aluminium,metal,integrated,-0.663621618379463,-0.1060228997043168,-0.6816376426749832,0.0001279864043117
2023,SAU,Aluminium,metal,integrated,-0.1827581149510965,-0.102010259709892,-0.5687603034364683,0.0001269952061
2023,CAN,Aluminium,metal,integrated,-0.1382190311130756,0.0185331032873256,-0.0824609281438101,0.0001012773321531
2023,SVK,Aluminium,metal,integrated,-0.0505445190438587,-0.0102956026799849,-0.4065104668973836,8.27073282575251e-05
2023,PAK,Aluminium,metal,integrated,-0.1158439732050476,-0.051501395635834,-0.0259362301712456,6.864205575108784e-05
2023,AUS,Aluminium,metal,integrated,-0.7199150635718709,-0.0458670575280505,-0.8259463948101382,5.640020258690792e-05
2023,ARE,Aluminium,metal,integrated,-0.2225298491718796,-0.057225149004126,-0.1418651713754922,4.747790001370093e-05
2023,ECU,Aluminium,metal,integrated,-0.0736468594256355,-0.0224432606998849,-0.2841003653272402,4.121413600097385e-05
2023,DZA,Aluminium,metal,integrated,-0.1960508649527307,-0.1122087790444879,-0.6394033011669202,4.0785053664784825e-05
2023,NGA,Aluminium,metal,integrated,-0.1277474101749636,-0.0591318957787348,-0.3890356303040345,3.9632746145145645e-05
2023,DNK,Aluminium,metal,integrated,-0.0711417322676513,-0.007419631004306,-0.3460378458738556,3.1673130866827086e-05
2023,JOR,Aluminium,metal,integrated,-0.1982012776641127,-0.0367317186889252,-0.4427070440762984,2.8826732256484243e-05
2023,EGY,Aluminium,metal,integrated,-0.3655787747936012,-0.0624619874167388,-0.3901670798568873,2.4242183789704283e-05
2023,RUS,Aluminium,metal,integrated,-0.5697013553699917,-0.1180051835043704,-0.5863274361184545,2.333994294566064e-05
2023,NPL,Aluminium,metal,integrated,0.0,0.0,0.0,2.285910624599005e-05
2023,USA,Aluminium,ore,direct_partner,-0.1937362177754719,-0.1500863839907212,-0.1770092988620952,0.0003642944390044
2023,CAN,Aluminium,ore,direct_partner,-0.2030566685854767,-0.1601545694340556,-0.1654345131651542,0.0003190547177627
2023,GRC,Aluminium,ore,direct_partner,-0.2747434893933673,-0.1915844744459283,-0.2138494229930116,0.0001332758016491
2023,FRA,Aluminium,ore,direct_partner,-0.1598807719390501,-0.1239137537799563,-0.1713376591974417,9.56670129419328e-05
2023,NLD,Aluminium,ore,direct_partner,-0.266371001704281,-0.2158137032652814,0.085340714877921,8.67538658890323e-05
2023,KOR,Aluminium,ore,direct_partner,-0.4326874502394369,-0.3790971767000564,0.4091510158087594,6.953932067428049e-05
2023,TUR,Aluminium,ore,direct_partner,-0.3558011595453968,-0.3285143309604482,-0.1652878654032143,4.22973267398202e-05
2023,MEX,Aluminium,ore,direct_partner,-0.2883478503870221,-0.2207738406040636,0.0300029886814426,4.109421348000116e-05
2023,POL,Aluminium,ore,direct_partner,-0.1540956977926593,-0.0423373617995929,0.2455732437478566,3.854660292505976e-05
2023,ITA,Aluminium,ore,direct_partner,-0.1682979539140907,-0.128471669692024,-0.004987147488961,3.3107806120633624e-05
2023,JPN,Aluminium,ore,direct_partner,-0.4436203004615149,-0.3960171911690969,0.0255302532045872,2.9405557826887577e-05
2023,GBR,Aluminium,ore,direct_partner,-0.1947866065104409,-0.1633988464812785,-0.0520008937076211,2.5354586034167305e-05
2023,USA,Aluminium,ore,integrated,-0.163022989537251,-0.132938832434755,-0.4347260833039439,0.0003642944390044
2023,CAN,Aluminium,ore,integrated,-0.1675654344466887,-0.1506737447678495,-0.378118246952242,0.0003190547177627
2023,GRC,Aluminium,ore,integrated,-0.2381505520947868,-0.1794004670718608,-0.4266389831884694,0.0001332758016491
2023,FRA,Aluminium,ore,integrated,-0.1215522211231054,-0.1152360231364566,-0.497053144643662,9.56670129419328e-05
2023,NLD,Aluminium,ore,integrated,-0.2437552322444394,-0.2158128676690631,-0.3591380421000015,8.67538658890323e-05
2023,KOR,Aluminium,ore,integrated,-0.271035896778585,-0.2423280476458188,-0.0010059382894661,6.953932067428049e-05
2023,TUR,Aluminium,ore,integrated,-0.3628971004512075,-0.3304029288249942,-0.3364671859508037,4.22973267398202e-05
2023,MEX,Aluminium,ore,integrated,-0.2510425567724503,-0.1930845885192728,-0.3395666145098548,4.109421348000116e-05
2023,POL,Aluminium,ore,integrated,-0.1214398946199256,-0.0280881219940506,-0.2713730316909272,3.854660292505976e-05
2023,ITA,Aluminium,ore,integrated,-0.1198266197112279,-0.1176040530866085,-0.2648525743624131,3.3107806120633624e-05
2023,JPN,Aluminium,ore,integrated,-0.3619842962590871,-0.3115221826953471,-0.2858812407244656,2.9405557826887577e-05
2023,GBR,Aluminium,ore,integrated,-0.1657738081967232,-0.1326988278915063,-0.4510472691660183,2.5354586034167305e-05
2024,CHN,Copper,metal,direct_partner,-0.1600511608040536,-0.0580216472288404,0.0317860340888137,0.0140872215131792
2024,USA,Copper,metal,direct_partner,-0.4253458329422176,-0.1169158462887619,0.5013399544327434,0.0035437204620998
2024,ITA,Copper,metal,direct_partner,-0.0670203237906177,-0.0123691659532111,0.093837697404339,0.0019929942903348
2024,DEU,Copper,metal,direct_partner,-0.0803920428261192,-0.0103135682711839,0.4968061446924608,0.0014787034040254
2024,TUR,Copper,metal,direct_partner,-0.1776972575350531,-0.0180789921005928,0.4018168843681896,0.0013749015978417
2024,THA,Copper,metal,direct_partner,-0.0778631576129776,-0.0257437629867068,0.0923128932339029,0.0012982081077112
2024,IND,Copper,metal,direct_partner,-0.4485682448472503,-0.0133257392311297,-0.4732112421433863,0.001117866281532
2024,BRA,Copper,metal,direct_partner,-0.567621622651872,-0.1617452304612716,0.2497830106660743,0.0010762344949916
2024,KOR,Copper,metal,direct_partner,-0.1786449987439107,-0.0593307576209358,0.1585639138455206,0.0010057524192829
2024,MYS,Copper,metal,direct_partner,-0.1691096941948968,-0.0218201369787197,0.0042303292938091,0.0009261454291159
2024,VNM,Copper,metal,direct_partner,-0.1398727336311508,-0.0187769648271189,0.2187595600379469,0.0007937959430636
2024,SAU,Copper,metal,direct_partner,-0.2705893096283224,-0.0589423837250342,-0.2037835382295003,0.0006226643244065
2024,FRA,Copper,metal,direct_partner,-0.2883987219357273,-0.0832128025130532,-0.3818360305267277,0.0006087730787571
2024,ESP,Copper,metal,direct_partner,-0.2625320407441698,-0.0821869817432987,-0.2325806402821988,0.0005449619646385
2024,MEX,Copper,metal,direct_partner,-0.5506689460550045,-0.0756822492875144,0.1874221625909564,0.0005285524581905
2024,SWE,Copper,metal,direct_partner,-0.0982227119443363,-0.0349518672616964,0.1744780314307251,0.0004674144668312
2024,CHE,Copper,metal,direct_partner,-0.7152656592507036,-0.0921945852218596,-0.3489794517516893,0.0003888430022592
2024,NLD,Copper,metal,direct_partner,-0.1437145215634712,-0.0551886870677527,-0.1680697354194905,0.0003489717105962
2024,IDN,Copper,metal,direct_partner,-0.2328981182470647,-0.0144125470212748,0.098579316832708,0.000342095281036
2024,BEL,Copper,metal,direct_partner,-0.2535050035969748,-0.0372642764286617,0.3688704694741295,0.0001494944908984
2024,FIN,Copper,metal,direct_partner,-0.5026224101801585,-0.0424285214028847,0.3186703750316503,0.0001146936583123
2024,CAN,Copper,metal,direct_partner,-0.3493362001586301,-0.0944699735444685,-0.2222296188014051,0.000109053528391
2024,ARE,Copper,metal,direct_partner,-0.8255435459947731,-0.1250333063759826,5.3270499122959336e-11,0.0001032641042348
2024,BGR,Copper,metal,direct_partner,-0.3283853875939164,-0.0376358747431503,0.287275858142733,0.0001031368814673
2024,SGP,Copper,metal,direct_partner,-0.0793594790215151,-0.0142663218477431,-0.0173420074768925,9.21484694152787e-05
2024,ZAF,Copper,metal,direct_partner,-0.3453464177760964,-0.0620090119280269,0.1085594507365383,8.67457066415428e-05
2024,BGD,Copper,metal,direct_partner,-0.4311619617625904,-0.0773873809913687,-0.3294935852117355,6.656445784795354e-05
2024,HRV,Copper,metal,direct_partner,-0.6367171073784759,-0.1108561397749977,0.3219709625296495,5.177171047255622e-05
2024,GBR,Copper,metal,direct_partner,-0.7821079159475304,-0.1026134028884313,0.7456665265285966,3.97134630935578e-05
2024,AUT,Copper,metal,direct_partner,-0.530518136789196,-0.0912765896108676,0.1814809753865334,3.2983070456329856e-05
2024,POL,Copper,metal,direct_partner,-0.4899280338271938,-0.0495551490024149,0.4201463901772613,2.8236021588055168e-05
2024,JPN,Copper,metal,direct_partner,-0.1529030676295787,-0.0187489685358171,-0.2549701590312131,2.6173362761232188e-05
2024,CZE,Copper,metal,direct_partner,-0.2498448793016175,-0.0374037419299559,0.0,2.1845384450965896e-05
2024,SVK,Copper,metal,direct_partner,-0.249152655016658,-0.0517775024802252,0.1016210524531386,1.7259393154214024e-05
2024,PHL,Copper,metal,direct_partner,-0.7804526226876285,0.0149500849379477,0.0373250914127134,8.88937181094711e-06
2024,DZA,Copper,metal,direct_partner,-0.7016853863997571,-0.1242821788787357,-0.3256787094146838,7.673858292089293e-06
2024,ECU,Copper,metal,direct_partner,-0.7300766942565926,-0.1601716219861379,0.407880956185831,5.171357575864687e-06
2024,HUN,Copper,metal,direct_partner,-0.123601057544264,-0.0048944765384941,0.151858206367425,5.142839512646894e-06
2024,CHN,Copper,metal,integrated,-0.1370783033408849,-0.0420042564392975,-0.1890146655416875,0.0140872215131792
2024,USA,Copper,metal,integrated,-0.3233735910245752,-0.0647122760246688,-0.0408848847929268,0.0035437204620998
2024,ITA,Copper,metal,integrated,-0.0256108516691849,-0.018548314904985,-0.2051000891540121,0.0019929942903348
2024,DEU,Copper,metal,integrated,-0.0148066018325902,-0.0081313663808497,-0.2066188193756448,0.0014787034040254
2024,TUR,Copper,metal,integrated,-0.0743443814031294,-0.0192916532711793,-0.1945792709381198,0.0013749015978417
2024,THA,Copper,metal,integrated,-0.0380058200479157,-0.0231655067296407,-0.3272889826353696,0.0012982081077112
2024,IND,Copper,metal,integrated,-0.425766928686119,-0.0173812825521603,-0.605841458058169,0.001117866281532
2024,BRA,Copper,metal,integrated,-0.3180235092074968,-0.084663151780468,-0.0047349505848608,0.0010762344949916
2024,KOR,Copper,metal,integrated,-0.1377149723383418,-0.0360826872790711,-0.0113408361821652,0.0010057524192829
2024,MYS,Copper,metal,integrated,-0.1355712605416466,-0.0301753344858628,-0.0322564452426697,0.0009261454291159
2024,VNM,Copper,metal,integrated,-0.0950596996387884,-0.009811350443639,-0.0037809539352229,0.0007937959430636
2024,SAU,Copper,metal,integrated,-0.2610168019131221,-0.0697115554723749,-0.3034698321187872,0.0006226643244065
2024,FRA,Copper,metal,integrated,-0.2486942648932615,-0.0876599988780233,-0.4966705226143852,0.0006087730787571
2024,ESP,Copper,metal,integrated,-0.242346648272632,-0.0951796928376996,-0.470242043360919,0.0005449619646385
2024,MEX,Copper,metal,integrated,-0.430965699962706,-0.0366248407509798,-1.347811845347983e-06,0.0005285524581905
2024,SWE,Copper,metal,integrated,-0.0292430327972275,-0.0320611901051009,-0.1898683252607129,0.0004674144668312
2024,CHE,Copper,metal,integrated,-0.7519962113654152,-0.1322907480661793,-0.6829203262705461,0.0003888430022592
2024,NLD,Copper,metal,integrated,-0.0943111766220484,-0.0616275479605148,-0.6376129838408505,0.0003489717105962
2024,IDN,Copper,metal,integrated,-0.1998752542691108,0.0016137382164377,-4.152521747101408e-06,0.000342095281036
2024,BEL,Copper,metal,integrated,-0.1542506921797456,-0.0495957957024877,-0.3095196881292431,0.0001494944908984
2024,FIN,Copper,metal,integrated,-0.3657141851198398,-0.0485506021529643,-0.1086891148443393,0.0001146936583123
2024,CAN,Copper,metal,integrated,-0.3126253403356211,-0.0875077087597849,-0.2547313519354933,0.000109053528391
2024,ARE,Copper,metal,integrated,-0.7955327397940507,-0.138660128402,-0.2976270581461316,0.0001032641042348
2024,BGR,Copper,metal,integrated,-0.2764612124326227,-0.0497028554300971,-0.0659220101913726,0.0001031368814673
2024,SGP,Copper,metal,integrated,-0.0543998006494068,-0.0161335985261672,-0.0819812276888865,9.21484694152787e-05
2024,ZAF,Copper,metal,integrated,-0.2939914495182302,-0.074304281017182,-0.1662822823637099,8.67457066415428e-05
2024,BGD,Copper,metal,integrated,-0.2868566092274941,-0.0643758487070637,-0.7427968339416716,6.656445784795354e-05
2024,HRV,Copper,metal,integrated,-0.5636276860727895,-0.10451495521258,7.460234150746826e-13,5.177171047255622e-05
2024,GBR,Copper,metal,integrated,-0.7307513950664768,-0.1197857426686713,-0.0003286133450068,3.97134630935578e-05
2024,AUT,Copper,metal,integrated,-0.4136181799487478,-0.0725558665957548,-0.021386154635069,3.2983070456329856e-05
2024,POL,Copper,metal,integrated,-0.3993250981657381,-0.0738472481259408,-0.0243345732418702,2.8236021588055168e-05
2024,JPN,Copper,metal,integrated,-0.13495551019858,-0.00901512637343,-0.3748112706243997,2.6173362761232188e-05
2024,CZE,Copper,metal,integrated,-0.1998763742720621,-0.0326996439983809,0.0,2.1845384450965896e-05
2024,SVK,Copper,metal,integrated,-0.1796178548838092,-0.0402157110551387,-0.0119085967369952,1.7259393154214024e-05
2024,PHL,Copper,metal,integrated,-0.7878601992511847,0.0147538305245218,-0.0006862260172334,8.88937181094711e-06
2024,DZA,Copper,metal,integrated,-0.5641641334359505,-0.0974935271862326,-0.5999042978980058,7.673858292089293e-06
2024,ECU,Copper,metal,integrated,-0.4894706154093836,-0.1042260666101387,4.902932323781298e-14,5.171357575864687e-06
2024,HUN,Copper,metal,integrated,-0.0689490749202113,-0.0127293900378562,1.15039109075308e-13,5.142839512646894e-06
2024,CHN,Copper,ore,direct_partner,-0.1009520668996439,-0.0899470351705563,0.0459060740215716,0.0274341052924402
2024,JPN,Copper,ore,direct_partner,-0.1089527762456335,-0.0883722647063873,0.0845653395156892,0.0055397936072099
2024,KOR,Copper,ore,direct_partner,-0.0982917043866279,-0.0881438308999752,0.0892697097685887,0.0019811294708298
2024,IND,Copper,ore,direct_partner,-0.1102714749027267,-0.0923412231617544,-0.0347669599492089,0.0016466594482661
2024,BGR,Copper,ore,direct_partner,-0.0695421863374516,-0.0586234473131439,0.0648884088712322,0.0010768152497385
2024,ESP,Copper,ore,direct_partner,-0.0931235193321907,-0.0791181151573174,-0.0472748069995493,0.0010545066370061
2024,DEU,Copper,ore,direct_partner,-0.1025623613161217,-0.0904680037891935,-0.0151401437286687,0.0010147516730805
2024,PHL,Copper,ore,direct_partner,0.0040385348611432,0.0098926565018957,-0.0247272963404959,0.000902544334136
2024,MEX,Copper,ore,direct_partner,-0.4040570965281205,-0.3526514007068367,-6.11750596987636e-07,0.000520748231368
2024,FIN,Copper,ore,direct_partner,-0.062191906243163,-0.0530713974965889,-0.0067101618376737,0.0004365941449712
2024,SWE,Copper,ore,direct_partner,-0.1019881377332894,-0.0805979122652295,-0.1546463052736643,0.0003341621324382
2024,CAN,Copper,ore,direct_partner,-0.2330312845859606,-0.1972556540540559,-0.0335990528908715,0.0003092197648285
2024,POL,Copper,ore,direct_partner,-0.5704303714516366,-0.5008159060478974,-0.1023782558019732,0.0002309660227398
2024,NAM,Copper,ore,direct_partner,-0.2026246114750937,-0.1771749530783687,-0.1210358924591422,0.0001785459331233
2024,MYS,Copper,ore,direct_partner,-0.0639467031872679,-0.0555572192104686,-0.0023525180425303,0.0001293225809434
2024,RUS,Copper,ore,direct_partner,-0.74286241014256,-0.6712687071786151,-0.0928339285899129,9.63944677479841e-05
2024,UZB,Copper,ore,direct_partner,-0.0838320660413581,-0.0767515672855398,0.0894635495926309,9.0333035445949e-05
2024,BEL,Copper,ore,direct_partner,-0.4921875091566763,-0.4235391936120928,0.9897820143741324,6.933416334754992e-05
2024,ZMB,Copper,ore,direct_partner,-0.762772905631285,-0.6964657118322986,-0.7127789667598097,6.260445859509401e-05
2024,MOZ,Copper,ore,direct_partner,-0.6927156647669541,-0.620109028348109,0.7210953885077949,4.993038237393644e-05
2024,PER,Copper,ore,direct_partner,-0.1847080947923875,-0.1582894334574421,0.0263840641952477,3.884294068921838e-05
2024,CHL,Copper,ore,direct_partner,-0.2031953356082419,-0.180846688595842,0.2129715436679306,3.671250197300012e-05
2024,GEO,Copper,ore,direct_partner,-0.4126890248179314,-0.3584515815225016,0.5994339528506473,3.250488110355582e-05
2024,KAZ,Copper,ore,direct_partner,-0.5889602625029549,-0.5333516684457255,-0.452126955601403,2.808066948832394e-05
2024,KHM,Copper,ore,direct_partner,-0.0787557506480699,-0.046326762751906,-0.3596765311080595,5.3706096535808775e-06
2024,PRT,Copper,ore,direct_partner,-0.7779796845763298,-0.7543167090561245,0.2906111548994105,5.3229292670852605e-06
2024,CHN,Copper,ore,integrated,-0.0740057530135596,-0.0616662046369858,-0.0846570073681313,0.0274341052924402
2024,JPN,Copper,ore,integrated,-0.0588469735167884,-0.0520004599150307,-0.0001390752785087,0.0055397936072099
2024,KOR,Copper,ore,integrated,-0.0566865538268856,-0.0532871924466863,-0.0174481965757771,0.0019811294708298
2024,IND,Copper,ore,integrated,-0.1420025545187516,-0.1281552284675825,-0.0686509072384746,0.0016466594482661
2024,BGR,Copper,ore,integrated,-0.0459210010122455,-0.0447367523292187,-0.3366315662533374,0.0010768152497385
2024,ESP,Copper,ore,integrated,-0.0766045277887896,-0.0716841256558463,-0.360666448796181,0.0010545066370061
2024,DEU,Copper,ore,integrated,-0.1172824982025241,-0.1098405974940778,-0.2301021191958411,0.0010147516730805
2024,PHL,Copper,ore,integrated,0.0285045923762281,0.0284481540122204,-0.0552451565053386,0.000902544334136
2024,MEX,Copper,ore,integrated,-0.4040520693111171,-0.3526650709456498,-6.117894278115272e-07,0.000520748231368
2024,FIN,Copper,ore,integrated,-0.0429907540508691,-0.0359019370907616,-0.1490821007874852,0.0004365941449712
2024,SWE,Copper,ore,integrated,-0.102570919970255,-0.0840524465394177,-0.2019091841623981,0.0003341621324382
2024,CAN,Copper,ore,integrated,-0.1104526757562503,-0.0891606374449281,-0.1277652483455008,0.0003092197648285
2024,POL,Copper,ore,integrated,-0.7684713037655221,-0.6883866546426199,-0.6301988397165174,0.0002309660227398
2024,NAM,Copper,ore,integrated,-0.3362846486509138,-0.3017832532093957,-0.189207657559411,0.0001785459331233
2024,MYS,Copper,ore,integrated,-0.0625782533380437,-0.0592532440398417,-0.0190701701870622,0.0001293225809434
2024,RUS,Copper,ore,integrated,-0.721598392906536,-0.65279832073312,-0.0512990499950407,9.63944677479841e-05
2024,UZB,Copper,ore,integrated,-0.0807894014553234,-0.0777216236124878,0.0,9.0333035445949e-05
2024,BEL,Copper,ore,integrated,-0.6087539028416384,-0.5662964772573642,-0.0083698626494255,6.933416334754992e-05
2024,ZMB,Copper,ore,integrated,-0.6606599436477617,-0.6027854167042737,-0.5119276357584721,6.260445859509401e-05
2024,MOZ,Copper,ore,integrated,-0.2170674863957372,-0.1959243621798432,5.751040480502046e-14,4.993038237393644e-05
2024,PER,Copper,ore,integrated,-0.1432593161782139,-0.1210164710591628,-1.0876343277444498e-08,3.884294068921838e-05
2024,CHL,Copper,ore,integrated,-0.0506863081263846,-0.0444899923175895,-2.845088439948231e-05,3.671250197300012e-05
2024,GEO,Copper,ore,integrated,-0.5844389135718473,-0.5266729449846999,4.1341437694828285e-14,3.250488110355582e-05
2024,KAZ,Copper,ore,integrated,-0.4710252607860065,-0.4271782366215366,-0.6012046385664084,2.808066948832394e-05
2024,KHM,Copper,ore,integrated,-0.0429131765877818,-0.0499148858465655,-0.3265049108799663,5.3706096535808775e-06
2024,PRT,Copper,ore,integrated,-0.3226916386529457,-0.3208690343442062,-0.0004446068733571,5.3229292670852605e-06
2012,CHN,Copper,metal,direct_partner,-0.1092707146262335,-0.0654433804077399,0.1706079816733458,0.0164174539498984
2012,USA,Copper,metal,direct_partner,-0.3467002181312059,-0.1097940413134059,0.4629285040766582,0.0033252756058271
2012,ITA,Copper,metal,direct_partner,-0.1161119462236194,-0.0541986028112306,-0.1268629549107538,0.0029111328976844
2012,DEU,Copper,metal,direct_partner,-0.1161480608279659,-0.0151884974288699,0.5774588676328016,0.0027945376271041
2012,CHE,Copper,metal,direct_partner,-0.6221660305318121,-0.058297032801185,-0.4487713499426787,0.0023730424747772
2012,TUR,Copper,metal,direct_partner,-0.1111966885027058,-0.015824160408745,0.4495683049656538,0.0018069508670996
2012,NLD,Copper,metal,direct_partner,-0.2792850878880855,-0.0818363272767974,0.1147337762673505,0.0016085143435567
2012,KOR,Copper,metal,direct_partner,-0.2801683447196658,-0.1077352709088131,0.1524169340150883,0.0015777672398206
2012,BRA,Copper,metal,direct_partner,-0.4623718468551969,-0.1466666034668867,0.2261498707858522,0.0013823555411087
2012,ARE,Copper,metal,direct_partner,-0.3406908217234348,-0.0455907549071624,0.0781014995654668,0.0013667409549011
2012,THA,Copper,metal,direct_partner,-0.1129926875563865,-0.0124245510888069,0.0806760323218196,0.0012948855023068
2012,MYS,Copper,metal,direct_partner,-0.1839003852424385,-0.0338557571890223,-0.0201214037674741,0.0010732914261268
2012,FRA,Copper,metal,direct_partner,-0.3194019026179111,-0.1207746860085182,-0.3798146367077987,0.0007990210431444
2012,GBR,Copper,metal,direct_partner,-0.298294777311389,-0.0511422045381738,-0.2151158301926407,0.0006888331061646
2012,VNM,Copper,metal,direct_partner,-0.1074332178545362,-0.0413003308415947,0.1830878525643759,0.0004981078389569
2012,IDN,Copper,metal,direct_partner,-0.2838942183085482,-0.0259142500639422,0.0496601207195187,0.0004799562380169
2012,RUS,Copper,metal,direct_partner,-0.7316139900001407,-0.130804575263821,-0.4352224927727937,0.0004163896595159
2012,BEL,Copper,metal,direct_partner,-0.3825623899539274,0.0052952097528565,0.5789424126905427,0.0003698111219379
2012,ESP,Copper,metal,direct_partner,-0.2343902975568461,-0.1012696408062607,-0.0400968937275025,0.0002170985840973
2012,SGP,Copper,metal,direct_partner,-0.0658156244309074,-0.0335822118920277,-1.3744561044859438e-13,0.0001965320895253
2012,SWE,Copper,metal,direct_partner,-0.5184687098102215,-0.0357405579262386,0.4389511127284233,0.0001856154156931
2012,JPN,Copper,metal,direct_partner,-0.4817855622686464,-0.1512762204096341,0.0761879924902059,0.0001841376466078
2012,SVK,Copper,metal,direct_partner,-0.0979919572540437,-0.0165843718749323,0.0961438197332153,0.0001509792627985
2012,MEX,Copper,metal,direct_partner,-0.3032793013768101,-0.0827919545514605,0.2469387232221963,0.0001261772601848
2012,CZE,Copper,metal,direct_partner,-0.0533327530646667,-0.0052418307461592,0.0,0.0001173490475241
2012,AUS,Copper,metal,direct_partner,-0.7230962501092522,-0.2213212119550117,0.0035319176943124,0.0001109684669836
2012,ZAF,Copper,metal,direct_partner,-0.5936388491628064,-0.064461330151893,0.3616504115186021,0.0001051597155543
2012,SRB,Copper,metal,direct_partner,-0.7127587305197185,-0.1219199217370985,0.4290991439579797,7.676205536730752e-05
2012,IND,Copper,metal,direct_partner,-0.1745738434127592,-0.0457564070719481,-0.0286319241364624,6.717132080632581e-05
2012,FIN,Copper,metal,direct_partner,-0.3435474522434498,-0.0944618605705576,0.3749064490453287,6.545981501234572e-05
2012,NAM,Copper,metal,direct_partner,-0.718891764275301,-0.0841631819376203,0.1231920202942739,6.048552016267389e-05
2012,ARG,Copper,metal,direct_partner,-0.6158826078768767,-0.1785402458881592,0.1232063323542134,5.433044497327755e-05
2012,AUT,Copper,metal,direct_partner,-0.3012296396684669,-0.0333394873628462,0.2364046959275673,4.5262386859557085e-05
2012,BGR,Copper,metal,direct_partner,-0.2087148773882323,-0.0092331177587387,0.1196697598500687,3.5724343088474025e-05
2012,PRT,Copper,metal,direct_partner,-0.364180705598656,-0.0563109681307057,0.2831662923367039,2.003754539605787e-05
2012,ECU,Copper,metal,direct_partner,-0.6437543496826265,-0.1276176234800388,0.2474551738348644,1.8357173667515404e-05
2012,PHL,Copper,metal,direct_partner,-0.1014368590696324,0.0004410073929392,0.0868891817739001,6.633743489215456e-06
2012,CHN,Copper,metal,integrated,-0.0835785687671365,-0.043185649252688,-0.124515230751648,0.0164174539498984
2012,USA,Copper,metal,integrated,-0.1870439613895347,-0.0239414855274511,-0.0006938527699989,0.0033252756058271
2012,ITA,Copper,metal,integrated,-0.0758042860177714,-0.0617627717419301,-0.3514815572223029,0.0029111328976844
2012,DEU,Copper,metal,integrated,-0.0541503738528438,-0.0225091836392239,-0.1242551025162403,0.0027945376271041
2012,CHE,Copper,metal,integrated,-0.6592152874282236,-0.0731973746258768,-0.5780819297857068,0.0023730424747772
2012,TUR,Copper,metal,integrated,0.012171303829901,-0.018855660424757,-0.1797475897507099,0.0018069508670996
2012,NLD,Copper,metal,integrated,-0.1838951472987443,-0.0943490795247264,-0.4640184623882103,0.0016085143435567
2012,KOR,Copper,metal,integrated,-0.1830510999800304,-0.0519673426643987,-0.1534656675640925,0.0015777672398206
2012,BRA,Copper,metal,integrated,-0.1444524005041682,-0.0454813882563095,-0.0303974418892781,0.0013823555411087
2012,ARE,Copper,metal,integrated,-0.2910159543135069,-0.0547246279349024,0.0093569244900967,0.0013667409549011
2012,THA,Copper,metal,integrated,-0.0909362259794951,-0.0242872518534378,-0.2294661271307292,0.0012948855023068
2012,MYS,Copper,metal,integrated,-0.0863783889544418,-0.0265358319724524,-0.1272012986831499,0.0010732914261268
2012,FRA,Copper,metal,integrated,-0.2743271256863223,-0.1143200682543813,-0.4278803917406732,0.0007990210431444
2012,GBR,Copper,metal,integrated,-0.2634174863024037,-0.0475630251980911,-0.4366619111235165,0.0006888331061646
2012,VNM,Copper,metal,integrated,-0.0575683033528825,-0.0122269144775644,-0.0886126995615653,0.0004981078389569
2012,IDN,Copper,metal,integrated,-0.202919327570362,0.0104470843027261,-0.0078211053924289,0.0004799562380169
2012,RUS,Copper,metal,integrated,-0.7020862389619398,-0.1268766639329709,-0.575396913199741,0.0004163896595159
2012,BEL,Copper,metal,integrated,-0.3408172672170462,-0.0255878770667028,-0.183897848576523,0.0003698111219379
2012,ESP,Copper,metal,integrated,-0.2260265093842153,-0.1215096686848733,-0.4362141810461234,0.0002170985840973
2012,SGP,Copper,metal,integrated,-0.0224181977112698,-0.0344181145780715,-0.0396029745502809,0.0001965320895253
2012,SWE,Copper,metal,integrated,-0.4646258497139399,-0.0738189150690517,-0.0142561545249284,0.0001856154156931
2012,JPN,Copper,metal,integrated,-0.2216483776216157,-0.0655072498594964,-0.0120193022010013,0.0001841376466078
2012,SVK,Copper,metal,integrated,-0.065898309559108,-0.0128011654405297,-2.150119025097715e-05,0.0001509792627985
2012,MEX,Copper,metal,integrated,-0.135139468107977,-0.0233811291969456,-1.3105515037319692e-05,0.0001261772601848
2012,CZE,Copper,metal,integrated,-0.0448978047794702,-0.0051307994669022,0.0,0.0001173490475241
2012,AUS,Copper,metal,integrated,-0.658210657457177,-0.2231856703453447,-0.0002551079956052,0.0001109684669836
2012,ZAF,Copper,metal,integrated,-0.3781976184694083,-0.075092149714102,-0.0264405710173635,0.0001051597155543
2012,SRB,Copper,metal,integrated,-0.2173828991346176,-0.0374715224161716,2.145160543272073e-13,7.676205536730752e-05
2012,IND,Copper,metal,integrated,-0.0958261859050692,-0.0525332850800819,-0.2222316909833669,6.717132080632581e-05
2012,FIN,Copper,metal,integrated,-0.1950000158894949,-0.101693570714526,-0.0048331474973683,6.545981501234572e-05
2012,NAM,Copper,metal,integrated,-0.4878200032266125,-0.0328994310000382,0.0,6.048552016267389e-05
2012,ARG,Copper,metal,integrated,-0.2209729328126117,-0.0577393640898168,-4.165222242575993e-05,5.433044497327755e-05
2012,AUT,Copper,metal,integrated,-0.212834978171494,-0.0253461997045005,2.8401755453228377e-13,4.5262386859557085e-05
2012,BGR,Copper,metal,integrated,-0.1255622781515961,-0.0248499911163736,-0.4020096656802235,3.5724343088474025e-05
2012,PRT,Copper,metal,integrated,-0.1856669369164323,-0.0286750008041096,-0.1694738445525753,2.003754539605787e-05
2012,ECU,Copper,metal,integrated,-0.4866751947594486,-0.0903399881600921,0.0,1.8357173667515404e-05
2012,PHL,Copper,metal,integrated,-0.0724089102934402,0.0174228649703291,-0.0287831565703775,6.633743489215456e-06
2012,CHN,Copper,ore,direct_partner,-0.0779058569420052,-0.0733869297631445,0.1080347188351315,0.0111805434976773
2012,JPN,Copper,ore,direct_partner,-0.1310038803778986,-0.1255868464898321,0.057984159508564,0.0072609229728344
2012,IND,Copper,ore,direct_partner,-0.1482069860870782,-0.1453332876574028,-0.2997610670138259,0.0032438691035363
2012,KOR,Copper,ore,direct_partner,-0.1045316283642053,-0.1014697895802605,0.0228926986306782,0.0029477281235204
2012,DEU,Copper,ore,direct_partner,-0.0776028415549545,-0.0716990074105375,-0.0049766648712187,0.0019614482300972
2012,ESP,Copper,ore,direct_partner,-0.1048985871913673,-0.1013642920760268,-0.3327748035229566,0.0018354710124323
2012,BGR,Copper,ore,direct_partner,-0.1283774146661153,-0.1129132730259472,0.2276386487627085,0.0015449116734159
2012,FIN,Copper,ore,direct_partner,-0.1153747070863756,-0.1028290238196296,0.0778506698856732,0.0007044619537616
2012,ZMB,Copper,ore,direct_partner,-0.5329463440161284,-0.4803041086224126,-0.7524148086733924,0.0005550792575144
2012,SWE,Copper,ore,direct_partner,-0.0526976347064946,-0.0449103797076857,-0.0262201646300958,0.0004759955650933
2012,PHL,Copper,ore,direct_partner,-0.0639660650361092,-0.0521122905643624,0.0560885059966663,0.0004124669082973
2012,BRA,Copper,ore,direct_partner,-0.3473674158829871,-0.3251244323797881,0.0116272211528203,0.0003901084493463
2012,CAN,Copper,ore,direct_partner,-0.5339610240219108,-0.4738492404665904,-0.0013650295075693,0.0003496339497859
2012,CHL,Copper,ore,direct_partner,-0.4270562062051876,-0.3873561230504967,0.1323388260856434,0.0002889360423628
2012,MEX,Copper,ore,direct_partner,-0.0702588104506554,-0.0589097572949717,-0.0038674832184728,0.0001746305138835
2012,BEL,Copper,ore,direct_partner,-0.2173935236654824,-0.1870970441901232,-0.0504461055347553,0.0001517263695156
2012,RUS,Copper,ore,direct_partner,-0.8170924939214412,-0.7406173457903297,-0.1422297903359264,0.0001297492967988
2012,POL,Copper,ore,direct_partner,-0.1548519922620602,-0.1552872209763339,-0.1240038425686219,0.0001044118400786
2012,CHE,Copper,ore,direct_partner,-0.2294918753357376,-0.1975990037665468,0.0537992996113783,0.0001013418454353
2012,USA,Copper,ore,direct_partner,-0.3555788929438899,-0.3078669172131364,0.142942135945553,6.875077067298756e-05
2012,OMN,Copper,ore,direct_partner,-0.3868437548024833,-0.3271345723467371,-0.2374383177127086,1.2580271275322882e-05
2012,CHN,Copper,ore,integrated,-0.037984112429837,-0.0373537089075728,-0.1094076071698396,0.0111805434976773
2012,JPN,Copper,ore,integrated,-0.1100347383122396,-0.1062395604072702,-0.0010976565795968,0.0072609229728344
2012,IND,Copper,ore,integrated,-0.1729984973736599,-0.1694424521005272,-0.3253615135337787,0.0032438691035363
2012,KOR,Copper,ore,integrated,-0.0751543414789377,-0.0735971955054393,-0.0347564926909169,0.0029477281235204
2012,DEU,Copper,ore,integrated,-0.0849124383004093,-0.0792213967760184,-0.025173631700103,0.0019614482300972
2012,ESP,Copper,ore,integrated,-0.1055757970109576,-0.1039710187528895,-0.4738355121971556,0.0018354710124323
2012,BGR,Copper,ore,integrated,-0.1191732295617847,-0.1086817685712331,-0.140974745246849,0.0015449116734159
2012,FIN,Copper,ore,integrated,-0.114330624927822,-0.0963660873318695,-0.0437461297091306,0.0007044619537616
2012,ZMB,Copper,ore,integrated,-0.6422075999525154,-0.579466018537727,-0.6412335345619354,0.0005550792575144
2012,SWE,Copper,ore,integrated,-0.0517048149723773,-0.0398546240976909,-0.1085517417797871,0.0004759955650933
2012,PHL,Copper,ore,integrated,-0.0380137200111833,-0.0337560084597248,8.094365150543792e-13,0.0004124669082973
2012,BRA,Copper,ore,integrated,-0.3569098301841812,-0.3341226624951858,-0.0023313871920116,0.0003901084493463
2012,CAN,Copper,ore,integrated,-0.5179107566487727,-0.458632986468229,-0.0013650295008598,0.0003496339497859
2012,CHL,Copper,ore,integrated,-0.3536263744987667,-0.3210533634917601,1.3106244288756514e-12,0.0002889360423628
2012,MEX,Copper,ore,integrated,-0.0209808693604278,-0.0184914204017783,-0.1902055543994737,0.0001746305138835
2012,BEL,Copper,ore,integrated,-0.190598427773483,-0.1631122206205716,-0.2924797480123275,0.0001517263695156
2012,RUS,Copper,ore,integrated,-0.6693671679446637,-0.6300687717184821,-0.2046717097459688,0.0001297492967988
2012,POL,Copper,ore,integrated,-0.184423859422924,-0.1857466676025426,-0.209272104958011,0.0001044118400786
2012,CHE,Copper,ore,integrated,-0.2061906987449824,-0.1815728250875874,-0.270757554633312,0.0001013418454353
2012,USA,Copper,ore,integrated,-0.2495465820744127,-0.2127031643985061,-0.002847594769588,6.875077067298756e-05
2012,OMN,Copper,ore,integrated,-0.5802618979619087,-0.5196497291592244,-0.5466799316309208,1.2580271275322882e-05
2013,CHN,Copper,metal,direct_partner,-0.0963606199185917,-0.0594311239198781,0.1564496016520105,0.0155186632847359
2013,USA,Copper,metal,direct_partner,-0.3625726581820707,-0.1097139309934563,0.4340088356794218,0.0035494929830509
2013,ITA,Copper,metal,direct_partner,-0.0801889945841997,-0.0394697439578491,-0.1163084503140717,0.0026927873558285
2013,DEU,Copper,metal,direct_partner,-0.1040173566757053,-0.0174098996984317,0.5507043281696186,0.0025523503279963
2013,MYS,Copper,metal,direct_partner,-0.074741848617046,-0.0201835579590564,-0.0105814911371844,0.0025377619337846
2013,CHE,Copper,metal,direct_partner,-0.6912666866006367,-0.0786957877706906,-0.518598191526723,0.0025263465884113
2013,TUR,Copper,metal,direct_partner,-0.1055036511405863,-0.0124172287058012,0.3899727735572385,0.001701742012367
2013,ARE,Copper,metal,direct_partner,-0.2626880512042423,-0.0281818192491848,0.0501774793687755,0.0015693514418136
2013,NLD,Copper,metal,direct_partner,-0.2756654131891012,-0.0750003281458678,0.1922925284780495,0.0014215489122732
2013,KOR,Copper,metal,direct_partner,-0.2648903582692655,-0.0995698121786045,0.1742711479102765,0.0014122367323043
2013,THA,Copper,metal,direct_partner,-0.1203634915840417,-0.009207066448351,0.1697342847849618,0.0012321253333794
2013,BRA,Copper,metal,direct_partner,-0.49555746530571,-0.1535790863260176,0.2252656638894493,0.0012167139832892
2013,FRA,Copper,metal,direct_partner,-0.2886662399999514,-0.1015587031191827,-0.3352010217373869,0.000844278579235
2013,VNM,Copper,metal,direct_partner,-0.0678116534680741,-0.0405677055844929,0.2175647998611997,0.000489928301276
2013,IDN,Copper,metal,direct_partner,-0.2452181274757484,-0.0209135658831478,0.0273186102548044,0.0004481214660969
2013,GBR,Copper,metal,direct_partner,-0.2227920835031096,-0.0358933570017713,-0.136590199684327,0.000324789441469
2013,BEL,Copper,metal,direct_partner,-0.196632898222274,-0.0489736760907768,0.2629178338143932,0.0002950220490066
2013,ESP,Copper,metal,direct_partner,-0.1125604971306087,-0.0601566649733938,-0.0727348538800097,0.0002915108415633
2013,GRC,Copper,metal,direct_partner,-0.3026907252329068,-0.1041104567136235,-0.1433653402865689,0.0002693813240166
2013,JPN,Copper,metal,direct_partner,-0.1832493858927336,-0.0769102099442021,0.1597726973056324,0.0001996237738398
2013,POL,Copper,metal,direct_partner,-0.1531586042223635,0.0120251612925188,0.2428023873167363,0.0001182167189951
2013,IND,Copper,metal,direct_partner,-0.1178074199282711,-0.0055016111234753,0.0891659044023548,0.0001157600797057
2013,NAM,Copper,metal,direct_partner,-0.5649463351262749,-0.0716559366687597,0.1857388081230233,0.000103578900669
2013,ZAF,Copper,metal,direct_partner,-0.6293826837454565,-0.0773668300269455,0.3335400863428188,8.953493383157291e-05
2013,MEX,Copper,metal,direct_partner,-0.408344219470884,-0.1256089681175627,0.188202782967986,8.257840516185058e-05
2013,ARG,Copper,metal,direct_partner,-0.6673678475660669,-0.1945557921176604,0.1322070855747585,5.112941746672956e-05
2013,SWE,Copper,metal,direct_partner,-0.4453126091733737,-0.0471908978816751,0.4743726449279409,4.141460879264295e-05
2013,SRB,Copper,metal,direct_partner,-0.7159671013980939,-0.1177249837952213,0.3642278055668677,4.0426645194672776e-05
2013,BGR,Copper,metal,direct_partner,-0.1085772827069014,0.0049624240874841,0.2531646984759325,3.704742840612553e-05
2013,AUT,Copper,metal,direct_partner,-0.4144842629344188,-0.0200491814072784,0.1978535138358801,3.5324290890042146e-05
2013,HUN,Copper,metal,direct_partner,-0.1784583587841644,-0.0169146828243593,0.1206826043096206,2.856819009081916e-05
2013,PRT,Copper,metal,direct_partner,-0.5701068686082231,-0.0947555194688805,0.5418523852530456,2.150538106946591e-05
2013,ECU,Copper,metal,direct_partner,-0.6570266971416534,-0.1172596226652178,0.2557581499241008,1.6293609069066667e-05
2013,RUS,Copper,metal,direct_partner,-0.7359361363029813,-0.1297607164978443,-0.4090063579390457,1.608872059828699e-05
2013,CAN,Copper,metal,direct_partner,-0.3943565980084804,-0.0588294862041878,0.2298535472056311,9.779117596046349e-06
2013,SGP,Copper,metal,direct_partner,-0.1793099869807022,-0.0148864188956563,0.2783250978159522,7.592547257499976e-06
2013,CHN,Copper,metal,integrated,-0.0753742547223892,-0.0393176665962604,-0.1477193712500079,0.0155186632847359
2013,USA,Copper,metal,integrated,-0.2371167619995104,-0.0379377489100111,-0.0251950449161672,0.0035494929830509
2013,ITA,Copper,metal,integrated,-0.0495522781301747,-0.0483331853530446,-0.3077589690299145,0.0026927873558285
2013,DEU,Copper,metal,integrated,-0.0375365113977058,-0.0179988260795447,-0.161305201475221,0.0025523503279963
2013,MYS,Copper,metal,integrated,-0.0400524392998739,-0.0184210862112409,-0.03939415794312,0.0025377619337846
2013,CHE,Copper,metal,integrated,-0.6993823589779141,-0.0958814092541209,-0.6231386661342433,0.0025263465884113
2013,TUR,Copper,metal,integrated,0.002609043474253,-0.0168967229517635,-0.1942874582651377,0.001701742012367
2013,ARE,Copper,metal,integrated,-0.2021785645694957,-0.0323744909697952,-0.0363112492736549,0.0015693514418136
2013,NLD,Copper,metal,integrated,-0.1805485097819866,-0.0883966899468919,-0.4231027934741405,0.0014215489122732
2013,KOR,Copper,metal,integrated,-0.1922747599561879,-0.050762801714309,-0.1386868156173658,0.0014122367323043
2013,THA,Copper,metal,integrated,-0.0793051557464118,-0.0118036226010369,-0.2497880358299604,0.0012321253333794
2013,BRA,Copper,metal,integrated,-0.2060768737608998,-0.0611926975888163,-0.00040902547669,0.0012167139832892
2013,FRA,Copper,metal,integrated,-0.2268065006737347,-0.1002434855510742,-0.402176360642128,0.000844278579235
2013,VNM,Copper,metal,integrated,-0.0237513194916696,-0.0185595531151898,-0.0596562848911812,0.000489928301276
2013,IDN,Copper,metal,integrated,-0.1943975760964765,0.002897083914358,-0.0280702676075358,0.0004481214660969
2013,GBR,Copper,metal,integrated,-0.1884118045318159,-0.0365784982426622,-0.4301303557071455,0.000324789441469
2013,BEL,Copper,metal,integrated,-0.1288596722454648,-0.0599794958089489,-0.3568427677788253,0.0002950220490066
2013,ESP,Copper,metal,integrated,-0.0928272662347831,-0.0689112858728982,-0.3870760223747881,0.0002915108415633
2013,GRC,Copper,metal,integrated,-0.1952758413588662,-0.1057436682198546,-0.527889252490876,0.0002693813240166
2013,JPN,Copper,metal,integrated,-0.1267811237681456,-0.0511930448537952,-0.0678741828507635,0.0001996237738398
2013,POL,Copper,metal,integrated,-0.1034207759117881,-0.0077567904448231,-1.8908279406459896e-05,0.0001182167189951
2013,IND,Copper,metal,integrated,-0.0465533620173298,-0.0192147681867094,-0.1079925776321343,0.0001157600797057
2013,NAM,Copper,metal,integrated,-0.2744903605576121,0.0021976448774919,-1.844260246855605e-05,0.000103578900669
2013,ZAF,Copper,metal,integrated,-0.4499915337093062,-0.0891127310023816,-0.0094581057028323,8.953493383157291e-05
2013,MEX,Copper,metal,integrated,-0.2359697474429167,-0.0640666976576146,-0.000362975129444,8.257840516185058e-05
2013,ARG,Copper,metal,integrated,-0.3325922837850356,-0.0873187685470833,8.553192094897788e-15,5.112941746672956e-05
2013,SWE,Copper,metal,integrated,-0.3661294595571084,-0.0648487746334928,-3.688428566307806e-05,4.141460879264295e-05
2013,SRB,Copper,metal,integrated,-0.2445844129390891,-0.0440046069813576,6.571707229006238e-14,4.0426645194672776e-05
2013,BGR,Copper,metal,integrated,-0.0161480000377891,0.0005971297711008,-0.1902298363259427,3.704742840612553e-05
2013,AUT,Copper,metal,integrated,-0.3171192089791224,-0.011326260719924,1.4865056429260724e-13,3.5324290890042146e-05
2013,HUN,Copper,metal,integrated,-0.1489213588134793,-0.0161937792493499,0.0,2.856819009081916e-05
2013,PRT,Copper,metal,integrated,-0.2174373850113792,-0.0520920854455117,-0.0318541103215715,2.150538106946591e-05
2013,ECU,Copper,metal,integrated,-0.482647936566178,-0.0892534017443351,1.9494570579277813e-13,1.6293609069066667e-05
2013,RUS,Copper,metal,integrated,-0.7012769232107585,-0.1291430299758979,-0.6431606153766803,1.608872059828699e-05
2013,CAN,Copper,metal,integrated,-0.2735804014072187,0.0029187152026615,-0.1014614370021869,9.779117596046349e-06
2013,SGP,Copper,metal,integrated,-0.0490643725959082,-0.0127011466387973,-0.0060308686367789,7.592547257499976e-06
2013,CHN,Copper,ore,direct_partner,-0.0943107019686684,-0.0899048739884565,0.1149266100139011,0.0123088721918508
2013,JPN,Copper,ore,direct_partner,-0.1439935447978825,-0.1371382021403457,0.051857839991424,0.0068289901232592
2013,IND,Copper,ore,direct_partner,-0.1354289264545487,-0.1332999268982283,-0.2261214504540367,0.0041363738117187
2013,KOR,Copper,ore,direct_partner,-0.1281767919599294,-0.1218012354176161,0.0128695276337256,0.0025678589503471
2013,BGR,Copper,ore,direct_partner,-0.1205503529327271,-0.1069750808690962,0.1528550183996737,0.0019770361562228
2013,DEU,Copper,ore,direct_partner,-0.0782063015131062,-0.071167228748336,-0.0088565308672509,0.0016688276826573
2013,ESP,Copper,ore,direct_partner,-0.1192654311044037,-0.1125770270565462,-0.2577461296995719,0.0015983565518474
2013,ZMB,Copper,ore,direct_partner,-0.6033116190632395,-0.5449513408213338,-0.7301842206958171,0.0009222819101894
2013,BRA,Copper,ore,direct_partner,-0.3714559615370043,-0.3465947272516669,0.028376378388368,0.0006909689063613
2013,FIN,Copper,ore,direct_partner,-0.1277516299460926,-0.1128478855404615,-0.052309388635679,0.000551579584323
2013,SWE,Copper,ore,direct_partner,-0.0790577302354698,-0.0702386233523216,-0.0060250572092376,0.0003199643720069
2013,MEX,Copper,ore,direct_partner,-0.4225142231622985,-0.3742523221257822,0.0079165624767641,0.0002831613327598
2013,CHL,Copper,ore,direct_partner,-0.504194704658739,-0.4568911549135234,0.1175032179403952,0.0002778842230804
2013,CAN,Copper,ore,direct_partner,-0.3524075920647476,-0.3119889909452527,0.0566768845617883,0.0001909448936483
2013,POL,Copper,ore,direct_partner,-0.1395008928370842,-0.125069515931196,-0.1117904242829253,0.0001815469355069
2013,CHE,Copper,ore,direct_partner,-0.4307340706830197,-0.3752055514234887,-0.0645970440220565,0.0001768965305493
2013,RUS,Copper,ore,direct_partner,-0.8312999604082459,-0.754819721253842,-0.1826064800635893,0.000127431523894
2013,NLD,Copper,ore,direct_partner,-0.1078018748351637,-0.0966978579128449,-0.0419868157118357,0.000107486672391
2013,USA,Copper,ore,direct_partner,-0.4080176369016045,-0.3573631570377023,0.126958575682863,5.886617576547099e-05
2013,ZAF,Copper,ore,direct_partner,-0.5792277892279727,-0.5043468575405863,0.8732203830555543,3.913273416394356e-05
2013,CHN,Copper,ore,integrated,-0.0523102650128193,-0.0524296273212051,-0.0943636644459201,0.0123088721918508
2013,JPN,Copper,ore,integrated,-0.118554335229804,-0.1138587436439477,-0.0092796125370737,0.0068289901232592
2013,IND,Copper,ore,integrated,-0.1556592849260675,-0.152769611904662,-0.2515945239784617,0.0041363738117187
2013,KOR,Copper,ore,integrated,-0.0921827165174654,-0.0884704790250366,-0.0453711015369364,0.0025678589503471
2013,BGR,Copper,ore,integrated,-0.1106782550037351,-0.1006735502842208,-0.1923812391139236,0.0019770361562228
2013,DEU,Copper,ore,integrated,-0.083235253982364,-0.0754902579860517,-0.054636628716199,0.0016688276826573
2013,ESP,Copper,ore,integrated,-0.1233411504302389,-0.1170027589658833,-0.4201096598545774,0.0015983565518474
2013,ZMB,Copper,ore,integrated,-0.627423545186873,-0.5668515773413269,-0.5879555490161145,0.0009222819101894
2013,BRA,Copper,ore,integrated,-0.3625815835877215,-0.3385574919588154,-3.042991256042413e-07,0.0006909689063613
2013,FIN,Copper,ore,integrated,-0.1232455268394701,-0.105522200099378,-0.1478103824815575,0.000551579584323
2013,SWE,Copper,ore,integrated,-0.0774760665677262,-0.0635840166491308,-0.0842370811884421,0.0003199643720069
2013,MEX,Copper,ore,integrated,-0.3433849869334653,-0.3013129240792723,-0.0243585073600059,0.0002831613327598
2013,CHL,Copper,ore,integrated,-0.4456495278721178,-0.4041758703342185,-2.907262686796518e-06,0.0002778842230804
2013,CAN,Copper,ore,integrated,-0.2660629008227597,-0.2320376906678784,-0.0229754584650308,0.0001909448936483
2013,POL,Copper,ore,integrated,-0.1248154274542719,-0.1218981642736612,-0.2055841879568001,0.0001815469355069
2013,CHE,Copper,ore,integrated,-0.4427305556744518,-0.3940237241255608,-0.4942986640789368,0.0001768965305493
2013,RUS,Copper,ore,integrated,-0.6382980596995003,-0.6228775355332619,-0.2664028407740201,0.000127431523894
2013,NLD,Copper,ore,integrated,-0.1080944629032639,-0.1004449542837325,-0.1880371185899577,0.000107486672391
2013,USA,Copper,ore,integrated,-0.2812748140173093,-0.2404577929138494,-7.328509835360457e-05,5.886617576547099e-05
2013,ZAF,Copper,ore,integrated,-0.6576520775431562,-0.5914269175858906,-0.0005620844105096,3.913273416394356e-05
2014,CHN,Copper,metal,direct_partner,-0.1115208396375952,-0.062167236414014,0.1582989793858888,0.0156797458497042
2014,USA,Copper,metal,direct_partner,-0.2993237579882067,-0.0847581322203937,0.4754273635415389,0.0029505059107777
2014,ITA,Copper,metal,direct_partner,-0.0829184452339222,-0.0414225390834507,-0.1332403729095149,0.0028487490313412
2014,CHE,Copper,metal,direct_partner,-0.6813016064121713,-0.0814967098234245,-0.4628590249665975,0.0028174297246652
2014,DEU,Copper,metal,direct_partner,-0.1002788682970305,-0.0134031692957235,0.5395243307397278,0.0025051322919207
2014,TUR,Copper,metal,direct_partner,-0.0701093035408917,-0.0057655402599386,0.3404835959207112,0.0018092805982113
2014,KOR,Copper,metal,direct_partner,-0.2947723698394858,-0.112924070777175,0.149398563998601,0.0016116491476234
2014,NLD,Copper,metal,direct_partner,-0.3289712820403194,-0.0735940982945363,0.3324318839866186,0.0015515794224495
2014,ARE,Copper,metal,direct_partner,-0.2550597120068844,-0.0285953581300872,-0.0190783705718556,0.0014963764927046
2014,THA,Copper,metal,direct_partner,-0.1040920199916139,-0.0124449616635627,0.1067493757957069,0.0012362410535443
2014,MYS,Copper,metal,direct_partner,-0.1364013116703166,-0.0309533537063673,-0.0186031841421424,0.0012348489728877
2014,BRA,Copper,metal,direct_partner,-0.4819199174990072,-0.1530272395595503,0.2397492779912808,0.0009142389478799
2014,FRA,Copper,metal,direct_partner,-0.3406140317059792,-0.1193463757692442,-0.4197307498988915,0.000825092151615
2014,VNM,Copper,metal,direct_partner,-0.0811472127471426,-0.0422042089413833,0.2223167329522065,0.000591092741874
2014,IDN,Copper,metal,direct_partner,-0.1767886873392081,-0.0398761830543999,0.0394146086904646,0.0005299691185943
2014,JPN,Copper,metal,direct_partner,-0.2067503019860238,-0.0539242609853738,0.1858524589762491,0.0004104959143875
2014,ZMB,Copper,metal,direct_partner,-0.7389109120355759,-0.1382691058318226,-0.7761251505259258,0.0002626553991473
2014,GRC,Copper,metal,direct_partner,-0.1512745360995784,-0.0568175996989058,-0.0145474934384686,0.000255403393933
2014,CAN,Copper,metal,direct_partner,-0.2099762339398658,-0.0539824406757178,0.1861469034023904,0.0002047940265475
2014,ESP,Copper,metal,direct_partner,-0.184861250567385,-0.0889793598790712,-0.1433868534622735,0.0001965954278357
2014,GBR,Copper,metal,direct_partner,-0.1667115916350304,-0.0135959756122136,0.0538473105034175,0.0001759341596804
2014,NAM,Copper,metal,direct_partner,-0.6062391787210164,-0.0900252015509449,0.1988456890205573,0.000167074317391
2014,BEL,Copper,metal,direct_partner,-0.5120716413550604,0.0119418579450771,0.7375720513870957,0.0001525624019716
2014,IND,Copper,metal,direct_partner,-0.073182755029683,-0.0318848530994863,0.032758763410558,0.0001317828322938
2014,SVK,Copper,metal,direct_partner,-0.308812379247531,-0.02373041553219,0.0906532301867936,8.656120720038868e-05
2014,ZAF,Copper,metal,direct_partner,-0.5458411174826181,-0.0674289486052074,0.3575325334791757,5.940047504105663e-05
2014,POL,Copper,metal,direct_partner,-0.2393390480771772,0.0124119364395284,0.2810020246713414,5.8334442362086334e-05
2014,ARG,Copper,metal,direct_partner,-0.6894640456286004,-0.2041239466730558,0.1553865902312934,5.413899856514916e-05
2014,AUT,Copper,metal,direct_partner,-0.3278444996138672,-0.0222843642172894,0.1812751004974659,4.620282073316187e-05
2014,SGP,Copper,metal,direct_partner,-0.1406077568080219,-0.045515676018085,0.0642900138672062,4.266614956516408e-05
2014,PRT,Copper,metal,direct_partner,-0.6748999805354705,-0.1166155939449918,0.5623065362709858,3.505728483653602e-05
2014,ECU,Copper,metal,direct_partner,-0.6319681075790725,-0.1147371669278677,0.2680419144155478,2.854764529551676e-05
2014,SWE,Copper,metal,direct_partner,-0.5191667157241553,0.0024718823790206,0.4247390784368779,2.474146827105569e-05
2014,FIN,Copper,metal,direct_partner,-0.3716055075369662,-0.0403962652072927,0.0953188577134585,2.4720942697174934e-05
2014,HUN,Copper,metal,direct_partner,-0.2920467012149491,-0.0038550525768546,0.1835545397388039,2.435744468117425e-05
2014,SRB,Copper,metal,direct_partner,-0.6621881725494735,-0.1079414842404997,0.3559203392189485,1.992660911504829e-05
2014,CHN,Copper,metal,integrated,-0.0903599479150422,-0.0429301037853064,-0.1559557977684025,0.0156797458497042
2014,USA,Copper,metal,integrated,-0.1992546061278325,-0.0277375187676763,-0.0233424856643903,0.0029505059107777
2014,ITA,Copper,metal,integrated,-0.0508369913446421,-0.0494690006780864,-0.3229470583936543,0.0028487490313412
2014,CHE,Copper,metal,integrated,-0.6578925881723522,-0.095634574005911,-0.6348826377919445,0.0028174297246652
2014,DEU,Copper,metal,integrated,-0.0379769352941942,-0.0149268760021214,-0.1554329213535721,0.0025051322919207
2014,TUR,Copper,metal,integrated,0.0150054413184425,-0.0076653929002078,-0.189279289091565,0.0018092805982113
2014,KOR,Copper,metal,integrated,-0.2244242590608631,-0.0650999951369418,-0.1603584173939026,0.0016116491476234
2014,NLD,Copper,metal,integrated,-0.2409188625344398,-0.0862861595122821,-0.3051597025797021,0.0015515794224495
2014,ARE,Copper,metal,integrated,-0.1895453302570852,-0.0322817079659404,-0.1051375924417751,0.0014963764927046
2014,THA,Copper,metal,integrated,-0.0688605320031563,-0.013741150407774,-0.2707961374451869,0.0012362410535443
2014,MYS,Copper,metal,integrated,-0.0819497970616017,-0.027883309034997,-0.0948139188779205,0.0012348489728877
2014,BRA,Copper,metal,integrated,-0.2558631737308548,-0.0796959443243101,-0.0001531807695412,0.0009142389478799
2014,FRA,Copper,metal,integrated,-0.2857787731891814,-0.1222666322622132,-0.4921648171177001,0.000825092151615
2014,VNM,Copper,metal,integrated,-0.0420282099055688,-0.0189078109002077,-0.0337001534038669,0.000591092741874
2014,IDN,Copper,metal,integrated,-0.1208478675531207,-0.0119063362662212,-0.0753433689104563,0.0005299691185943
2014,JPN,Copper,metal,integrated,-0.1632060319940678,-0.0356103763356129,-0.0166247319547424,0.0004104959143875
2014,ZMB,Copper,metal,integrated,-0.768066164107238,-0.1466615445679502,-0.8426828768093999,0.0002626553991473
2014,GRC,Copper,metal,integrated,-0.0644628902561925,-0.0628617890768856,-0.3576524105753444,0.000255403393933
2014,CAN,Copper,metal,integrated,-0.1291529104867645,-0.0129983798120882,-0.0893706847448126,0.0002047940265475
2014,ESP,Copper,metal,integrated,-0.1663825833148056,-0.1043037173922491,-0.4272002573021313,0.0001965954278357
2014,GBR,Copper,metal,integrated,-0.1245720527399935,-0.0155469293210427,-0.3583240565172046,0.0001759341596804
2014,NAM,Copper,metal,integrated,-0.4062500885129863,-0.0358093393495334,0.0,0.000167074317391
2014,BEL,Copper,metal,integrated,-0.4415228735866912,-0.0097335908069907,-0.0332717291011685,0.0001525624019716
2014,IND,Copper,metal,integrated,-0.0255247271652103,-0.0353495854190017,-0.1510353578828469,0.0001317828322938
2014,SVK,Copper,metal,integrated,-0.241224784137402,-0.0185309036959707,-0.000271967502217,8.656120720038868e-05
2014,ZAF,Copper,metal,integrated,-0.3085092524736494,-0.0551711710533744,-0.0417795888517497,5.940047504105663e-05
2014,POL,Copper,metal,integrated,-0.1816289994743479,-0.0048917620778177,-0.0018342026407094,5.8334442362086334e-05
2014,ARG,Copper,metal,integrated,-0.4314981662121699,-0.1167551016928801,1.4326162389091308e-13,5.413899856514916e-05
2014,AUT,Copper,metal,integrated,-0.2320140535163251,-0.0131670058069236,-0.0129876550400571,4.620282073316187e-05
2014,SGP,Copper,metal,integrated,-0.0612491309165372,-0.0438815531192347,-0.1705928295369866,4.266614956516408e-05
2014,PRT,Copper,metal,integrated,-0.3074647082322204,-0.0584929322479726,-0.0194941287609302,3.505728483653602e-05
2014,ECU,Copper,metal,integrated,-0.4514365484928889,-0.0821313446868599,0.0,2.854764529551676e-05
2014,SWE,Copper,metal,integrated,-0.4544205465801766,-0.0101094301882095,-3.220658947742953e-05,2.474146827105569e-05
2014,FIN,Copper,metal,integrated,-0.2453623734776948,-0.0438170852345485,-0.2777483829759852,2.4720942697174934e-05
2014,HUN,Copper,metal,integrated,-0.2392164974246525,-0.0054390430804541,0.0,2.435744468117425e-05
2014,SRB,Copper,metal,integrated,-0.216145095993822,-0.0392316013815673,1.905697131294885e-13,1.992660911504829e-05
2014,CHN,Copper,ore,direct_partner,-0.0809626265703888,-0.0774594445530646,0.1180278148969603,0.0137637967287394
2014,JPN,Copper,ore,direct_partner,-0.1562096703177969,-0.1447674418758636,0.0896297316699403,0.0066241650914964
2014,IND,Copper,ore,direct_partner,-0.1738494171880306,-0.1653963274681145,-0.341355919100615,0.0034168362455396
2014,KOR,Copper,ore,direct_partner,-0.1246066093805346,-0.1199568866311009,0.0037922268123789,0.0024248439719367
2014,ESP,Copper,ore,direct_partner,-0.1289063083512262,-0.1223224024882729,-0.2913364085082969,0.001786004300235
2014,DEU,Copper,ore,direct_partner,-0.0738571764912872,-0.0663331006280351,-0.0260838257732521,0.0016693560481024
2014,BGR,Copper,ore,direct_partner,-0.1855596994561844,-0.1621307279771289,0.3690453236267438,0.0014830679074583
2014,ZMB,Copper,ore,direct_partner,-0.572901277851311,-0.5180683530433152,-0.7248410985947119,0.0008399680524238
2014,BRA,Copper,ore,direct_partner,-0.4147378200404807,-0.386913413583378,0.0525703827657936,0.0006757200647033
2014,FIN,Copper,ore,direct_partner,-0.1170854074701601,-0.1063880446648165,0.0227373687674311,0.0006063905102995
2014,PHL,Copper,ore,direct_partner,-0.033207080036174,-0.0302675471981025,0.0419521593426003,0.0004640404960958
2014,SWE,Copper,ore,direct_partner,-0.0850896956017296,-0.0812824926536364,0.0182913694451395,0.0003906954865651
2014,MEX,Copper,ore,direct_partner,-0.4712949600098204,-0.4198803300391439,0.0586208598471428,0.0002931978470704
2014,CHE,Copper,ore,direct_partner,-0.2685898667330771,-0.2293064895470624,-0.0211107351981232,0.0002761409949742
2014,POL,Copper,ore,direct_partner,-0.3136261786556255,-0.2750598024691504,-0.3555370666247759,0.0002595133435887
2014,CHL,Copper,ore,direct_partner,-0.5600919613244719,-0.5075595319206972,0.1128872789073083,0.0002522551422577
2014,CAN,Copper,ore,direct_partner,-0.4528461259251927,-0.4039968830842472,0.0096240745776254,0.0001819767381246
2014,NAM,Copper,ore,direct_partner,-0.0749632731299971,-0.0493354931457657,-0.2374652343148402,0.0001637909774201
2014,RUS,Copper,ore,direct_partner,-0.8419237444458019,-0.7624170353305376,-0.1843911973628963,0.0001126027461805
2014,USA,Copper,ore,direct_partner,-0.4958226740390089,-0.4320758399921325,0.149656344663011,7.765677127489386e-05
2014,NLD,Copper,ore,direct_partner,-0.0796769441884399,-0.0703643357131368,-0.023252203383573,3.649253381788072e-05
2014,UZB,Copper,ore,direct_partner,-0.4059184407625751,-0.3668418579384587,0.1076452516849063,3.07119406849997e-05
2014,SGP,Copper,ore,direct_partner,-0.5475428056936326,-0.4918366719398402,-1.9428902930940243e-14,2.0747235355214497e-05
2014,THA,Copper,ore,direct_partner,-0.50227263754243,-0.5117552027112823,-0.1650180096353128,9.220931386137286e-06
2014,CHN,Copper,ore,integrated,-0.0434213444966167,-0.0438634569513522,-0.0912391902143593,0.0137637967287394
2014,JPN,Copper,ore,integrated,-0.1282655539290758,-0.1234039793343712,-0.0080113934483212,0.0066241650914964
2014,IND,Copper,ore,integrated,-0.1935158513213243,-0.1832394214118635,-0.3694163583454508,0.0034168362455396
2014,KOR,Copper,ore,integrated,-0.0980365542491051,-0.0955248032386164,-0.0393637822353204,0.0024248439719367
2014,ESP,Copper,ore,integrated,-0.1275877091859501,-0.1223648254274153,-0.4629991935472153,0.001786004300235
2014,DEU,Copper,ore,integrated,-0.0657689819178755,-0.0759444929148793,-0.1733999841439242,0.0016693560481024
2014,BGR,Copper,ore,integrated,-0.1231916882013223,-0.1122215079158004,-0.148175215316663,0.0014830679074583
2014,ZMB,Copper,ore,integrated,-0.6546662251531108,-0.5923613271956212,-0.7102561526386658,0.0008399680524238
2014,BRA,Copper,ore,integrated,-0.4090645146593993,-0.3820404831126245,-1.1963922217558375e-06,0.0006757200647033
2014,FIN,Copper,ore,integrated,-0.1130972741270247,-0.0953709135631576,-0.1258935157896923,0.0006063905102995
2014,PHL,Copper,ore,integrated,-0.0206553292512295,-0.0184407040041917,4.183842333385297e-12,0.0004640404960958
2014,SWE,Copper,ore,integrated,-0.0820648151495538,-0.0756628908291248,-0.0750945170332215,0.0003906954865651
2014,MEX,Copper,ore,integrated,-0.4176910149260081,-0.3701613781381356,-0.0008304015297847,0.0002931978470704
2014,CHE,Copper,ore,integrated,-0.260293312053799,-0.2295455559227852,-0.3446947372914088,0.0002761409949742
2014,POL,Copper,ore,integrated,-0.3584756341457814,-0.3184029550320362,-0.5050289921605184,0.0002595133435887
2014,CHL,Copper,ore,integrated,-0.5241004908476026,-0.4753042672464155,-3.6479530914681215e-06,0.0002522551422577
2014,CAN,Copper,ore,integrated,-0.3712166248955514,-0.3283147769680465,-0.0573874886997846,0.0001819767381246
2014,NAM,Copper,ore,integrated,-0.0750442575364394,-0.0665273106987106,-0.3147484682369361,0.0001637909774201
2014,RUS,Copper,ore,integrated,-0.6548662495904956,-0.6524939158556564,-0.3405682116556714,0.0001126027461805
2014,USA,Copper,ore,integrated,-0.3913724169686656,-0.3373054881867849,-5.982820066779433e-05,7.765677127489386e-05
2014,NLD,Copper,ore,integrated,-0.0804707036149398,-0.0725723083286856,-0.1910958955047016,3.649253381788072e-05
2014,UZB,Copper,ore,integrated,-0.2156938059822856,-0.195514552504022,-0.1433609298744417,3.07119406849997e-05
2014,SGP,Copper,ore,integrated,-0.5965683953109093,-0.5375065498886109,3.0173641363262504e-12,2.0747235355214497e-05
2014,THA,Copper,ore,integrated,-0.5213951949814388,-0.5320567743750152,-0.5029440354075421,9.220931386137286e-06
2015,CHN,Copper,metal,direct_partner,-0.1251549211362453,-0.0699391202469689,0.2036872117999628,0.0157215400011285
2015,USA,Copper,metal,direct_partner,-0.3011157682573638,-0.0921629702575681,0.4971972835764999,0.003030614163746
2015,DEU,Copper,metal,direct_partner,-0.1289321075813484,-0.0183728833415038,0.5827243417356341,0.0027624787784867
2015,ITA,Copper,metal,direct_partner,-0.0821691210435798,-0.0373569402744174,-0.1534508420570121,0.0027298228483176
2015,NLD,Copper,metal,direct_partner,-0.5522136921072496,-0.1031565778821758,0.4614073371816125,0.0019804765336515
2015,CHE,Copper,metal,direct_partner,-0.5138731247344435,-0.0679834930822805,-0.2926820468004698,0.0018423922162648
2015,TUR,Copper,metal,direct_partner,-0.0966180856111449,-0.0107797863315387,0.38028033250526,0.0017203657589523
2015,KOR,Copper,metal,direct_partner,-0.2847047652914556,-0.1052369069844803,0.1416183452322799,0.0016756453219217
2015,MYS,Copper,metal,direct_partner,-0.0727093167674273,-0.0128430901867265,-0.0201770201703754,0.0015848984293655
2015,THA,Copper,metal,direct_partner,-0.0837837085787197,-0.0120284149266004,0.1072796589500535,0.0012815449514447
2015,ARE,Copper,metal,direct_partner,-0.221511271527551,-0.0261908476946562,-0.0080042045070385,0.0011213972394653
2015,SAU,Copper,metal,direct_partner,-0.2710745872239307,-0.0380743384019389,-0.2559892968312269,0.0008620150503653
2015,BRA,Copper,metal,direct_partner,-0.4119259930378608,-0.1449939131265479,0.2832233075136223,0.0008420290012682
2015,VNM,Copper,metal,direct_partner,-0.0882281638623555,-0.0234435611394385,0.1806339299088147,0.0007534999475304
2015,FRA,Copper,metal,direct_partner,-0.4086559998875596,-0.1357218316688381,-0.5095666808393915,0.0006658781015204
2015,IDN,Copper,metal,direct_partner,-0.0983823450521658,-0.0212633267170605,-0.0547752505606402,0.0005818455886535
2015,CAN,Copper,metal,direct_partner,-0.315103788721457,-0.068096612662498,0.1854749740985234,0.0002774740090509
2015,GRC,Copper,metal,direct_partner,-0.1070037419886467,-0.0538661252973815,-0.0188403406708517,0.0002647034915747
2015,BEL,Copper,metal,direct_partner,-0.2341099709572043,-0.0236770751380786,0.4224681175570157,0.000260402823361
2015,GBR,Copper,metal,direct_partner,-0.3348682694418722,-0.0474138100059587,0.031178435053444,0.0002554033291659
2015,ESP,Copper,metal,direct_partner,-0.1422462953605645,-0.0673735370521329,-0.1451078942204536,0.0002365795390592
2015,SGP,Copper,metal,direct_partner,-0.2718590747410094,-0.0245090829790437,-0.0095396447658108,0.0002053720292018
2015,JPN,Copper,metal,direct_partner,-0.3350536758674176,-0.124227415292557,0.1989871195787835,0.0001857376116186
2015,NAM,Copper,metal,direct_partner,-0.6028680104321069,-0.0925477540542014,0.1764588340193191,0.0001321310828436
2015,MEX,Copper,metal,direct_partner,-0.3702501388724794,-0.1215797515880535,0.2528689581792455,0.0001018794650198
2015,ZAF,Copper,metal,direct_partner,-0.375432965260793,-0.0565074893197426,-0.0491734858310614,0.0001014614606035
2015,PRT,Copper,metal,direct_partner,-0.6135765504913713,-0.105914324858676,0.5743664895566807,6.324941961481691e-05
2015,FIN,Copper,metal,direct_partner,-0.2608752348262005,-0.0164626117544885,0.3727986376107376,6.202532140121984e-05
2015,ARG,Copper,metal,direct_partner,-0.7616080343968288,-0.2148021833538641,0.2370029470376102,5.255482794037299e-05
2015,POL,Copper,metal,direct_partner,-0.3302498870826453,-0.0392060913060697,0.2818705255413368,4.307314523043566e-05
2015,ECU,Copper,metal,direct_partner,-0.6319380674863544,-0.1217375522723852,0.2222270115605391,3.9514851281637285e-05
2015,BGR,Copper,metal,direct_partner,-0.1175836346628795,0.0010079960040873,0.2321425834159636,3.2194867879522884e-05
2015,HRV,Copper,metal,direct_partner,-0.6427787389584441,-0.1034345519725512,0.216081389943273,2.9620780119668708e-05
2015,SWE,Copper,metal,direct_partner,-0.2050549963657173,-0.013060618399024,0.3581590838693401,2.675385533701838e-05
2015,CZE,Copper,metal,direct_partner,-0.0765022565417688,-0.0040060423106394,0.0,1.691639154849811e-05
2015,HUN,Copper,metal,direct_partner,-0.5936457838813499,-0.0835357794211552,0.2327215915042872,1.1521428463297608e-05
2015,CHN,Copper,metal,integrated,-0.0975217405236972,-0.0506001826616074,-0.1262141750382958,0.0157215400011285
2015,USA,Copper,metal,integrated,-0.2017913540314548,-0.0448213327850313,-0.0342733346021966,0.003030614163746
2015,DEU,Copper,metal,integrated,-0.0639753216121096,-0.0155267907339354,-0.1120727677897066,0.0027624787784867
2015,ITA,Copper,metal,integrated,-0.0542887257158646,-0.0451055198636777,-0.3465935808416077,0.0027298228483176
2015,NLD,Copper,metal,integrated,-0.4782749421545386,-0.1174626492482677,-0.1922114378290371,0.0019804765336515
2015,CHE,Copper,metal,integrated,-0.4524969561694655,-0.0860727104177438,-0.5674780762451291,0.0018423922162648
2015,TUR,Copper,metal,integrated,-0.0144394173343308,-0.0121457074269243,-0.1750947691780248,0.0017203657589523
2015,KOR,Copper,metal,integrated,-0.2219818575823363,-0.0694906724511408,-0.146760065603867,0.0016756453219217
2015,MYS,Copper,metal,integrated,-0.0542265447572435,-0.0159971074479682,-0.063443309850133,0.0015848984293655
2015,THA,Copper,metal,integrated,-0.0494661937728055,-0.0064408368409363,-0.308717983135129,0.0012815449514447
2015,ARE,Copper,metal,integrated,-0.1973507971631844,-0.0345847572125976,-0.1223141488741257,0.0011213972394653
2015,SAU,Copper,metal,integrated,-0.2497948829885503,-0.0469242758650434,-0.2649673758953738,0.0008620150503653
2015,BRA,Copper,metal,integrated,-0.2872716374016277,-0.1051850278390743,-1.345101297565171e-05,0.0008420290012682
2015,VNM,Copper,metal,integrated,-0.0473481083927655,-0.0091977607868533,-0.0676421000572329,0.0007534999475304
2015,FRA,Copper,metal,integrated,-0.3367091622597971,-0.1442620791771525,-0.6384051863847265,0.0006658781015204
2015,IDN,Copper,metal,integrated,-0.0712371364959823,-0.0113911927567787,-0.1604088942720717,0.0005818455886535
2015,CAN,Copper,metal,integrated,-0.2273285255101294,-0.0268336872212848,-0.1260274878755307,0.0002774740090509
2015,GRC,Copper,metal,integrated,-0.0588019145411217,-0.0603905613822638,-0.3120709136037418,0.0002647034915747
2015,BEL,Copper,metal,integrated,-0.1811429883595777,-0.0328864311641689,-0.0361164856537753,0.000260402823361
2015,GBR,Copper,metal,integrated,-0.2619960377134837,-0.0431638100502055,-0.5973738927814327,0.0002554033291659
2015,ESP,Copper,metal,integrated,-0.1241129618144646,-0.0689343634340527,-0.4050564516375093,0.0002365795390592
2015,SGP,Copper,metal,integrated,-0.2064227592280739,-0.0247453314019498,-0.2271663724739103,0.0002053720292018
2015,JPN,Copper,metal,integrated,-0.254471520765234,-0.0961115555187636,-0.025061108474003,0.0001857376116186
2015,NAM,Copper,metal,integrated,-0.4710576080001944,-0.0598727292386888,-6.801450953752417e-06,0.0001321310828436
2015,MEX,Copper,metal,integrated,-0.2813444205037221,-0.0818396907514596,2.21224540622316e-13,0.0001018794650198
2015,ZAF,Copper,metal,integrated,-0.327631148721534,-0.072582617539217,-0.3605459214720808,0.0001014614606035
2015,PRT,Copper,metal,integrated,-0.2655487376930531,-0.0653076226352933,-0.0166435573872883,6.324941961481691e-05
2015,FIN,Copper,metal,integrated,-0.1559175467415958,-0.0150612254631249,-0.0313933690871152,6.202532140121984e-05
2015,ARG,Copper,metal,integrated,-0.6594800942497494,-0.1898113174493678,-8.675602311087627e-05,5.255482794037299e-05
2015,POL,Copper,metal,integrated,-0.2573936458975258,-0.0502022688999709,-0.0317919780272491,4.307314523043566e-05
2015,ECU,Copper,metal,integrated,-0.4752596365444949,-0.0901254020247441,1.0639921624567697e-13,3.9514851281637285e-05
2015,BGR,Copper,metal,integrated,-0.0474861969412287,-0.000839624166609,-0.1719359126722494,3.2194867879522884e-05
2015,HRV,Copper,metal,integrated,-0.521998816112643,-0.0919835244338121,-0.0039394470179677,2.9620780119668708e-05
2015,SWE,Copper,metal,integrated,-0.1274407365170744,-0.0130084229179616,-6.068013522702512e-05,2.675385533701838e-05
2015,CZE,Copper,metal,integrated,-0.0568713700481996,-0.0072473074679579,0.0,1.691639154849811e-05
2015,HUN,Copper,metal,integrated,-0.5315221369000233,-0.0825930095721444,0.0,1.1521428463297608e-05
2015,CHN,Copper,ore,direct_partner,-0.0947342589311671,-0.0927464449339667,0.1217715698376114,0.0145309674899613
2015,JPN,Copper,ore,direct_partner,-0.135580473362655,-0.1238782293534106,0.136677281457988,0.0061353989180556
2015,IND,Copper,ore,direct_partner,-0.1602501700705318,-0.1519636775798908,-0.279349816006058,0.0031648890809467
2015,KOR,Copper,ore,direct_partner,-0.1102886922293889,-0.1033527741992625,0.0744861490683739,0.0027469785762534
2015,ESP,Copper,ore,direct_partner,-0.1385680318920928,-0.1310125479670293,-0.3019631382802787,0.0017299127016792
2015,DEU,Copper,ore,direct_partner,-0.0943821734161198,-0.0857866783814138,-0.0216521200369491,0.0016728924091049
2015,BGR,Copper,ore,direct_partner,-0.1939065186617596,-0.171266569186418,0.3358567435847142,0.0013504801789255
2015,BRA,Copper,ore,direct_partner,-0.4119930435481517,-0.3843409901741599,0.1076983476127726,0.0007173885485451
2015,PHL,Copper,ore,direct_partner,-0.213731973627656,-0.189644221208366,0.0402625533860241,0.0006187231939173
2015,FIN,Copper,ore,direct_partner,-0.1132991543626841,-0.1073317385452151,-0.0392066913058102,0.0004988151050523
2015,MEX,Copper,ore,direct_partner,-0.4411934680475687,-0.3954403025191579,0.1001677103936507,0.0004393427853737
2015,SWE,Copper,ore,direct_partner,-0.141556949402549,-0.1298669941711278,-0.0026937335824308,0.0003751589277715
2015,POL,Copper,ore,direct_partner,-0.3997171802212513,-0.3483453305095512,-0.3926301920729738,0.0003047435023507
2015,CAN,Copper,ore,direct_partner,-0.355096490296601,-0.3178007962189898,0.1273247634527507,0.0002731126394628
2015,ZMB,Copper,ore,direct_partner,-0.5521678282842026,-0.4999294160112284,-0.5885128192552894,0.0002503559253361
2015,MYS,Copper,ore,direct_partner,-0.2024288417438604,-0.1957954666031097,0.000533543877213,0.0001585673551611
2015,CHL,Copper,ore,direct_partner,-0.6794408455617356,-0.6165321455551047,0.1398468306643106,0.0001260649596887
2015,NLD,Copper,ore,direct_partner,-0.1423775964114499,-0.1258787338843618,-0.0752466373351508,7.126241493717397e-05
2015,RUS,Copper,ore,direct_partner,-0.5664366947459543,-0.5120047843516766,-0.1967424383632365,6.576959927167627e-05
2015,USA,Copper,ore,direct_partner,-0.761947652564441,-0.678111941370229,0.1799094202463978,6.548641665027239e-05
2015,THA,Copper,ore,direct_partner,-0.2239882154842213,-0.2147220317537936,-0.2035345736409206,5.349558006242834e-05
2015,VNM,Copper,ore,direct_partner,-0.1546115139247436,-0.2314979580347108,0.014709983697145,1.8256952169415124e-05
2015,CHN,Copper,ore,integrated,-0.0543706171466556,-0.0551312413340902,-0.0888039502734194,0.0145309674899613
2015,JPN,Copper,ore,integrated,-0.1008039290264644,-0.0971420901300076,-0.0113045689425912,0.0061353989180556
2015,IND,Copper,ore,integrated,-0.169221075109452,-0.1609412188893133,-0.3245181235994546,0.0031648890809467
2015,KOR,Copper,ore,integrated,-0.0731806781646994,-0.0707180533360722,-0.0440710144160821,0.0027469785762534
2015,ESP,Copper,ore,integrated,-0.1368346832855212,-0.1300692835538952,-0.5320116972674003,0.0017299127016792
2015,DEU,Copper,ore,integrated,-0.0951878814950867,-0.096682576327156,-0.1714048410093002,0.0016728924091049
2015,BGR,Copper,ore,integrated,-0.1383043851280395,-0.1275118548025711,-0.1736204028918009,0.0013504801789255
2015,BRA,Copper,ore,integrated,-0.3809726429289616,-0.3564435304830816,-8.912682863557269e-07,0.0007173885485451
2015,PHL,Copper,ore,integrated,-0.1903467874896977,-0.167562081253494,-0.0218703129301496,0.0006187231939173
2015,FIN,Copper,ore,integrated,-0.1115456736607994,-0.101359769141279,-0.2277127532652943,0.0004988151050523
2015,MEX,Copper,ore,integrated,-0.3860969006979339,-0.3437909959390922,-0.0001881967217232,0.0004393427853737
2015,SWE,Copper,ore,integrated,-0.1497791475053899,-0.1347419730491164,-0.1140847449109057,0.0003751589277715
2015,POL,Copper,ore,integrated,-0.4273644014400977,-0.3773236225197754,-0.5048593322627128,0.0003047435023507
2015,CAN,Copper,ore,integrated,-0.2825596432137325,-0.2498794666549585,-0.0598571261823989,0.0002731126394628
2015,ZMB,Copper,ore,integrated,-0.5932696587356023,-0.538521142991364,-0.7387785546711034,0.0002503559253361
2015,MYS,Copper,ore,integrated,-0.2289366792196276,-0.2211308926096617,-0.0420190466455971,0.0001585673551611
2015,CHL,Copper,ore,integrated,-0.6269933946761471,-0.5694609612426563,-2.194192495652969e-05,0.0001260649596887
2015,NLD,Copper,ore,integrated,-0.1489447106964206,-0.1356482576215141,-0.267649606561184,7.126241493717397e-05
2015,RUS,Copper,ore,integrated,-0.5345726843987512,-0.4835425585398702,-0.3089398725125226,6.576959927167627e-05
2015,USA,Copper,ore,integrated,-0.6294176355346397,-0.5542535387032222,-0.0024577929497691,6.548641665027239e-05
2015,THA,Copper,ore,integrated,-0.1915649057202462,-0.1880814697220212,-0.5263011396850842,5.349558006242834e-05
2015,VNM,Copper,ore,integrated,-0.1328542178017497,-0.2188070180728009,-0.1021663305508031,1.8256952169415124e-05
2016,CHN,Copper,metal,direct_partner,-0.1187930892888431,-0.0642550320049091,0.2024437892627218,0.0141986497555048
2016,USA,Copper,metal,direct_partner,-0.2985756750813086,-0.0958821722897463,0.5062716257251262,0.0028973481151935
2016,DEU,Copper,metal,direct_partner,-0.138627982714362,-0.0171960137109351,0.5660573018272548,0.00270932769474
2016,ITA,Copper,metal,direct_partner,-0.0824907556542506,-0.0328917927199406,-0.0644119914929724,0.002339867299472
2016,KOR,Copper,metal,direct_partner,-0.2898633714646033,-0.1048400610512949,0.1849700484845333,0.0017712455517894
2016,TUR,Copper,metal,direct_partner,-0.1134419749151256,-0.0153244129694528,0.2916426393798697,0.0016719603909649
2016,ARE,Copper,metal,direct_partner,-0.1486772320054769,-0.0093624537237257,0.0327751540407251,0.0015437639718087
2016,THA,Copper,metal,direct_partner,-0.0693694889065243,-0.0136991821393056,0.1188009900213362,0.0014086784735228
2016,MYS,Copper,metal,direct_partner,-0.1026818156147338,-0.0152062590917336,0.0211720186774094,0.0013640099742893
2016,NLD,Copper,metal,direct_partner,-0.3932675642947373,-0.0852360912397765,0.2994421621562311,0.0013288825614152
2016,CHE,Copper,metal,direct_partner,-0.5657757055290991,-0.0880565575934704,-0.4368406303506321,0.0013124686645125
2016,SGP,Copper,metal,direct_partner,-0.1662149462511543,-0.0272133124388133,-0.0227206778339973,0.0009209030817484
2016,VNM,Copper,metal,direct_partner,-0.0848233669994769,-0.0106982680146306,0.1858399957902404,0.0008354661335363
2016,FRA,Copper,metal,direct_partner,-0.3161479446049824,-0.1080618919485386,-0.4511868094286023,0.0008113940887436
2016,SAU,Copper,metal,direct_partner,-0.2552396355442646,-0.0393042175435941,-0.1968021985143402,0.0007531107847832
2016,BRA,Copper,metal,direct_partner,-0.5676194521880888,-0.1820676420043295,0.3428904915182872,0.000696599972303
2016,IDN,Copper,metal,direct_partner,-0.1105626280452665,-0.0106690820055389,0.0611310350854631,0.0005253596624614
2016,GBR,Copper,metal,direct_partner,-0.2084745729883361,-0.0253588491200097,0.0907048302629595,0.0004324192749047
2016,BEL,Copper,metal,direct_partner,-0.2347497962251634,-0.0237131708548012,0.4148846248279969,0.0003117554617703
2016,ESP,Copper,metal,direct_partner,-0.2303369154012983,-0.0790228023958654,-0.2567276029091914,0.0002652117255188
2016,MEX,Copper,metal,direct_partner,-0.4383998038419696,-0.0923905610422983,0.2820352688408714,0.0002074512791191
2016,JPN,Copper,metal,direct_partner,-0.4807905143144052,-0.1598768248635692,0.2285119909282026,0.0001386128417827
2016,ZAF,Copper,metal,direct_partner,-0.4086753202839069,-0.0632821903750601,-0.1489575134351426,0.000111195335867
2016,FIN,Copper,metal,direct_partner,-0.2153755968071954,-0.0141189100287743,0.3266973256449332,8.947983030963813e-05
2016,SVK,Copper,metal,direct_partner,-0.1914997950776105,-0.0139070579819291,0.0720418005195101,7.793201105763887e-05
2016,BGR,Copper,metal,direct_partner,-0.2886493738589718,-0.0341003869972108,0.063126375521513,6.728370712720839e-05
2016,PRT,Copper,metal,direct_partner,-0.6772927870786015,-0.1233492458755938,0.5914572179101397,6.317407601372616e-05
2016,NAM,Copper,metal,direct_partner,-0.4229064451783747,-0.0599976133721246,0.1610324261970446,5.8435523771743146e-05
2016,SWE,Copper,metal,direct_partner,-0.4300559044730275,-0.0167304365709571,0.3764618531570738,4.58042048130501e-05
2016,HRV,Copper,metal,direct_partner,-0.8015148825652176,-0.1316841808593113,0.2169664041001228,4.2318387041957e-05
2016,POL,Copper,metal,direct_partner,-0.5272654506335324,-0.0701903869747038,0.3640817567047361,3.752635113436493e-05
2016,SRB,Copper,metal,direct_partner,-0.7557841386544495,-0.1288542618549514,0.4176807728806669,2.007219384686294e-05
2016,ECU,Copper,metal,direct_partner,-0.7112273841720211,-0.1550548790583198,0.3428880396530803,1.462505813761718e-05
2016,PHL,Copper,metal,direct_partner,-0.8312243926984314,-0.031442149730637,0.2815705593063435,1.0989730998991816e-05
2016,CHN,Copper,metal,integrated,-0.0848803746871411,-0.0482335313791796,-0.178649186224742,0.0141986497555048
2016,USA,Copper,metal,integrated,-0.1919517212990313,-0.0571760470222971,-0.0313087140067629,0.0028973481151935
2016,DEU,Copper,metal,integrated,-0.0813771017401535,-0.020628551819477,-0.1214423263875252,0.00270932769474
2016,ITA,Copper,metal,integrated,-0.0568413948418151,-0.0401751664564439,-0.2915767553404217,0.002339867299472
2016,KOR,Copper,metal,integrated,-0.2285413208438547,-0.0770124234083006,-0.0776194088356837,0.0017712455517894
2016,TUR,Copper,metal,integrated,-0.0446960235389232,-0.0170073445289197,-0.2580818279103043,0.0016719603909649
2016,ARE,Copper,metal,integrated,-0.1274991573794421,-0.0149854929996358,-0.0704282570063208,0.0015437639718087
2016,THA,Copper,metal,integrated,-0.0300514929535805,-0.0059592550717586,-0.3223485622499293,0.0014086784735228
2016,MYS,Copper,metal,integrated,-0.0745029595868307,-0.0172332318097121,-0.0945358144461158,0.0013640099742893
2016,NLD,Copper,metal,integrated,-0.3246836591761179,-0.0972452639831799,-0.2956568609153101,0.0013288825614152
2016,CHE,Copper,metal,integrated,-0.5035215649193594,-0.1015367307969872,-0.6808700979516872,0.0013124686645125
2016,SGP,Copper,metal,integrated,-0.127698320246688,-0.0260116703949192,-0.168978997378682,0.0009209030817484
2016,VNM,Copper,metal,integrated,-0.0413349658002578,-0.0024327846715635,-0.0796388124257739,0.0008354661335363
2016,FRA,Copper,metal,integrated,-0.2531210361611016,-0.1124173078386621,-0.5682948971074055,0.0008113940887436
2016,SAU,Copper,metal,integrated,-0.2392226832010507,-0.0485934198947978,-0.2269373782893696,0.0007531107847832
2016,BRA,Copper,metal,integrated,-0.420298186827639,-0.1399788673928594,-4.204373805485445e-06,0.000696599972303
2016,IDN,Copper,metal,integrated,-0.0651089350985482,8.518111451989718e-05,-0.0876736177738099,0.0005253596624614
2016,GBR,Copper,metal,integrated,-0.1437321374717771,-0.0248633258798429,-0.5183374285538596,0.0004324192749047
2016,BEL,Copper,metal,integrated,-0.1797808473046403,-0.0304956792808764,-0.0931678675860751,0.0003117554617703
2016,ESP,Copper,metal,integrated,-0.2042324587441111,-0.0892152619775824,-0.5403928508115257,0.0002652117255188
2016,MEX,Copper,metal,integrated,-0.3517776688893912,-0.0550335399157015,1.01598603998689e-12,0.0002074512791191
2016,JPN,Copper,metal,integrated,-0.3898943796881677,-0.1271020377713287,-0.0003598667399689,0.0001386128417827
2016,ZAF,Copper,metal,integrated,-0.3797451885068814,-0.0747357708402097,-0.4245091202405095,0.000111195335867
2016,FIN,Copper,metal,integrated,-0.1181279111709605,-0.0182321340818593,-0.0850773106213065,8.947983030963813e-05
2016,SVK,Copper,metal,integrated,-0.1586010091526739,-0.0106535516796463,-9.232934762059431e-05,7.793201105763887e-05
2016,BGR,Copper,metal,integrated,-0.2122989350755439,-0.0386171413877351,-0.359577753158137,6.728370712720839e-05
2016,PRT,Copper,metal,integrated,-0.3276629719366772,-0.0608356512627744,-0.0122980020342928,6.317407601372616e-05
2016,NAM,Copper,metal,integrated,-0.311412030809733,-0.0293981774480907,-1.737751918999444e-07,5.8435523771743146e-05
2016,SWE,Copper,metal,integrated,-0.3463006133282331,-0.0248309726322208,1.2537199699093e-12,4.58042048130501e-05
2016,HRV,Copper,metal,integrated,-0.6595111978993927,-0.1172905841679716,4.177431904124014e-13,4.2318387041957e-05
2016,POL,Copper,metal,integrated,-0.4142636269659742,-0.0767579660042827,-0.0012090649853484,3.752635113436493e-05
2016,SRB,Copper,metal,integrated,-0.3955896451647885,-0.0776021523053579,4.3041944483549924e-13,2.007219384686294e-05
2016,ECU,Copper,metal,integrated,-0.4484021546468854,-0.0901959773102286,1.219309017954807e-13,1.462505813761718e-05
2016,PHL,Copper,metal,integrated,-0.707529165667879,-0.0117593757946616,8.487838058055111e-13,1.0989730998991816e-05
2016,CHN,Copper,ore,direct_partner,-0.1189659333794397,-0.1143212033611965,0.0752537674985717,0.0171387392934545
2016,JPN,Copper,ore,direct_partner,-0.1160173754227922,-0.1033437152732054,0.1937963085956529,0.0063022921407639
2016,KOR,Copper,ore,direct_partner,-0.0974753234247319,-0.0884798295803697,0.1247536651002962,0.0024273389346203
2016,IND,Copper,ore,direct_partner,-0.1352338255659587,-0.1232073344387633,-0.2325490551961822,0.0024013005114917
2016,ESP,Copper,ore,direct_partner,-0.1257275328311422,-0.1191886665973124,-0.3062037162199262,0.0018656950608164
2016,BGR,Copper,ore,direct_partner,-0.1370910476641518,-0.1227399926479028,0.2264608261288059,0.0013506424478458
2016,DEU,Copper,ore,direct_partner,-0.1142566220250992,-0.1033913273831243,-0.0271715881239968,0.0013490786816956
2016,PHL,Copper,ore,direct_partner,-0.1883138735640446,-0.1669180723452522,0.0126465335150239,0.0010855724837008
2016,BRA,Copper,ore,direct_partner,-0.339170459746306,-0.316120711717285,0.1102091718385639,0.0006053955415084
2016,CHE,Copper,ore,direct_partner,-0.6677177769796369,-0.5923940550846862,-0.1649914269724933,0.0004981905306845
2016,ZMB,Copper,ore,direct_partner,-0.6877462509952824,-0.622037844921601,-0.7170965683331344,0.000474005533244
2016,FIN,Copper,ore,direct_partner,-0.0711046789018217,-0.0626288659266956,0.0782452423984161,0.0004425581626388
2016,SWE,Copper,ore,direct_partner,-0.172131916664961,-0.1519696996955577,-0.0667252489745724,0.0003643955150674
2016,MEX,Copper,ore,direct_partner,-0.5601699509120509,-0.5016987627524775,0.0819298575677201,0.0003445310454717
2016,CAN,Copper,ore,direct_partner,-0.3835750794083511,-0.3416450147021761,0.0864891116471174,0.0002652465838743
2016,POL,Copper,ore,direct_partner,-0.4576006212460838,-0.406092655913582,-0.384932595535382,0.0002551339230479
2016,CHL,Copper,ore,direct_partner,-0.678236289514544,-0.6171473139958257,0.1273082972288778,0.0001573120811703
2016,USA,Copper,ore,direct_partner,-0.7558972760348343,-0.667615307085648,0.1686453198585767,0.0001342516606654
2016,MYS,Copper,ore,direct_partner,-0.2494721298459249,-0.2387097555473213,0.0084617151433196,9.791615229083972e-05
2016,RUS,Copper,ore,direct_partner,-0.8350533177074226,-0.7547036666822043,-0.2422852021074479,9.533916418885204e-05
2016,BEL,Copper,ore,direct_partner,-0.1085356315201233,-0.0964696934309826,-0.0255762527856645,9.113270431032204e-05
2016,OMN,Copper,ore,direct_partner,-0.4500327072384352,-0.3698710977837175,-0.4010169941062396,5.633460486028976e-05
2016,THA,Copper,ore,direct_partner,-0.4591758237031118,-0.423410853801729,-0.1888765662599815,3.735099565828247e-05
2016,CHN,Copper,ore,integrated,-0.0781301120292212,-0.0761872890407769,-0.1056005308370241,0.0171387392934545
2016,JPN,Copper,ore,integrated,-0.0773557257250951,-0.074274432909346,-0.0090783741835428,0.0063022921407639
2016,KOR,Copper,ore,integrated,-0.056306062117383,-0.0525712342073373,-0.0518362265842587,0.0024273389346203
2016,IND,Copper,ore,integrated,-0.1406336334163681,-0.1293056466899774,-0.272511708135625,0.0024013005114917
2016,ESP,Copper,ore,integrated,-0.121403176805885,-0.1165285691854286,-0.5228632091924532,0.0018656950608164
2016,BGR,Copper,ore,integrated,-0.1211623544324071,-0.1122141395984714,-0.1688836497810527,0.0013506424478458
2016,DEU,Copper,ore,integrated,-0.1147532078231441,-0.1188812414555574,-0.2122928892850132,0.0013490786816956
2016,PHL,Copper,ore,integrated,-0.1660117938350928,-0.1457413022734835,-0.0519838190846561,0.0010855724837008
2016,BRA,Copper,ore,integrated,-0.3071534029469558,-0.2878615991342015,-0.0001325070078332,0.0006053955415084
2016,CHE,Copper,ore,integrated,-0.6888152988823986,-0.6195825390349208,-0.7506125355735198,0.0004981905306845
2016,ZMB,Copper,ore,integrated,-0.6957569138221849,-0.6301112166966116,-0.84453998517781,0.000474005533244
2016,FIN,Copper,ore,integrated,-0.0747941129017039,-0.0636041486966549,-0.1300535508093626,0.0004425581626388
2016,SWE,Copper,ore,integrated,-0.185926532164489,-0.1620932133208205,-0.1722673336580131,0.0003643955150674
2016,MEX,Copper,ore,integrated,-0.5026446370805131,-0.4476929331505609,-0.000583468551602,0.0003445310454717
2016,CAN,Copper,ore,integrated,-0.3150874334276717,-0.2794015453406628,-0.0333138739952909,0.0002652465838743
2016,POL,Copper,ore,integrated,-0.497515746037786,-0.4446900727353545,-0.5012290915117844,0.0002551339230479
2016,CHL,Copper,ore,integrated,-0.6204469761212654,-0.5651520567432083,-2.4099012193778337e-06,0.0001573120811703
2016,USA,Copper,ore,integrated,-0.6138293153447607,-0.5425692332301837,-0.0001089010614738,0.0001342516606654
2016,MYS,Copper,ore,integrated,-0.2818410550583021,-0.2719594050716555,-0.071559825950269,9.791615229083972e-05
2016,RUS,Copper,ore,integrated,-0.8184687515824149,-0.7399598087433388,-0.3150961556325814,9.533916418885204e-05
2016,BEL,Copper,ore,integrated,-0.0864659692752311,-0.0948762093404383,-0.413201460685956,9.113270431032204e-05
2016,OMN,Copper,ore,integrated,-0.4771403230813146,-0.4229814352604795,-0.5370277075051928,5.633460486028976e-05
2016,THA,Copper,ore,integrated,-0.4347126841804046,-0.4005107743438768,-0.5185675176697596,3.735099565828247e-05
2017,CHN,Copper,metal,direct_partner,-0.106839487671744,-0.0587075207016918,0.1349859745915646,0.013249210246161
2017,USA,Copper,metal,direct_partner,-0.3757514384323042,-0.1216011616993136,0.5213384260195029,0.0035010594772579
2017,ITA,Copper,metal,direct_partner,-0.0345440368188231,-0.0219433897721157,-0.0630322217093855,0.0022141386432827
2017,DEU,Copper,metal,direct_partner,-0.09114949948025,-0.0085738157598556,0.546809935267772,0.0021737882698175
2017,TUR,Copper,metal,direct_partner,-0.149316544524169,-0.0249991960577815,0.2938390224511329,0.0016829644595755
2017,NLD,Copper,metal,direct_partner,-0.4474622573466088,-0.0871035714260876,0.4416646975869318,0.0016377927967218
2017,THA,Copper,metal,direct_partner,-0.0728221887182442,-0.0112084190326338,0.1426827067176531,0.00156266320639
2017,ARE,Copper,metal,direct_partner,-0.1687856558360191,-0.0153668023076824,-0.0246661058224321,0.0014952536966165
2017,MYS,Copper,metal,direct_partner,-0.1068044037843489,-0.0153840591342173,-0.008704468348076,0.0014877360558771
2017,KOR,Copper,metal,direct_partner,-0.2161017379649677,-0.0826432614656421,0.1341183872626355,0.0014851300698993
2017,VNM,Copper,metal,direct_partner,-0.0634572485995019,-0.0096529186863297,0.1253008939842918,0.0009708818234102
2017,CHE,Copper,metal,direct_partner,-0.5799074333841736,-0.086273207077086,-0.4259854101631889,0.0009364922282978
2017,BRA,Copper,metal,direct_partner,-0.5983576537020657,-0.1860247388800922,0.2935055463889681,0.0008074481903504
2017,FRA,Copper,metal,direct_partner,-0.301933662580819,-0.0962441208021686,-0.398057238017332,0.0007510623282285
2017,IDN,Copper,metal,direct_partner,-0.118190555674106,-0.0146066027858019,0.0690820054974966,0.0005379302472285
2017,SAU,Copper,metal,direct_partner,-0.3996485798982719,-0.0682102081195616,-0.3169576487788329,0.0005356902611281
2017,GBR,Copper,metal,direct_partner,-0.2166153482317948,-0.0341163281900751,0.1089265863554009,0.0004269442494504
2017,SGP,Copper,metal,direct_partner,-0.1184742731655891,-0.0052537759537601,-0.0087228058265135,0.0003920991835392
2017,ESP,Copper,metal,direct_partner,-0.1947340777340897,-0.0593008701033262,-0.2036138547805406,0.0003239850567613
2017,CAN,Copper,metal,direct_partner,-0.157965677521392,-0.0456363372516034,0.2174358845170464,0.0002043956068207
2017,BEL,Copper,metal,direct_partner,-0.265006964208958,-0.0277382892556818,0.431600497966888,0.0001758258606739
2017,BGR,Copper,metal,direct_partner,-0.3112738930710412,-0.0321985428645814,0.1102746113594445,0.0001649277717622
2017,IND,Copper,metal,direct_partner,-0.3503550928090312,-0.0222899869567663,-0.399748133459165,0.0001285807593165
2017,JPN,Copper,metal,direct_partner,-0.2918364829103966,-0.1047215241034759,0.2166342897623972,0.0001063853581307
2017,MEX,Copper,metal,direct_partner,-0.3761128699106392,-0.0905497960243701,0.3144584303971759,0.0001028872084718
2017,FIN,Copper,metal,direct_partner,-0.2939325719882422,-0.0290713125651584,0.3684299008796345,7.097916475259037e-05
2017,PRT,Copper,metal,direct_partner,-0.7717775790528584,-0.1330647626302403,0.6385149059892842,6.716459498543476e-05
2017,ZAF,Copper,metal,direct_partner,-0.4034384762799958,-0.0630190487085189,-0.1999630196902083,5.971948766361529e-05
2017,HRV,Copper,metal,direct_partner,-0.7889041975810939,-0.1304737335800819,0.2552984373343442,4.911641884296181e-05
2017,AUT,Copper,metal,direct_partner,-0.3405168996980291,-0.0538992700498566,0.2046728269179014,4.729521431730631e-05
2017,POL,Copper,metal,direct_partner,-0.4684450422171317,-0.0602346884670227,0.3268366924827425,4.285499683881343e-05
2017,SWE,Copper,metal,direct_partner,-0.3515722095855833,-0.0213968457067321,0.4165470265771855,3.327051495976843e-05
2017,NAM,Copper,metal,direct_partner,-0.7321608593493194,-0.108968294774349,0.1957777250799338,3.255830729735789e-05
2017,SVK,Copper,metal,direct_partner,-0.1883847459181935,-0.0196907520144886,0.030566791791537,2.727697252918604e-05
2017,SRB,Copper,metal,direct_partner,-0.4890484014555115,-0.0788432062222548,0.2371147696765634,2.367534560141999e-05
2017,ECU,Copper,metal,direct_partner,-0.6489163932189393,-0.1382693876609339,0.2728860442448298,2.257631439150233e-05
2017,RUS,Copper,metal,direct_partner,-0.7804500417494045,-0.1421530750547261,-0.4898014153854083,1.6911415081821702e-05
2017,LUX,Copper,metal,direct_partner,-0.3040065262336279,-0.0523391365593741,-0.2811984378239661,1.3367395713950922e-05
2017,CHN,Copper,metal,integrated,-0.085426369554005,-0.0468977795101256,-0.1710902151671292,0.013249210246161
2017,USA,Copper,metal,integrated,-0.2740137106394154,-0.0682519865231827,-0.014642180177043,0.0035010594772579
2017,ITA,Copper,metal,integrated,-0.0154201311092086,-0.0276890403086135,-0.2515268906159728,0.0022141386432827
2017,DEU,Copper,metal,integrated,-0.0348592160579665,-0.0096987943099935,-0.1348700272523914,0.0021737882698175
2017,TUR,Copper,metal,integrated,-0.0593530421561834,-0.0246351283873474,-0.2861216195746693,0.0016829644595755
2017,NLD,Copper,metal,integrated,-0.3794924363117457,-0.0995567788463339,-0.1900356075088214,0.0016377927967218
2017,THA,Copper,metal,integrated,-0.0278409966800668,-0.0034700711205161,-0.3028492842991882,0.00156266320639
2017,ARE,Copper,metal,integrated,-0.1401282639940604,-0.0208155715704382,-0.0841854068863635,0.0014952536966165
2017,MYS,Copper,metal,integrated,-0.0611547225943418,-0.0220942909072098,-0.1646283824957555,0.0014877360558771
2017,KOR,Copper,metal,integrated,-0.1737595917271938,-0.057837421879457,-0.1274610640000357,0.0014851300698993
2017,VNM,Copper,metal,integrated,-0.0309175327257386,-0.0014460731584151,-0.1102151210420517,0.0009708818234102
2017,CHE,Copper,metal,integrated,-0.5435532444258842,-0.1088588566854918,-0.6602488948069293,0.0009364922282978
2017,BRA,Copper,metal,integrated,-0.4284695449940497,-0.1309299003201362,-3.204113687850078e-05,0.0008074481903504
2017,FRA,Copper,metal,integrated,-0.2363374468216858,-0.1050576365474993,-0.5286504268241958,0.0007510623282285
2017,IDN,Copper,metal,integrated,-0.0781794086038675,-0.0028674197851329,-0.0786884209858655,0.0005379302472285
2017,SAU,Copper,metal,integrated,-0.3814960119515219,-0.0728774293851775,-0.3376775460394514,0.0005356902611281
2017,GBR,Copper,metal,integrated,-0.1480687708304763,-0.0327638756875456,-0.5136837509682528,0.0004269442494504
2017,SGP,Copper,metal,integrated,-0.0764304944678037,-0.0071668820431973,-0.1643453534207253,0.0003920991835392
2017,ESP,Copper,metal,integrated,-0.1671750057567658,-0.0698091366929699,-0.4931070038814951,0.0003239850567613
2017,CAN,Copper,metal,integrated,-0.0964110810711211,-0.0150670607928832,-0.1038464958977657,0.0002043956068207
2017,BEL,Copper,metal,integrated,-0.2056597546360919,-0.0347025729529756,-0.0960817094079097,0.0001758258606739
2017,BGR,Copper,metal,integrated,-0.2301556775225874,-0.036820127172339,-0.3407630770093535,0.0001649277717622
2017,IND,Copper,metal,integrated,-0.3268807511119059,-0.0330309412838987,-0.5425273419845994,0.0001285807593165
2017,JPN,Copper,metal,integrated,-0.2338754758147793,-0.0822798669392736,-0.0482823708329388,0.0001063853581307
2017,MEX,Copper,metal,integrated,-0.2827421993844201,-0.0542700879698201,8.607000412611998e-13,0.0001028872084718
2017,FIN,Copper,metal,integrated,-0.2034725814526237,-0.0381459916151144,-0.0060200385948769,7.097916475259037e-05
2017,PRT,Copper,metal,integrated,-0.4300983860146002,-0.0801038892578422,-0.012891124053986,6.716459498543476e-05
2017,ZAF,Copper,metal,integrated,-0.3698153371678013,-0.073606990919329,-0.4471065763351585,5.971948766361529e-05
2017,HRV,Copper,metal,integrated,-0.6714646627910692,-0.1177366149093023,4.34897399490233e-13,4.911641884296181e-05
2017,AUT,Copper,metal,integrated,-0.2419901315789178,-0.0456770648858088,-0.0068378488586172,4.729521431730631e-05
2017,POL,Copper,metal,integrated,-0.3946574125766564,-0.072894290087237,-0.0056197998768253,4.285499683881343e-05
2017,SWE,Copper,metal,integrated,-0.2714161038622752,-0.0318949229209533,-7.176095405968844e-06,3.327051495976843e-05
2017,NAM,Copper,metal,integrated,-0.5885061199876599,-0.075849301305604,2.3442109000156268e-14,3.255830729735789e-05
2017,SVK,Copper,metal,integrated,-0.1428815802913235,-0.0201858758099039,-0.0640314312110399,2.727697252918604e-05
2017,SRB,Copper,metal,integrated,-0.1498822706208716,-0.0333256653829474,-0.172905006538549,2.367534560141999e-05
2017,ECU,Copper,metal,integrated,-0.4677703826494568,-0.097603983177935,0.0,2.257631439150233e-05
2017,RUS,Copper,metal,integrated,-0.6874357435976295,-0.1317867331184146,-0.8808437920937436,1.6911415081821702e-05
2017,LUX,Copper,metal,integrated,-0.2576394095127444,-0.0473752091683015,-0.4532374092030849,1.3367395713950922e-05
2017,CHN,Copper,ore,direct_partner,-0.1114574112947495,-0.1077962705746533,0.0482566902790502,0.0173171940739004
2017,JPN,Copper,ore,direct_partner,-0.1254884467347769,-0.1100305054612566,0.1727072320125945,0.005729100702535
2017,IND,Copper,ore,direct_partner,-0.1269247831940968,-0.1111311401400765,-0.2509998096429121,0.0029020090442796
2017,KOR,Copper,ore,direct_partner,-0.095750614074879,-0.0866751290776848,0.1095561008721506,0.0025857329552977
2017,BGR,Copper,ore,direct_partner,-0.1207722285125539,-0.1057060107946065,0.2050070213525492,0.0020791569720505
2017,ESP,Copper,ore,direct_partner,-0.1369980436640863,-0.1289945214854753,-0.3071134614684714,0.0019183570689797
2017,DEU,Copper,ore,direct_partner,-0.1011898770621098,-0.0911337792702866,-0.015503505046857,0.0015645341326833
2017,PHL,Copper,ore,direct_partner,-0.0794663809200087,-0.0678431449698131,0.023840658426746,0.0013639112415563
2017,BRA,Copper,ore,direct_partner,-0.2860655869714402,-0.2661746573830221,0.0891626602232578,0.0005923169889911
2017,ZMB,Copper,ore,direct_partner,-0.6338245693077275,-0.5737790039568045,-0.7665301108771083,0.0005403048041043
2017,FIN,Copper,ore,direct_partner,-0.0802222559855598,-0.0696163769292125,0.0991485644447582,0.0004995046126357
2017,SWE,Copper,ore,direct_partner,-0.1450648297244881,-0.1234648916852344,-0.0318530017126205,0.0002953312955003
2017,POL,Copper,ore,direct_partner,-0.354417714340564,-0.3106185886901862,-0.1956796107851471,0.000252285788113
2017,CAN,Copper,ore,direct_partner,-0.2485634785084106,-0.2195712219633976,0.0186323659161136,0.0002504530830967
2017,CHE,Copper,ore,direct_partner,-0.3522698227917595,-0.3080114613774669,-0.0050486416547318,0.0002220140605392
2017,GEO,Copper,ore,direct_partner,-0.2902215602564788,-0.2568844805281119,0.1375431631815121,0.0002195115553106
2017,RUS,Copper,ore,direct_partner,-0.2308022353786049,-0.2090620097418773,-0.142403199655026,0.0002062837399975
2017,SGP,Copper,ore,direct_partner,-0.2644706320818366,-0.2316178650646708,1.6109589995316753e-08,0.0001728187162556
2017,MYS,Copper,ore,direct_partner,-0.1685475340262529,-0.1650325396775332,6.008251728373271e-05,0.0001586253226174
2017,MEX,Copper,ore,direct_partner,-0.1891576014137549,-0.1675298423696638,0.1775627418508887,0.0001477451039452
2017,SRB,Copper,ore,direct_partner,-0.2534771357093299,-0.2397073421366813,0.3569701061774308,0.0001165986214343
2017,CHL,Copper,ore,direct_partner,-0.4507830770149301,-0.4103816448025027,0.1303303905416171,9.171253422237857e-05
2017,USA,Copper,ore,direct_partner,-0.2488773115778141,-0.2068655378053059,0.2954287508038865,8.801222595728222e-05
2017,NLD,Copper,ore,direct_partner,-0.6313125677520146,-0.555961667706149,0.9797276319332532,3.136302055871828e-05
2017,THA,Copper,ore,direct_partner,-0.6389222831410475,-0.5733402848626812,0.6018559717084763,8.73986961518453e-06
2017,UZB,Copper,ore,direct_partner,-0.7261133799014955,-0.6561302568031899,0.1876038815777083,7.420190752251551e-06
2017,CHN,Copper,ore,integrated,-0.0712018775460327,-0.070095028063544,-0.1276015717058852,0.0173171940739004
2017,JPN,Copper,ore,integrated,-0.077347707238144,-0.0740854216092127,-0.004542491361126,0.005729100702535
2017,IND,Copper,ore,integrated,-0.1428064252145853,-0.1250607047569124,-0.2393199857141767,0.0029020090442796
2017,KOR,Copper,ore,integrated,-0.0545265571139478,-0.0520601208829018,-0.0457138298068671,0.0025857329552977
2017,BGR,Copper,ore,integrated,-0.0915508997672065,-0.0839864420821627,-0.2116977616121015,0.0020791569720505
2017,ESP,Copper,ore,integrated,-0.1446548777537358,-0.1355205593561593,-0.4403251628842287,0.0019183570689797
2017,DEU,Copper,ore,integrated,-0.0857122823556197,-0.0983173165741095,-0.2272527342478596,0.0015645341326833
2017,PHL,Copper,ore,integrated,-0.0528122589234242,-0.0441770500880648,-0.0329983730493688,0.0013639112415563
2017,BRA,Copper,ore,integrated,-0.2776339490238325,-0.2586425290519597,-0.000151748129753,0.0005923169889911
2017,ZMB,Copper,ore,integrated,-0.6884705863194396,-0.6232801512192369,-0.6295170302607801,0.0005403048041043
2017,FIN,Copper,ore,integrated,-0.0748835667486768,-0.0606186729400641,-0.0817139538646311,0.0004995046126357
2017,SWE,Copper,ore,integrated,-0.1466507794694578,-0.1196951611653462,-0.1094045873160862,0.0002953312955003
2017,POL,Copper,ore,integrated,-0.4126569904903594,-0.3667014996632385,-0.3849409023807978,0.000252285788113
2017,CAN,Copper,ore,integrated,-0.1812251731953121,-0.1565472758411517,-0.0494157456884657,0.0002504530830967
2017,CHE,Copper,ore,integrated,-0.3422624354629158,-0.305809982095883,-0.4524677363876822,0.0002220140605392
2017,GEO,Copper,ore,integrated,-0.2585708097170749,-0.2365932677796698,-0.2898091359654971,0.0002195115553106
2017,RUS,Copper,ore,integrated,-0.211489961318435,-0.1915575918309014,-0.2285637646347439,0.0002062837399975
2017,SGP,Copper,ore,integrated,-0.2790878132273636,-0.2405747900420379,-0.0623966473547172,0.0001728187162556
2017,MYS,Copper,ore,integrated,-0.194462702647735,-0.1848631595347041,-0.0579771095368291,0.0001586253226174
2017,MEX,Copper,ore,integrated,-0.0799424142283545,-0.0671437153098388,-0.0009233815917631,0.0001477451039452
2017,SRB,Copper,ore,integrated,-0.0022253197391794,-0.0020075815033054,2.22776702843468e-12,0.0001165986214343
2017,CHL,Copper,ore,integrated,-0.3580742086427679,-0.3268393524877125,-9.236673400187714e-06,9.171253422237857e-05
2017,USA,Copper,ore,integrated,-0.1092877068097039,-0.0878726291798472,-0.0010904261765097,8.801222595728222e-05
2017,NLD,Copper,ore,integrated,-0.4849885602577379,-0.4470975810712664,-0.0002754055234559,3.136302055871828e-05
2017,THA,Copper,ore,integrated,-0.5121489213456031,-0.4665365995861943,1.2152409109497825e-12,8.73986961518453e-06
2017,UZB,Copper,ore,integrated,-0.5051426246387041,-0.4566820103271292,0.0,7.420190752251551e-06
2018,CHN,Copper,metal,direct_partner,-0.106356416930381,-0.0595785874847778,0.1599206669032404,0.014672862274961
2018,USA,Copper,metal,direct_partner,-0.3439362326326876,-0.1084149070364861,0.4910399887396785,0.0030974032296192
2018,DEU,Copper,metal,direct_partner,-0.1106464452706715,-0.0102041953151433,0.5849888656734153,0.002392178349301
2018,ITA,Copper,metal,direct_partner,-0.0226580416052597,-0.0108915377741839,-0.0400231995455181,0.0021442000393773
2018,ARE,Copper,metal,direct_partner,-0.1805092042300722,-0.0209706771844406,0.0389344020241109,0.0017639775042796
2018,TUR,Copper,metal,direct_partner,-0.1359059336793897,-0.0155461074841941,0.3034883517399088,0.001563399597935
2018,THA,Copper,metal,direct_partner,-0.0566542358975351,-0.011185060368154,0.1853049192035208,0.0015591775688921
2018,MYS,Copper,metal,direct_partner,-0.1131089142247617,-0.0182108986244896,-0.016595240708643,0.0013273093774773
2018,KOR,Copper,metal,direct_partner,-0.1860947743401786,-0.0742016218509839,0.1482777922214407,0.0012325192411165
2018,NLD,Copper,metal,direct_partner,-0.4624235619540083,-0.0766768989473096,0.5648468135835224,0.0012021367983511
2018,VNM,Copper,metal,direct_partner,-0.0568684403014178,-0.0157044917017521,0.1963400330511834,0.0009749890055627
2018,CHE,Copper,metal,direct_partner,-0.531476344254379,-0.0723960439820598,-0.3852985084383744,0.0008838305938814
2018,BRA,Copper,metal,direct_partner,-0.5211153317236294,-0.1623785985942492,0.2481931938479157,0.0008389513738668
2018,FRA,Copper,metal,direct_partner,-0.3061748220968455,-0.1011012979516414,-0.4412854928356088,0.0007296703018691
2018,GBR,Copper,metal,direct_partner,-0.2253101162530054,-0.0361594938327623,0.0468886281131416,0.0004896175150467
2018,IDN,Copper,metal,direct_partner,-0.1922654605602899,-0.0113589120388964,0.0794014635802787,0.0004593282473646
2018,SAU,Copper,metal,direct_partner,-0.5078013640558515,-0.0802050585296883,-0.3883306174009693,0.0004239080546483
2018,ESP,Copper,metal,direct_partner,-0.1317187894313389,-0.0405967109202826,-0.1054144856802245,0.0003537231897898
2018,IND,Copper,metal,direct_partner,-0.3816051133321033,-0.0170204588780605,-0.4429973769746614,0.0003466664648312
2018,SGP,Copper,metal,direct_partner,-0.1817565776694547,-0.0214141297625133,-0.0090232959698597,0.0003210881335439
2018,CAN,Copper,metal,direct_partner,-0.2824184834932393,-0.0528070269140718,0.0792242972585911,0.0002763221753044
2018,BEL,Copper,metal,direct_partner,-0.3613388089666718,-0.0378419138916442,0.6239273681079615,0.0001227701466625
2018,JPN,Copper,metal,direct_partner,-0.1586888373188598,-0.0558709786857311,0.2006015021352431,0.0001210191336475
2018,FIN,Copper,metal,direct_partner,-0.2708717028484437,-0.0078094947682287,0.3963707221307843,6.832601020619049e-05
2018,NAM,Copper,metal,direct_partner,-0.6474868609197001,-0.0912901410023699,0.159035592245167,6.198245072385192e-05
2018,PRT,Copper,metal,direct_partner,-0.3869464747724721,-0.0634408028777554,0.6073606562091193,5.616134644750648e-05
2018,SWE,Copper,metal,direct_partner,-0.4058264944198486,-0.0017404013978616,0.4478412124352423,5.158514354613451e-05
2018,HRV,Copper,metal,direct_partner,-0.7732738227027476,-0.1276692338810662,0.3150107695278061,4.548032910763573e-05
2018,ZAF,Copper,metal,direct_partner,-0.4192757500005403,-0.0606109752569351,0.154897477618066,4.383244914773502e-05
2018,POL,Copper,metal,direct_partner,-0.543821715354624,-0.0554873452911919,0.3298588065085197,3.72284837474273e-05
2018,LUX,Copper,metal,direct_partner,-0.1288747706857196,-0.0286103553595441,-0.2390218552919797,3.499235855601299e-05
2018,ZMB,Copper,metal,direct_partner,-0.542745405568275,-0.0976533969990931,-0.5704263202793856,3.372126608980653e-05
2018,SRB,Copper,metal,direct_partner,-0.3578843170203335,-0.0472509277881283,0.0882289073210502,3.0069404573072827e-05
2018,AUT,Copper,metal,direct_partner,-0.3635469723316558,-0.0559146005178236,0.1542137325628142,2.6594543342081925e-05
2018,SVK,Copper,metal,direct_partner,-0.1898073116239072,-0.0176412131147165,-0.0640869061685199,2.5692562961804958e-05
2018,ECU,Copper,metal,direct_partner,-0.6971831260769628,-0.1544869707446989,0.3406973767981576,1.2370534419167494e-05
2018,CHN,Copper,metal,integrated,-0.0836950516770494,-0.0457381878044712,-0.1302688905044516,0.014672862274961
2018,USA,Copper,metal,integrated,-0.2410876930241371,-0.0473418459254816,-0.048548591422445,0.0030974032296192
2018,DEU,Copper,metal,integrated,-0.044639337734441,-0.006402975095285,-0.123607416966861,0.002392178349301
2018,ITA,Copper,metal,integrated,-0.0055168868580301,-0.0183081817387684,-0.2175936335221464,0.0021442000393773
2018,ARE,Copper,metal,integrated,-0.1458102327287759,-0.0228053446175819,-0.0176167721548153,0.0017639775042796
2018,TUR,Copper,metal,integrated,-0.0421592782998918,-0.0173078797409033,-0.2761997810011355,0.001563399597935
2018,THA,Copper,metal,integrated,-0.0139137221824633,-0.0059179731727996,-0.2452964487803551,0.0015591775688921
2018,MYS,Copper,metal,integrated,-0.0534346180565785,-0.0253909320761954,-0.1748332731912295,0.0013273093774773
2018,KOR,Copper,metal,integrated,-0.1438496478863425,-0.045722617512105,-0.1055252106736459,0.0012325192411165
2018,NLD,Copper,metal,integrated,-0.3874942031830974,-0.0866259860352127,-0.1197193629164362,0.0012021367983511
2018,VNM,Copper,metal,integrated,-0.0238774972671835,-0.006232995552725,-0.0196827155595357,0.0009749890055627
2018,CHE,Copper,metal,integrated,-0.521394053447948,-0.0900734885913763,-0.5941224681385022,0.0008838305938814
2018,BRA,Copper,metal,integrated,-0.3503207320111385,-0.1062257725797783,-0.0048660024181968,0.0008389513738668
2018,FRA,Copper,metal,integrated,-0.2476117010612916,-0.1044815334719374,-0.5141766178658064,0.0007296703018691
2018,GBR,Copper,metal,integrated,-0.178986993552713,-0.0345753199102209,-0.4579422268517483,0.0004896175150467
2018,IDN,Copper,metal,integrated,-0.1410737471476685,0.0069048284007962,-0.0864611619350224,0.0004593282473646
2018,SAU,Copper,metal,integrated,-0.4735790870036112,-0.0852287086876765,-0.3910236968259005,0.0004239080546483
2018,ESP,Copper,metal,integrated,-0.1110452574616027,-0.0485475107110369,-0.3726185287069019,0.0003537231897898
2018,IND,Copper,metal,integrated,-0.3464876906524429,-0.0276511554564511,-0.5961414892066558,0.0003466664648312
2018,SGP,Copper,metal,integrated,-0.1164736315992599,-0.0220668010144087,-0.1990345309735763,0.0003210881335439
2018,CAN,Copper,metal,integrated,-0.2243373932767813,-0.0218229791528493,-0.1431588829227363,0.0002763221753044
2018,BEL,Copper,metal,integrated,-0.2648986383015709,-0.04683491473077,-0.1373043588323653,0.0001227701466625
2018,JPN,Copper,metal,integrated,-0.1213811965782664,-0.0421230376955319,-0.0453512879071515,0.0001210191336475
2018,FIN,Copper,metal,integrated,-0.1694100157928585,-0.0106820331799171,-0.0067267270994757,6.832601020619049e-05
2018,NAM,Copper,metal,integrated,-0.4938800260221381,-0.0557098731554215,0.0,6.198245072385192e-05
2018,PRT,Copper,metal,integrated,-0.0316747904338151,-0.0068435851738021,-0.01097961606719,5.616134644750648e-05
2018,SWE,Copper,metal,integrated,-0.342635192207614,-0.0134806703963605,-0.0002200611278614,5.158514354613451e-05
2018,HRV,Copper,metal,integrated,-0.6543385381417537,-0.1156762166947725,3.208855200690969e-13,4.548032910763573e-05
2018,ZAF,Copper,metal,integrated,-0.3701054479008746,-0.0702069707783844,-0.1495315687957854,4.383244914773502e-05
2018,POL,Copper,metal,integrated,-0.4431631089654123,-0.0788426523977527,-0.0460663944069175,3.72284837474273e-05
2018,LUX,Copper,metal,integrated,-0.1056653678621198,-0.0307229072333417,-0.4223491408666165,3.499235855601299e-05
2018,ZMB,Copper,metal,integrated,-0.5846287329746621,-0.1058895285152331,-0.6714206334977717,3.372126608980653e-05
2018,SRB,Copper,metal,integrated,-0.1778779409517557,-0.0213602466634224,-0.2218859283107417,3.0069404573072827e-05
2018,AUT,Copper,metal,integrated,-0.2813686650488763,-0.046096972314989,-0.0078025458587493,2.6594543342081925e-05
2018,SVK,Copper,metal,integrated,-0.1344200638219129,-0.0112155964255442,-0.1569719972582682,2.5692562961804958e-05
2018,ECU,Copper,metal,integrated,-0.4674698291379189,-0.0965750522067387,0.0,1.2370534419167494e-05
2018,CHN,Copper,ore,direct_partner,-0.1152863835400654,-0.1102703896700013,0.0662317149523985,0.0195654044940879
2018,JPN,Copper,ore,direct_partner,-0.1212786388121664,-0.1046317602371029,0.1641558600069115,0.0058607558708362
2018,KOR,Copper,ore,direct_partner,-0.0964017206824579,-0.0886418327986442,0.0986803205651451,0.0026133524760713
2018,ESP,Copper,ore,direct_partner,-0.0974321456979863,-0.0897808074502278,-0.2291205015915659,0.002014585718535
2018,IND,Copper,ore,direct_partner,-0.1411946907069202,-0.1261045157226034,-0.2238411286129786,0.0016476894013359
2018,DEU,Copper,ore,direct_partner,-0.0898193185131433,-0.0797470864358065,-0.0110578186773625,0.0013805312991903
2018,BGR,Copper,ore,direct_partner,-0.1761554182818517,-0.1512270822810448,0.5218515915680961,0.0013295148143675
2018,ZMB,Copper,ore,direct_partner,-0.6620215229772971,-0.5997464606505059,-0.7881689291794015,0.000685960011165
2018,PHL,Copper,ore,direct_partner,-0.0529129226800206,-0.0348019083247392,-0.0758187137613237,0.000543193837859
2018,BRA,Copper,ore,direct_partner,-0.2490617027828556,-0.2300984652077197,0.0605639668089767,0.0004648398299685
2018,FIN,Copper,ore,direct_partner,-0.1232483911429218,-0.1096747505008107,-0.1170426158938956,0.000441414267751
2018,MEX,Copper,ore,direct_partner,-0.2616053737828504,-0.2301597948131518,0.0328376896346714,0.000424282016231
2018,RUS,Copper,ore,direct_partner,-0.3881307030179009,-0.3515549054403314,-0.1634508264405304,0.0003147216284516
2018,SWE,Copper,ore,direct_partner,-0.1520100727955354,-0.130083842641924,-0.0002888407184794,0.0003120717269279
2018,GEO,Copper,ore,direct_partner,-0.2575011301944251,-0.2250929942221994,0.1703453543231562,0.0002418064035855
2018,NAM,Copper,ore,direct_partner,-0.2190914508761086,-0.1883359763887729,-0.4669093738216533,0.000213064260585
2018,CAN,Copper,ore,direct_partner,-0.1270673535158454,-0.1103188784867865,0.0841433484216309,0.0001967276870789
2018,POL,Copper,ore,direct_partner,-0.3218064837714169,-0.2792176707600975,-0.152468830531634,0.0001891298604722
2018,MYS,Copper,ore,direct_partner,-0.1098938358744971,-0.112907736369333,0.0726252545359082,0.0001246658149622
2018,SGP,Copper,ore,direct_partner,-0.2927854171189001,-0.2542615586385345,1.6654190156950577e-06,0.000115103144269
2018,CHE,Copper,ore,direct_partner,-0.3787663405050733,-0.3303689767401351,0.6240902399677464,0.0001102593265838
2018,SRB,Copper,ore,direct_partner,-0.3986835807431063,-0.3750730118153673,0.4473596113560581,0.0001096502945302
2018,USA,Copper,ore,direct_partner,-0.2957583233875728,-0.2468128061618588,0.1724702291063568,9.108689874182372e-05
2018,KAZ,Copper,ore,direct_partner,-0.7467394153163909,-0.6960589859368567,-0.4068311862420034,5.129730496419107e-05
2018,CHL,Copper,ore,direct_partner,-0.2650828297128852,-0.2414527164033411,0.13664700425737,2.5970732383437408e-05
2018,UZB,Copper,ore,direct_partner,-0.7323557272692235,-0.6620454376844879,0.1820383528033897,2.35989406147508e-05
2018,IDN,Copper,ore,direct_partner,-0.5959397945251077,0.2562407576454564,-0.9731923514348008,7.313661328155856e-06
2018,CHN,Copper,ore,integrated,-0.0646068626816903,-0.0622168762576446,-0.1184069953324546,0.0195654044940879
2018,JPN,Copper,ore,integrated,-0.0630520733714591,-0.0607822855332398,-0.0078912790439728,0.0058607558708362
2018,KOR,Copper,ore,integrated,-0.0507065993666052,-0.0482139814131669,-0.0494207272050489,0.0026133524760713
2018,ESP,Copper,ore,integrated,-0.0992145952425207,-0.0913096890536162,-0.3633057453283756,0.002014585718535
2018,IND,Copper,ore,integrated,-0.1749682648449611,-0.1528933612623469,-0.2094165788733349,0.0016476894013359
2018,DEU,Copper,ore,integrated,-0.0780866852315775,-0.0898446909319021,-0.2438711225348431,0.0013805312991903
2018,BGR,Copper,ore,integrated,-0.1159341022502278,-0.1049965210097385,-0.0883735693529854,0.0013295148143675
2018,ZMB,Copper,ore,integrated,-0.7135715511103765,-0.6464442608847065,-0.6086061742735227,0.000685960011165
2018,PHL,Copper,ore,integrated,-0.0187841608565194,-0.0102666853851802,-0.1391416096330957,0.000543193837859
2018,BRA,Copper,ore,integrated,-0.2430086115844633,-0.2251026154719414,-0.0220201737934405,0.0004648398299685
2018,FIN,Copper,ore,integrated,-0.1084128330268074,-0.0968601229001959,-0.2596395027478053,0.000441414267751
2018,MEX,Copper,ore,integrated,-0.15319780395444,-0.129823685009325,-0.0435980215515848,0.000424282016231
2018,RUS,Copper,ore,integrated,-0.3592111343356736,-0.3254002790734391,-0.2070550877916712,0.0003147216284516
2018,SWE,Copper,ore,integrated,-0.1549489121868578,-0.1311702674287696,-0.1346409473371498,0.0003120717269279
2018,GEO,Copper,ore,integrated,-0.2463242564820278,-0.2232371533198978,-0.2344351371057862,0.0002418064035855
2018,NAM,Copper,ore,integrated,-0.2401224067571127,-0.2113170224453857,-0.6067509736985088,0.000213064260585
2018,CAN,Copper,ore,integrated,-0.0698342497272243,-0.0588927370733119,-0.0759428532924541,0.0001967276870789
2018,POL,Copper,ore,integrated,-0.4197655087155948,-0.3730560219820906,-0.4358375489317294,0.0001891298604722
2018,MYS,Copper,ore,integrated,-0.0961696473679632,-0.1098052012621845,-0.0143140627298387,0.0001246658149622
2018,SGP,Copper,ore,integrated,-0.3399837928416185,-0.2944018515785304,-0.1044873391381606,0.000115103144269
2018,CHE,Copper,ore,integrated,-0.3298180742018313,-0.2974693205529906,-0.0196776050238322,0.0001102593265838
2018,SRB,Copper,ore,integrated,-0.0794330216755163,-0.0716533335469302,3.3375704468342014e-12,0.0001096502945302
2018,USA,Copper,ore,integrated,-0.1433551728328391,-0.1155983648959578,-0.0007325981201441,9.108689874182372e-05
2018,KAZ,Copper,ore,integrated,-0.6257193340101022,-0.5637381161529944,-0.5853603871231624,5.129730496419107e-05
2018,CHL,Copper,ore,integrated,-0.1582630513830508,-0.1446190848369835,-4.3602758112251626e-05,2.5970732383437408e-05
2018,UZB,Copper,ore,integrated,-0.5340627229870101,-0.4829826436741286,0.0,2.35989406147508e-05
2018,IDN,Copper,ore,integrated,-0.8386383919478129,0.0315041411646112,-0.799655663310218,7.313661328155856e-06
2019,CHN,Copper,metal,direct_partner,-0.0934242634426519,-0.0551762236448099,0.1739858608398375,0.0136686901298675
2019,USA,Copper,metal,direct_partner,-0.3866390882809496,-0.1209483558814231,0.5208004196153414,0.0028050988522148
2019,DEU,Copper,metal,direct_partner,-0.09526851095214,-0.0073153820389444,0.6211428066036762,0.00229181826185
2019,ITA,Copper,metal,direct_partner,-0.037433709575714,-0.0144689069914326,-0.0074323633714857,0.0021958189644877
2019,ARE,Copper,metal,direct_partner,-0.2707961822997117,-0.0400973605777058,-0.0234335961888373,0.0020026893323535
2019,THA,Copper,metal,direct_partner,-0.0591482423672947,-0.0113093030396414,0.1802213210456263,0.0016952680846903
2019,NLD,Copper,metal,direct_partner,-0.5747377368141924,-0.1027260922176745,0.6055016601256167,0.0014990044766597
2019,TUR,Copper,metal,direct_partner,-0.1748452504873024,-0.020989004693749,0.4339813156116819,0.0014062627324069
2019,KOR,Copper,metal,direct_partner,-0.1955906050092775,-0.0844906283159851,0.2948005749472396,0.0013473435609447
2019,MYS,Copper,metal,direct_partner,-0.1620026138942067,-0.0270920507855051,-0.0324831469680703,0.0013100548359315
2019,VNM,Copper,metal,direct_partner,-0.0723093482094729,-0.0134343413505863,0.2026040799727007,0.0011062321355462
2019,FRA,Copper,metal,direct_partner,-0.2757022274117175,-0.0957736359087469,-0.4128134852634749,0.0007510162577245
2019,BRA,Copper,metal,direct_partner,-0.5532513395041403,-0.1719877903194134,0.2792710861034978,0.0007453111528252
2019,IND,Copper,metal,direct_partner,-0.4215031602509105,-0.0195446591333441,-0.3545382975989332,0.0006815189219742
2019,CHE,Copper,metal,direct_partner,-0.4944153160092763,-0.070819506275059,-0.3768206411063909,0.0005983481649328
2019,SAU,Copper,metal,direct_partner,-0.5490227456740878,-0.0883693202643716,-0.4055329063468884,0.000456096300339
2019,TZA,Copper,metal,direct_partner,-0.6648906320506874,-0.1336267637221155,-0.6658179474726775,0.0004537490673028
2019,ESP,Copper,metal,direct_partner,-0.1913498225879833,-0.0659832112031333,-0.2512399820840275,0.0004338643740875
2019,IDN,Copper,metal,direct_partner,-0.1772484641671199,-0.0190287772940221,0.091029007719848,0.0004292884743589
2019,SGP,Copper,metal,direct_partner,-0.627667865113752,-0.1029433105390465,0.0002901399036743,0.0004026891482253
2019,CAN,Copper,metal,direct_partner,-0.2684020008334816,-0.0515764273064283,0.0689681571251786,0.0002669738615103
2019,MEX,Copper,metal,direct_partner,-0.4593703147022946,-0.0825002438708747,0.2482771196372088,0.0002555338437492
2019,BEL,Copper,metal,direct_partner,-0.527177013749373,-0.0649634394307168,0.6666049561747427,0.0002548880700416
2019,GBR,Copper,metal,direct_partner,-0.1966742699871376,-0.0287601840919865,0.1520197954581356,0.0002270107715589
2019,KWT,Copper,metal,direct_partner,-0.4087045892046575,-0.076498868864818,-0.0827611096651961,0.0001204661119494
2019,BGR,Copper,metal,direct_partner,-0.1235147910619751,-0.0048170595446991,0.120937208690725,0.0001085702427803
2019,FIN,Copper,metal,direct_partner,-0.206555975826895,-0.0129554361599721,0.420237189786697,7.939232866267114e-05
2019,JPN,Copper,metal,direct_partner,-0.2206528937819734,-0.0724312766808725,0.1808142173520525,6.857747908628702e-05
2019,ZAF,Copper,metal,direct_partner,-0.3918797018668538,-0.0617857868648507,0.1072470874047735,6.75184421668222e-05
2019,OMN,Copper,metal,direct_partner,-0.3156596626731243,0.0470551063992945,0.1009999664597366,6.012580183667596e-05
2019,SWE,Copper,metal,direct_partner,-0.7867195556657653,-0.0120672598679816,0.5086421957582653,5.668877109841628e-05
2019,HRV,Copper,metal,direct_partner,-0.6016792583142191,-0.1012730339153892,0.1913153879949547,4.596674983660508e-05
2019,POL,Copper,metal,direct_partner,-0.3714734207746288,-0.0390908667666093,0.326539542360921,4.5228454702182205e-05
2019,LUX,Copper,metal,direct_partner,-0.1396312468055383,-0.0272867010102606,-0.2824475090996554,4.267200668006457e-05
2019,ZMB,Copper,metal,direct_partner,-0.5848012566838403,-0.1109501141628576,-0.596000268771577,3.152919262004548e-05
2019,PRT,Copper,metal,direct_partner,-0.3747144486867015,-0.0387383250927537,0.5343916742077558,2.225960417496244e-05
2019,CZE,Copper,metal,direct_partner,-0.2597596229203888,-0.0181358831124799,0.0,1.6772337878538134e-05
2019,SRB,Copper,metal,direct_partner,-0.6945947340762173,-0.1103927981574469,0.3647204231528771,1.3274541959045406e-05
2019,HUN,Copper,metal,direct_partner,-0.5239074601917006,-0.0626990223234701,0.2132494210465314,1.1870597413688645e-05
2019,CHN,Copper,metal,integrated,-0.0716057780138207,-0.0432062095872288,-0.1301811400196921,0.0136686901298675
2019,USA,Copper,metal,integrated,-0.2890988578451645,-0.0631767046878689,-0.013531682287313,0.0028050988522148
2019,DEU,Copper,metal,integrated,-0.0362978289694057,-0.0051908698761532,-0.0786038316633235,0.00229181826185
2019,ITA,Copper,metal,integrated,-0.0165493284546129,-0.0204163393208249,-0.2097804400962737,0.0021958189644877
2019,ARE,Copper,metal,integrated,-0.2406955741263016,-0.046861436819672,-0.1068999400266819,0.0020026893323535
2019,THA,Copper,metal,integrated,-0.0171608218796691,-0.0068726930619255,-0.2679136573771246,0.0016952680846903
2019,NLD,Copper,metal,integrated,-0.5216743807731875,-0.1158250808841897,-0.1183821690412455,0.0014990044766597
2019,TUR,Copper,metal,integrated,-0.0704287729839235,-0.0217111747385897,-0.1730597086306394,0.0014062627324069
2019,KOR,Copper,metal,integrated,-0.1472704287216361,-0.0550636229287699,-0.0299730659587163,0.0013473435609447
2019,MYS,Copper,metal,integrated,-0.1059663240138177,-0.0377988034445715,-0.2017864493775771,0.0013100548359315
2019,VNM,Copper,metal,integrated,-0.0378171543571486,-0.0050326962286567,-0.0056089119490258,0.0011062321355462
2019,FRA,Copper,metal,integrated,-0.2330687614227702,-0.1026708598625582,-0.5187641405203569,0.0007510162577245
2019,BRA,Copper,metal,integrated,-0.3905530812255903,-0.1215081567316726,-8.635624899163944e-06,0.0007453111528252
2019,IND,Copper,metal,integrated,-0.3793793103488978,-0.0359517176813348,-0.5507896680918751,0.0006815189219742
2019,CHE,Copper,metal,integrated,-0.4790599074666921,-0.0896260971253247,-0.6021554287888109,0.0005983481649328
2019,SAU,Copper,metal,integrated,-0.5074247112352879,-0.0995221888475565,-0.4071832561142885,0.000456096300339
2019,TZA,Copper,metal,integrated,-0.613859929237156,-0.1296855705856397,-0.8906480687890796,0.0004537490673028
2019,ESP,Copper,metal,integrated,-0.1646591341127541,-0.0727437476884434,-0.5321538248859192,0.0004338643740875
2019,IDN,Copper,metal,integrated,-0.1240031579711138,0.0012074386298195,-0.0836849735947503,0.0004292884743589
2019,SGP,Copper,metal,integrated,-0.5528298030020133,-0.1089952259424416,-0.201180650833831,0.0004026891482253
2019,CAN,Copper,metal,integrated,-0.2214707131067283,-0.02688019818751,-0.1589799488791566,0.0002669738615103
2019,MEX,Copper,metal,integrated,-0.3580163765626784,-0.0438495503736,-2.883140436275467e-05,0.0002555338437492
2019,BEL,Copper,metal,integrated,-0.4557623912549915,-0.0795403572164955,-0.0910969074268041,0.0002548880700416
2019,GBR,Copper,metal,integrated,-0.1371487502389239,-0.0227070884269901,-0.4657741369101587,0.0002270107715589
2019,KWT,Copper,metal,integrated,-0.3903197288627772,-0.082654534652027,-0.3125531010778742,0.0001204661119494
2019,BGR,Copper,metal,integrated,-0.072226695757216,-0.0092815371835551,-0.2490034960129829,0.0001085702427803
2019,FIN,Copper,metal,integrated,-0.111327160309802,-0.0128012598179653,-0.0159696376652883,7.939232866267114e-05
2019,JPN,Copper,metal,integrated,-0.1789673001998714,-0.0556906695606413,-0.0554665687206746,6.857747908628702e-05
2019,ZAF,Copper,metal,integrated,-0.3411907208765107,-0.0727022617840157,-0.200929553968857,6.75184421668222e-05
2019,OMN,Copper,metal,integrated,-0.2206939138660281,0.0233444710072105,-0.1008637226243982,6.012580183667596e-05
2019,SWE,Copper,metal,integrated,-0.7546140766685832,-0.0317593055543637,-0.0063425780329754,5.668877109841628e-05
2019,HRV,Copper,metal,integrated,-0.5334244445851373,-0.0933454117007613,-0.0344900374700971,4.596674983660508e-05
2019,POL,Copper,metal,integrated,-0.317012777363804,-0.0562419537778619,-0.0013309970917789,4.5228454702182205e-05
2019,LUX,Copper,metal,integrated,-0.1182033434805606,-0.0303333751394914,-0.4237192033199205,4.267200668006457e-05
2019,ZMB,Copper,metal,integrated,-0.5843878821872521,-0.1164229646590485,-0.7038964891398487,3.152919262004548e-05
2019,PRT,Copper,metal,integrated,-0.0086494287018322,0.0089549925164337,-0.0445914655180718,2.225960417496244e-05
2019,CZE,Copper,metal,integrated,-0.222527040011745,-0.0190415628217885,0.0,1.6772337878538134e-05
2019,SRB,Copper,metal,integrated,-0.3691457042771914,-0.0570288968440021,-0.0135502977681462,1.3274541959045406e-05
2019,HUN,Copper,metal,integrated,-0.4560006010012359,-0.0705438910400306,1.043720329054113e-13,1.1870597413688645e-05
2019,CHN,Copper,ore,direct_partner,-0.1278460937607378,-0.121977611269863,0.0885425256951515,0.0214765825214459
2019,JPN,Copper,ore,direct_partner,-0.1384735813382109,-0.1234733604610635,0.1517976494057584,0.0055394887644856
2019,KOR,Copper,ore,direct_partner,-0.1181336303512826,-0.1110111540174352,0.0866134055995776,0.0025038249054008
2019,ESP,Copper,ore,direct_partner,-0.1071991444204157,-0.0966451071887281,-0.347445750228267,0.0014857033333311
2019,DEU,Copper,ore,direct_partner,-0.1183764621433592,-0.1056863971337703,-0.0370961737977237,0.0013282025239629
2019,BGR,Copper,ore,direct_partner,-0.1422262536353305,-0.1224590224489831,0.437083602107791,0.0011061175021199
2019,IND,Copper,ore,direct_partner,-0.1943755073558496,-0.1781509092777679,-0.2639499149047674,0.0010219614213488
2019,PHL,Copper,ore,direct_partner,-0.034141754536442,-0.0245236669388908,0.0532134458972363,0.0006956890394113
2019,MEX,Copper,ore,direct_partner,-0.2085590980163479,-0.1866260565463912,0.0678922311936165,0.0006223967620626
2019,BRA,Copper,ore,direct_partner,-0.2624981742603735,-0.2458906984282846,0.0346554174296589,0.0004841424297508
2019,FIN,Copper,ore,direct_partner,-0.1306840549498233,-0.1146202918336564,-0.0646735064853412,0.0004575562753252
2019,RUS,Copper,ore,direct_partner,-0.3062701956937378,-0.2800320301178223,-0.1523787433200173,0.000399694498688
2019,CAN,Copper,ore,direct_partner,-0.0953430714987783,-0.083838678464476,0.0770630173377093,0.0003301318881138
2019,SWE,Copper,ore,direct_partner,-0.1056241443267973,-0.0875579783144166,0.1125308097186873,0.0003287711874839
2019,MYS,Copper,ore,direct_partner,-0.1190703686426113,-0.1032049871019578,-0.0162020883768119,0.0002425729928457
2019,POL,Copper,ore,direct_partner,-0.5135578515751253,-0.4524541265361737,-0.2670811003951819,0.0002347419384859
2019,CHE,Copper,ore,direct_partner,-0.5186044942011253,-0.4579052762092435,0.690433084263595,0.0001543093371
2019,UZB,Copper,ore,direct_partner,-0.414113031638699,-0.3742359842375176,0.1990632635086586,0.0001313766923418
2019,USA,Copper,ore,direct_partner,-0.4255209940402664,-0.3767789020173644,0.1458553075545846,0.0001290988502009
2019,ZMB,Copper,ore,direct_partner,-0.6684913909937094,-0.6044955540989492,-0.7861790389720114,0.000105807863961
2019,AUS,Copper,ore,direct_partner,-0.690757050910923,-0.6356966948432693,-1.6994379340180477e-05,4.121709499291338e-05
2019,TUR,Copper,ore,direct_partner,-0.6467176905954974,-0.5681155647880913,0.9224671938678864,1.0646427597946017e-05
2019,CHL,Copper,ore,direct_partner,-0.2093709491593327,-0.1912055701261688,0.1149972879523572,9.408122069054962e-06
2019,KAZ,Copper,ore,direct_partner,-0.4643530271468585,-0.4495311910964767,-0.2101948090388402,8.152112120441987e-06
2019,CHN,Copper,ore,integrated,-0.0824363505802067,-0.0784249797804433,-0.0822187252573262,0.0214765825214459
2019,JPN,Copper,ore,integrated,-0.0774024737916318,-0.0744471003954047,-0.0072549408567031,0.0055394887644856
2019,KOR,Copper,ore,integrated,-0.0713212161216619,-0.0687465387608513,-0.0396317773704758,0.0025038249054008
2019,ESP,Copper,ore,integrated,-0.105591697908144,-0.0983270917349842,-0.4348305599499787,0.0014857033333311
2019,DEU,Copper,ore,integrated,-0.1179201258261087,-0.1189790596638441,-0.2757528186115223,0.0013282025239629
2019,BGR,Copper,ore,integrated,-0.0603140459850521,-0.0549403581436933,-0.1287099819697783,0.0011061175021199
2019,IND,Copper,ore,integrated,-0.2471507279670959,-0.2333102842432416,-0.2944226958873982,0.0010219614213488
2019,PHL,Copper,ore,integrated,0.001168040381351,0.0036144677253175,-1.53723809204654e-07,0.0006956890394113
2019,MEX,Copper,ore,integrated,-0.0918406239021926,-0.0775951413084972,-0.1186507121295417,0.0006223967620626
2019,BRA,Copper,ore,integrated,-0.2416011354633981,-0.2283113960909,-0.0660380471035474,0.0004841424297508
2019,FIN,Copper,ore,integrated,-0.1164682959477534,-0.1040574504758574,-0.2588772921887033,0.0004575562753252
2019,RUS,Copper,ore,integrated,-0.2925102016304798,-0.2686943795346826,-0.2013446151497513,0.000399694498688
2019,CAN,Copper,ore,integrated,-0.0534623787369649,-0.0469671215402676,-0.0923046487287855,0.0003301318881138
2019,SWE,Copper,ore,integrated,-0.105939859296896,-0.0848046763372952,-0.0580320666750564,0.0003287711874839
2019,MYS,Copper,ore,integrated,-0.0975269374084288,-0.0967488970395035,-0.1378772687170899,0.0002425729928457
2019,POL,Copper,ore,integrated,-0.6177547449937102,-0.5505500542218594,-0.4892742752388961,0.0002347419384859
2019,CHE,Copper,ore,integrated,-0.4230318868011936,-0.3865663729041012,-0.087949051126015,0.0001543093371
2019,UZB,Copper,ore,integrated,-0.3034775977752983,-0.2747122814560687,-0.0181673232733679,0.0001313766923418
2019,USA,Copper,ore,integrated,-0.258364980892534,-0.221993952873259,-6.996086603281255e-05,0.0001290988502009
2019,ZMB,Copper,ore,integrated,-0.7104866384165577,-0.6460570500820684,-0.7977817397595093,0.000105807863961
2019,AUS,Copper,ore,integrated,-0.7448678666151693,-0.6879364921594457,-1.6994383797328337e-05,4.121709499291338e-05
2019,TUR,Copper,ore,integrated,-0.7461722454804384,-0.6721039912007684,-8.818347196626398e-05,1.0646427597946017e-05
2019,CHL,Copper,ore,integrated,-0.1339683586502709,-0.1232280693383418,-0.000326714655443,9.408122069054962e-06
2019,KAZ,Copper,ore,integrated,-0.3747811186653238,-0.3544738840934643,-0.3093842804211323,8.152112120441987e-06
2020,CHN,Copper,metal,direct_partner,-0.0809811873907125,-0.0490492568414782,0.1828630043707647,0.0165580551777491
2020,USA,Copper,metal,direct_partner,-0.3550206135753644,-0.1060053042181784,0.538134055701706,0.002641835028004
2020,DEU,Copper,metal,direct_partner,-0.0882270448334142,-0.005393591390855,0.6200797687081021,0.0021190329087037
2020,ITA,Copper,metal,direct_partner,-0.0437396343010968,-0.0044205910183642,-0.0274371919923422,0.0016640052470448
2020,ARE,Copper,metal,direct_partner,-0.350117184365564,-0.0537819229674835,0.0005046632167942,0.0015210699950646
2020,NLD,Copper,metal,direct_partner,-0.4814086077502089,-0.0763842108990293,0.6256745380181445,0.0013632843563737
2020,TUR,Copper,metal,direct_partner,-0.1332443631463705,-0.0126572708786481,0.3358705532684546,0.0013434774452847
2020,THA,Copper,metal,direct_partner,-0.0743487391947404,-0.0204491529462576,0.1539140704764947,0.0012807450476568
2020,CHE,Copper,metal,direct_partner,-0.3390948344368842,-0.0550090631285971,-0.0798864130159804,0.001165816095462
2020,KOR,Copper,metal,direct_partner,-0.2515454688755534,-0.090787786233236,0.2532264072058479,0.0010066408247086
2020,VNM,Copper,metal,direct_partner,-0.0744385629420903,-0.0122074002934294,0.1855824136961437,0.0009117928584894
2020,TZA,Copper,metal,direct_partner,-0.6659054763081246,-0.134624762019007,-0.6554136061818643,0.0009033949294929
2020,BRA,Copper,metal,direct_partner,-0.5854064162480428,-0.1710502875381801,0.2427495682802654,0.0007662250076883
2020,FRA,Copper,metal,direct_partner,-0.2303937469006808,-0.0778556914776508,-0.3596740006440253,0.0006465791404977
2020,MYS,Copper,metal,direct_partner,-0.16401372449256,-0.027463811327181,-0.0357314591161412,0.0006446822204883
2020,SGP,Copper,metal,direct_partner,-0.7021101202288011,-0.1146436760483902,0.0001606532680856,0.0005280906987084
2020,SAU,Copper,metal,direct_partner,-0.5307620869839099,-0.0881259127115882,-0.3797497915582662,0.0004477041196707
2020,EGY,Copper,metal,direct_partner,-0.1170910224890162,-0.0168741210013884,-0.0225925274671526,0.0004226690328115
2020,ESP,Copper,metal,direct_partner,-0.1881058311708182,-0.0593053811654827,-0.2741565937950668,0.000378721344508
2020,MEX,Copper,metal,direct_partner,-0.5937395868112645,-0.0852386070264522,0.1642326718426412,0.0003466356201239
2020,IDN,Copper,metal,direct_partner,-0.1535047946850243,-0.0228815698898459,0.0471483485747062,0.0003197223393939
2020,BEL,Copper,metal,direct_partner,-0.5835532613304033,-0.0677868621201123,0.8466529743206156,0.0002251897466512
2020,CAN,Copper,metal,direct_partner,-0.2731150520112533,-0.0500721393000455,-0.1889419932054296,0.0001455789281815
2020,GBR,Copper,metal,direct_partner,-0.3519993268681282,-0.1014383582409534,0.7396474446555772,0.0001108892081916
2020,BGR,Copper,metal,direct_partner,-0.1283502859556381,-0.0010975197879185,0.1631104019365675,0.0001020913173571
2020,MOZ,Copper,metal,direct_partner,-0.5917103419935512,-0.1218423670418367,-0.1648893097461344,0.0001007472472516
2020,FIN,Copper,metal,direct_partner,-0.2234960267898312,-0.0190669928251179,0.4328035390084931,6.32950152585816e-05
2020,ZAF,Copper,metal,direct_partner,-0.3448872770463734,-0.0590205494201841,-0.0394202453666985,6.168118894435388e-05
2020,SWE,Copper,metal,direct_partner,-0.7218828778753675,-0.0956029288410759,0.4638757720632795,5.24133880569696e-05
2020,HRV,Copper,metal,direct_partner,-0.4311526275836825,-0.0697144548601199,0.0079255587342862,4.349590169427775e-05
2020,JPN,Copper,metal,direct_partner,-0.2112467747081806,-0.0834608304255906,0.0066100902888996,3.8591703061420704e-05
2020,POL,Copper,metal,direct_partner,-0.6162613365463085,-0.0784318194653135,0.458203269352487,3.624247321716736e-05
2020,BGD,Copper,metal,direct_partner,-0.1863291966858562,-0.0348249848862828,-0.3217593958822888,3.47360264150736e-05
2020,LUX,Copper,metal,direct_partner,-0.3705429265853333,-0.0567415795948943,0.1131950549942708,2.6677935350549667e-05
2020,SVK,Copper,metal,direct_partner,-0.1507343951116229,-0.0275929951319418,-0.1126373086895431,1.623791188391507e-05
2020,CZE,Copper,metal,direct_partner,-0.2595733954782178,-0.0452198869688859,0.0,1.3254870115964467e-05
2020,PHL,Copper,metal,direct_partner,-0.7977321308282206,-0.011882085482679,0.2080219259233292,9.646414736672904e-06
2020,CHN,Copper,metal,integrated,-0.0592282521003317,-0.0345389462591325,-0.086532283706722,0.0165580551777491
2020,USA,Copper,metal,integrated,-0.2494892051373835,-0.0425790477537605,-0.0002452537949342,0.002641835028004
2020,DEU,Copper,metal,integrated,-0.0267987711806251,-0.0050183438422343,-0.092518340858088,0.0021190329087037
2020,ITA,Copper,metal,integrated,-0.0253839584429026,-0.0111393344895884,-0.2182953722102344,0.0016640052470448
2020,ARE,Copper,metal,integrated,-0.3229732526000902,-0.0593787202307923,-0.0861991111476944,0.0015210699950646
2020,NLD,Copper,metal,integrated,-0.4235127912819785,-0.0937731533445847,-0.1034387166812833,0.0013632843563737
2020,TUR,Copper,metal,integrated,-0.0400995204968839,-0.0166305879238855,-0.2553676530433953,0.0013434774452847
2020,THA,Copper,metal,integrated,-0.0276733617503865,-0.0180743472399096,-0.2850522518210195,0.0012807450476568
2020,CHE,Copper,metal,integrated,-0.3388685380646987,-0.0687121402367478,-0.3274161848576858,0.001165816095462
2020,KOR,Copper,metal,integrated,-0.1943472109387847,-0.0540063328165054,-0.0133546130833983,0.0010066408247086
2020,VNM,Copper,metal,integrated,-0.0370061848713459,0.0001643750132421,-0.018283667032249,0.0009117928584894
2020,TZA,Copper,metal,integrated,-0.6173885429594097,-0.135407497624002,-0.8993435789989244,0.0009033949294929
2020,BRA,Copper,metal,integrated,-0.3647770995030102,-0.1006772538054609,-0.0006859979886241,0.0007662250076883
2020,FRA,Copper,metal,integrated,-0.2003086927428843,-0.0808733235537271,-0.4526786024799072,0.0006465791404977
2020,MYS,Copper,metal,integrated,-0.0877846192099413,-0.0340072372451621,-0.2283823484540856,0.0006446822204883
2020,SGP,Copper,metal,integrated,-0.6541591456000563,-0.1273845920703425,-0.1439849540083898,0.0005280906987084
2020,SAU,Copper,metal,integrated,-0.4771530201749621,-0.0970599666396122,-0.4014190378818746,0.0004477041196707
2020,EGY,Copper,metal,integrated,-0.0743914733485837,-0.0152613440107005,-0.2827780526917838,0.0004226690328115
2020,ESP,Copper,metal,integrated,-0.1591439711792004,-0.0607171138849032,-0.537286936878681,0.000378721344508
2020,MEX,Copper,metal,integrated,-0.4216427194438534,-0.0265914923640115,8.59094331009074e-12,0.0003466356201239
2020,IDN,Copper,metal,integrated,-0.1034634284982479,0.0021053195586971,-0.1181232435274822,0.0003197223393939
2020,BEL,Copper,metal,integrated,-0.5425208324940773,-0.0970260023471999,-0.0187144053772331,0.0002251897466512
2020,CAN,Copper,metal,integrated,-0.2471449421621539,-0.0443412198619191,-0.1513443979817594,0.0001455789281815
2020,GBR,Copper,metal,integrated,-0.2828020883828909,-0.0962331120928509,-0.0200249196138339,0.0001108892081916
2020,BGR,Copper,metal,integrated,-0.0637782038667133,-0.0112750408468265,-0.2593761824951504,0.0001020913173571
2020,MOZ,Copper,metal,integrated,-0.4083983665612239,-0.0833783756626301,-0.2028819271232151,0.0001007472472516
2020,FIN,Copper,metal,integrated,-0.1208102024981361,-0.0122218104265622,-0.006678776802861,6.32950152585816e-05
2020,ZAF,Copper,metal,integrated,-0.3106161841466524,-0.0730885000314301,-0.2950775894332316,6.168118894435388e-05
2020,SWE,Copper,metal,integrated,-0.6627944898628519,-0.1111409459895086,-0.0355493264264222,5.24133880569696e-05
2020,HRV,Copper,metal,integrated,-0.369574979780247,-0.0614928541951154,-0.2569756511996028,4.349590169427775e-05
2020,JPN,Copper,metal,integrated,-0.1581856106619945,-0.0567763014422702,-0.0873902633204125,3.8591703061420704e-05
2020,POL,Copper,metal,integrated,-0.5610099887967299,-0.1002207212322461,-0.0010125237609296,3.624247321716736e-05
2020,BGD,Copper,metal,integrated,-0.1050275352898594,-0.027555691791949,-0.5608513892995143,3.47360264150736e-05
2020,LUX,Copper,metal,integrated,-0.3161996356702788,-0.0541837160472802,-0.1663522522162154,2.6677935350549667e-05
2020,SVK,Copper,metal,integrated,-0.101117587388895,-0.0180716985006229,-0.2295453761513272,1.623791188391507e-05
2020,CZE,Copper,metal,integrated,-0.221845564839913,-0.0410394812691996,0.0,1.3254870115964467e-05
2020,PHL,Copper,metal,integrated,-0.7360886167318743,0.0246208801876578,-0.0013769687349699,9.646414736672904e-06
2020,CHN,Copper,ore,direct_partner,-0.1281669512142143,-0.1228964007079052,0.0858999881876384,0.0216544128040339
2020,JPN,Copper,ore,direct_partner,-0.1464654334372735,-0.1326452073455044,0.1155031189783439,0.0052955490702183
2020,KOR,Copper,ore,direct_partner,-0.1167358967198698,-0.108742446561544,0.0906126151396879,0.0026785470247356
2020,DEU,Copper,ore,direct_partner,-0.1157397571859124,-0.1030821210887016,-0.0627720799883183,0.0014700401072214
2020,ESP,Copper,ore,direct_partner,-0.069739275416337,-0.064527565413261,-0.235144249359923,0.001213536918543
2020,BGR,Copper,ore,direct_partner,-0.0758891196607003,-0.0660764890620217,0.1343314237297755,0.0011511311510545
2020,MEX,Copper,ore,direct_partner,-0.5263239917224043,-0.4655506709191294,0.0269687420442808,0.0007335048299046
2020,IND,Copper,ore,direct_partner,-0.2144502555104529,-0.2005706018577952,-0.2824852934995765,0.0006106091483315
2020,PHL,Copper,ore,direct_partner,-0.0698018780287665,-0.0515289274842143,0.0488247066846828,0.0005951477433909
2020,FIN,Copper,ore,direct_partner,-0.0910006470203352,-0.0748096617715509,0.0849067559091649,0.0005417859906924
2020,CAN,Copper,ore,direct_partner,-0.2569882515293705,-0.2225584883250287,0.0178090573637201,0.0003857441531662
2020,GEO,Copper,ore,direct_partner,-0.2471883398519,-0.2187415015327564,0.0684945768825943,0.0003684125457845
2020,NAM,Copper,ore,direct_partner,-0.1659585626053951,-0.1367101796181882,-0.3549828146958316,0.0003553010255148
2020,SWE,Copper,ore,direct_partner,-0.1082361722795009,-0.0908525913726714,0.0759585722285359,0.0003172844288387
2020,BRA,Copper,ore,direct_partner,-0.2989159218204229,-0.2767487812326309,-0.1661253682016335,0.0002815721211814
2020,CHE,Copper,ore,direct_partner,-0.3172639946347871,-0.2777784341345891,0.3569147731986839,0.00024938337538
2020,RUS,Copper,ore,direct_partner,-0.7652704315337394,-0.6921333683303237,-0.1615485199809342,0.0001947789534561
2020,POL,Copper,ore,direct_partner,-0.4406046503685881,-0.3855478081473218,-0.3069717720663016,0.0001884820921206
2020,MYS,Copper,ore,direct_partner,-0.0673522579819884,-0.0550377025392392,-0.0204343052984382,0.000158545567073
2020,MOZ,Copper,ore,direct_partner,-0.6369394351997362,-0.5711340351438312,0.7937458591842472,0.0001196384167877
2020,UZB,Copper,ore,direct_partner,-0.5337628614060849,-0.4820079826979697,0.2319020493779532,7.192335363936002e-05
2020,PER,Copper,ore,direct_partner,-0.2448342537954161,-0.21365999376914,0.2078795743870547,5.826900740158826e-05
2020,ZMB,Copper,ore,direct_partner,-0.7104288100699278,-0.6441442612128182,-0.788373483127078,3.954178932521594e-05
2020,USA,Copper,ore,direct_partner,-0.6181421919283153,-0.5382879220974826,0.0083816013196702,2.9502891126660564e-05
2020,CHL,Copper,ore,direct_partner,-0.276236274298967,-0.2469705284036111,0.2092659235781389,2.751010574863935e-05
2020,AUS,Copper,ore,direct_partner,-0.3130091618017572,-0.2907676298274502,0.048556614672931,2.4689260758879384e-05
2020,MNE,Copper,ore,direct_partner,-0.3116261470318933,-0.2811818314757918,0.0,1.9909628615918588e-05
2020,ZAF,Copper,ore,direct_partner,-0.6030981068017778,0.2596197305336418,0.8475818070053078,1.6102016890773037e-05
2020,KAZ,Copper,ore,direct_partner,-0.4433109664284596,-0.419862692371819,-0.269461802703968,1.1272687845700875e-05
2020,CHN,Copper,ore,integrated,-0.092194371801401,-0.0884080140356821,-0.0815942660267686,0.0216544128040339
2020,JPN,Copper,ore,integrated,-0.0913270060304321,-0.0879589941647571,-0.0170122647530586,0.0052955490702183
2020,KOR,Copper,ore,integrated,-0.073821088585204,-0.0698365367778159,-0.0339314037412387,0.0026785470247356
2020,DEU,Copper,ore,integrated,-0.1114656082577678,-0.1083115991878414,-0.286360338341432,0.0014700401072214
2020,ESP,Copper,ore,integrated,-0.0605730430451899,-0.0613195956587664,-0.3769160592996952,0.001213536918543
2020,BGR,Copper,ore,integrated,-0.0551610824449989,-0.0518635456003128,-0.2430060188445162,0.0011511311510545
2020,MEX,Copper,ore,integrated,-0.3799346386724763,-0.3309856275304418,1.921240608403728e-13,0.0007335048299046
2020,IND,Copper,ore,integrated,-0.2545607975360752,-0.2554736213376685,-0.3262798181320438,0.0006106091483315
2020,PHL,Copper,ore,integrated,-0.0410535344938793,-0.0318986177604617,-0.0728518837413219,0.0005951477433909
2020,FIN,Copper,ore,integrated,-0.0682235105047126,-0.0561505378212434,-0.1445234615954956,0.0005417859906924
2020,CAN,Copper,ore,integrated,-0.1789734103422242,-0.1547121745481998,-0.0866192653569519,0.0003857441531662
2020,GEO,Copper,ore,integrated,-0.2089775985036201,-0.1916908358453128,-0.3016408859873207,0.0003684125457845
2020,NAM,Copper,ore,integrated,-0.1494644830204302,-0.1327570327362982,-0.4526989226184825,0.0003553010255148
2020,SWE,Copper,ore,integrated,-0.1056813906982698,-0.0857680365734231,-0.0631288689101418,0.0003172844288387
2020,BRA,Copper,ore,integrated,-0.2742842315400097,-0.2559271977676637,-0.2577732890847201,0.0002815721211814
2020,CHE,Copper,ore,integrated,-0.2671767216303919,-0.2399582456152372,-0.1755617145100659,0.00024938337538
2020,RUS,Copper,ore,integrated,-0.7313929442016833,-0.6618241301356275,-0.130935346548411,0.0001947789534561
2020,POL,Copper,ore,integrated,-0.5461641457894114,-0.4865840817870349,-0.6166686116653706,0.0001884820921206
2020,MYS,Copper,ore,integrated,-0.0418513676662531,-0.048662025717985,-0.1514960255810761,0.000158545567073
2020,MOZ,Copper,ore,integrated,-2.602362769721367e-13,-2.33812968986058e-13,1.5862747459550013e-13,0.0001196384167877
2020,UZB,Copper,ore,integrated,-0.3719174994396127,-0.3363905997514849,-0.0200839798084309,7.192335363936002e-05
2020,PER,Copper,ore,integrated,-0.105187757775175,-0.0981502720223855,8.92874029704334e-13,5.826900740158826e-05
2020,ZMB,Copper,ore,integrated,-0.6827260475620647,-0.6211307755229984,-0.7046256419132773,3.954178932521594e-05
2020,USA,Copper,ore,integrated,-0.4609915241385587,-0.4009712041248356,-0.0186383773567419,2.9502891126660564e-05
2020,CHL,Copper,ore,integrated,-0.1016534274226143,-0.0898608480842734,-0.0001342450619788,2.751010574863935e-05
2020,AUS,Copper,ore,integrated,-0.3279956283011024,-0.3065438939518669,-3.373279357607389e-06,2.4689260758879384e-05
2020,MNE,Copper,ore,integrated,-0.2704529700521968,-0.2440074314893339,0.0,1.9909628615918588e-05
2020,ZAF,Copper,ore,integrated,-0.6772794913570876,0.0039517999356259,-0.0008267717036073,1.6102016890773037e-05
2020,KAZ,Copper,ore,integrated,-0.3373772173477138,-0.3282060200746315,-0.3155196175713231,1.1272687845700875e-05
2021,CHN,Copper,metal,direct_partner,-0.0685103173479105,-0.0372538954078751,0.1666584244667176,0.0129903783427473
2021,USA,Copper,metal,direct_partner,-0.3602462828137853,-0.1046008996394022,0.4670851951644802,0.0039076555824282
2021,ITA,Copper,metal,direct_partner,-0.0268407179816762,0.0006457024934718,-0.0047687688234886,0.0022993133057168
2021,DEU,Copper,metal,direct_partner,-0.0837627917173397,-0.0010291022923926,0.6406795665413384,0.0019797264764522
2021,ARE,Copper,metal,direct_partner,-0.2466453277901743,-0.028392216938891,0.057120460496208,0.0015024558557772
2021,THA,Copper,metal,direct_partner,-0.0647746257903793,-0.016749228512738,0.1043965305451553,0.0014790366865377
2021,KOR,Copper,metal,direct_partner,-0.2659094228589785,-0.0843367705002282,0.1742278361908585,0.0013355269536699
2021,TUR,Copper,metal,direct_partner,-0.1200518644980171,-0.0091423193628489,0.3599339043893249,0.0013323107754964
2021,MYS,Copper,metal,direct_partner,-0.1787187547218173,-0.0221209850923538,-0.022977009344769,0.0009988490572895
2021,VNM,Copper,metal,direct_partner,-0.0509350681767281,-0.0035159279592235,0.1210648576556921,0.0009964276634116
2021,BRA,Copper,metal,direct_partner,-0.5202339548912986,-0.1451355693019466,0.2318623490449966,0.0009801521348505
2021,TZA,Copper,metal,direct_partner,-0.6059484935837598,-0.1233598746704565,-0.465924682199613,0.0007761295944185
2021,CHE,Copper,metal,direct_partner,-0.4057759608206095,-0.0428957160509171,-0.0939136507260334,0.0007737621462322
2021,SGP,Copper,metal,direct_partner,-0.5570515016559422,-0.0762344684351072,0.000244892767264,0.0007146991556242
2021,FRA,Copper,metal,direct_partner,-0.1938431677123773,-0.0653068246987706,-0.3090860660362521,0.0006544241424858
2021,IND,Copper,metal,direct_partner,-0.6130188833407534,0.0232148386689934,-0.5622620814246411,0.0005372913974926
2021,NLD,Copper,metal,direct_partner,-0.3858174054368867,-0.0600115546989239,0.4690321696571513,0.0005205928825172
2021,ESP,Copper,metal,direct_partner,-0.2144404828977399,-0.0662070589539207,-0.2475507754371039,0.0004042506684798
2021,MEX,Copper,metal,direct_partner,-0.4997431572232509,-0.0616965546766007,0.1445229692635971,0.0003862013264138
2021,IDN,Copper,metal,direct_partner,-0.1668348929283576,-0.0138320109932887,0.0892705049821112,0.000359942621361
2021,SAU,Copper,metal,direct_partner,-0.5277445599413048,-0.0791353867261957,-0.2517465564511867,0.0003157317625199
2021,CAN,Copper,metal,direct_partner,-0.2162846427825812,-0.0334516422106896,-0.0697303659195722,0.0002420639240975
2021,BEL,Copper,metal,direct_partner,-0.587752251059291,-0.0477395822602954,0.8989734714434002,0.0001818664986379
2021,BGR,Copper,metal,direct_partner,-0.2245370130479769,-0.0132710850525295,0.1273455424349406,0.000117269095566
2021,GBR,Copper,metal,direct_partner,-0.5819739120336518,-0.0534169737047313,0.6638023776726995,9.410644448004756e-05
2021,KWT,Copper,metal,direct_partner,-0.2913792699835856,-0.0575516187507331,-0.0541263071813646,8.676456382601403e-05
2021,SWE,Copper,metal,direct_partner,-0.5083020901236227,0.0195659905353306,0.4068040145794652,6.740015903261588e-05
2021,ZAF,Copper,metal,direct_partner,-0.2935329454554546,-0.0360552013353174,0.1063415570792408,6.67353318854809e-05
2021,AUT,Copper,metal,direct_partner,-0.7005157303656875,-0.1148988048221362,0.1844699140079626,6.070683533842449e-05
2021,FIN,Copper,metal,direct_partner,-0.1947229333860126,0.0052919398652986,0.386518103879853,5.637202656491464e-05
2021,HRV,Copper,metal,direct_partner,-0.3413218225921042,-0.0588141362414941,0.0758345309388746,5.391718905903219e-05
2021,OMN,Copper,metal,direct_partner,-0.1774733400058833,-0.0039695923771902,0.2147159177986197,4.623163658263863e-05
2021,JPN,Copper,metal,direct_partner,-0.0942171771367689,-0.0250044172337595,0.0680014913824186,4.4399065549546144e-05
2021,POL,Copper,metal,direct_partner,-0.524004573411818,-0.0439424969867073,0.4687468235394469,3.987823665633884e-05
2021,BGD,Copper,metal,direct_partner,-0.1706253899061082,-0.0231580814915965,-0.2458079540689675,3.2202926268659126e-05
2021,SVK,Copper,metal,direct_partner,-0.2096697287766193,-0.0267067807008601,-0.0174169698390154,2.4100532631223475e-05
2021,CZE,Copper,metal,direct_partner,-0.2723948961240868,-0.0442728011862807,0.0340468090999182,2.035905715651408e-05
2021,LUX,Copper,metal,direct_partner,-0.5388356111886949,-0.1044547224434813,-0.5552839205838709,1.993338870565316e-05
2021,PHL,Copper,metal,direct_partner,-0.7228130155649213,0.0292072115444484,0.0923317824059338,1.054242047043532e-05
2021,RUS,Copper,metal,direct_partner,-0.2896076979380304,-0.0465544527518248,0.2167905320925996,9.694333492344677e-06
2021,ARG,Copper,metal,direct_partner,-0.581933405757762,-0.1528801105729726,0.1330703801226646,7.3896059703626205e-06
2021,ECU,Copper,metal,direct_partner,-0.7218256033842718,-0.1556911972846584,0.3623193484511773,5.917201418808344e-06
2021,HUN,Copper,metal,direct_partner,-0.1813640907483772,-0.0063981380410341,0.1705188292906216,5.523280983607031e-06
2021,CHN,Copper,metal,integrated,-0.0424263797225134,-0.0223456694794776,-0.0946881885718763,0.0129903783427473
2021,USA,Copper,metal,integrated,-0.2227369823490538,-0.0386672186960323,-0.0453930224245132,0.0039076555824282
2021,ITA,Copper,metal,integrated,-0.0079916221071393,-0.010351170490462,-0.2160293497631377,0.0022993133057168
2021,DEU,Copper,metal,integrated,-0.0150143069990253,-0.0032389830303489,-0.0814204102655013,0.0019797264764522
2021,ARE,Copper,metal,integrated,-0.2173984453269468,-0.0317941970514118,-0.03279098351715,0.0015024558557772
2021,THA,Copper,metal,integrated,-0.03361759309706,-0.0180826918436302,-0.2972476014572303,0.0014790366865377
2021,KOR,Copper,metal,integrated,-0.1837098545354315,-0.0466391661152726,-0.0182305600077937,0.0013355269536699
2021,TUR,Copper,metal,integrated,-0.0266084990183171,-0.0129396800786373,-0.2485625648666993,0.0013323107754964
2021,MYS,Copper,metal,integrated,-0.1230766085661284,-0.0313149062668252,-0.1697498605085697,0.0009988490572895
2021,VNM,Copper,metal,integrated,-0.0206261299424142,0.0052653272542471,-0.0503418772267003,0.0009964276634116
2021,BRA,Copper,metal,integrated,-0.2423870997249886,-0.0645294588652452,-0.0047124557403247,0.0009801521348505
2021,TZA,Copper,metal,integrated,-0.6757847942357436,-0.1436844076757398,-0.707917861670152,0.0007761295944185
2021,CHE,Copper,metal,integrated,-0.4308860911447114,-0.0786033135681034,-0.4678110692069485,0.0007737621462322
2021,SGP,Copper,metal,integrated,-0.519046454240383,-0.0839236841651673,-0.0301366956837954,0.0007146991556242
2021,FRA,Copper,metal,integrated,-0.1576332128120084,-0.0675213559220925,-0.3935313265709727,0.0006544241424858
2021,IND,Copper,metal,integrated,-0.6531531571801718,-0.0185379115036043,-0.688804097630919,0.0005372913974926
2021,NLD,Copper,metal,integrated,-0.3371650686244012,-0.087367252538316,-0.2248055409370647,0.0005205928825172
2021,ESP,Copper,metal,integrated,-0.2075324782390226,-0.0761199007470344,-0.4002981954779412,0.0004042506684798
2021,MEX,Copper,metal,integrated,-0.3010723150515411,-0.0011193680315917,-2.042394990495063e-06,0.0003862013264138
2021,IDN,Copper,metal,integrated,-0.122597728578221,0.0066085793465427,-0.0329900291497912,0.000359942621361
2021,SAU,Copper,metal,integrated,-0.5169055673616787,-0.0991573448672647,-0.4126654342195994,0.0003157317625199
2021,CAN,Copper,metal,integrated,-0.1830674662016919,-0.0202809029605869,-0.1557037442139591,0.0002420639240975
2021,BEL,Copper,metal,integrated,-0.605188772002784,-0.1089238380319623,-0.0056469625187821,0.0001818664986379
2021,BGR,Copper,metal,integrated,-0.1529193033024479,-0.0276441285057225,-0.3295309192341304,0.000117269095566
2021,GBR,Copper,metal,integrated,-0.5223936092444468,-0.0554025336871586,-0.0331737035261783,9.410644448004756e-05
2021,KWT,Copper,metal,integrated,-0.3237423376382654,-0.0648721832888744,-0.2194693186633609,8.676456382601403e-05
2021,SWE,Copper,metal,integrated,-0.488314470377682,-0.0152603633566203,-0.0163158302625069,6.740015903261588e-05
2021,ZAF,Copper,metal,integrated,-0.2973742733993621,-0.0570914407161834,-0.1419885851178353,6.67353318854809e-05
2021,AUT,Copper,metal,integrated,-0.5875164623158575,-0.1053959894668563,-5.671670586478089e-06,6.070683533842449e-05
2021,FIN,Copper,metal,integrated,-0.1009810717128426,-0.0092154562222505,-0.0060518373951956,5.637202656491464e-05
2021,HRV,Copper,metal,integrated,-0.3011571744014203,-0.0576528602395497,-0.2570324328275274,5.391718905903219e-05
2021,OMN,Copper,metal,integrated,0.048139598439687,-8.727998601744391e-05,-0.0465247834821854,4.623163658263863e-05
2021,JPN,Copper,metal,integrated,-0.0646310108007807,-0.01036772754723,-0.1592411617377483,4.4399065549546144e-05
2021,POL,Copper,metal,integrated,-0.4973316543517845,-0.0822964076137805,-5.679390104344854e-05,3.987823665633884e-05
2021,BGD,Copper,metal,integrated,-0.0949430107679854,-0.0239013029954698,-0.5302349717971412,3.2202926268659126e-05
2021,SVK,Copper,metal,integrated,-0.1612997570372733,-0.0190934301352052,-0.1192438836600674,2.4100532631223475e-05
2021,CZE,Copper,metal,integrated,-0.216395613099945,-0.0353529259200092,-2.1216693268919395e-05,2.035905715651408e-05
2021,LUX,Copper,metal,integrated,-0.4715500534628804,-0.0973265809043121,-0.6716502888947959,1.993338870565316e-05
2021,PHL,Copper,metal,integrated,-0.6995456703905328,0.0448973214847759,-0.0042060682915201,1.054242047043532e-05
2021,RUS,Copper,metal,integrated,-0.1608513092964912,-0.033144025425983,-0.2726573839654888,9.694333492344677e-06
2021,ARG,Copper,metal,integrated,-0.338770592948358,-0.0818977003483502,-0.001574021647602,7.3896059703626205e-06
2021,ECU,Copper,metal,integrated,-0.4889448866496089,-0.0999246839641542,1.2326640196266314e-13,5.917201418808344e-06
2021,HUN,Copper,metal,integrated,-0.1316330832209809,-0.0097406331007936,1.564616688974871e-13,5.523280983607031e-06
2021,CHN,Copper,ore,direct_partner,-0.1070085648837227,-0.1029450416321602,0.0306151094397918,0.0234839555459293
2021,JPN,Copper,ore,direct_partner,-0.0855067863403583,-0.0752306953750497,0.0501580214691464,0.0054820614701997
2021,KOR,Copper,ore,direct_partner,-0.071668084480909,-0.063616526634165,0.1020029566665341,0.0027076709940878
2021,DEU,Copper,ore,direct_partner,-0.0794936990133289,-0.0712914080526446,-0.0371034921445007,0.0013434427458859
2021,ESP,Copper,ore,direct_partner,-0.054571088241121,-0.0481014568524231,-0.1245805584003966,0.0012643169509287
2021,IND,Copper,ore,direct_partner,-0.0879641132877043,-0.0798818711032244,-0.0140275092881804,0.0011750825220537
2021,BGR,Copper,ore,direct_partner,-0.0519433934896295,-0.0466708278184197,0.0658038270971991,0.0009524378950686
2021,FIN,Copper,ore,direct_partner,-0.0639287566222558,-0.0554107014990057,-0.0692596571678563,0.0005770071768699
2021,PHL,Copper,ore,direct_partner,-0.0626288013605988,-0.0453167900957734,0.0009455685745478,0.0004191901953792
2021,SWE,Copper,ore,direct_partner,-0.079907581391418,-0.0667185439804986,0.0022249432265429,0.0003922933364312
2021,GEO,Copper,ore,direct_partner,-0.1329577978990958,-0.116359061261835,0.144997158110242,0.0003293228948527
2021,MYS,Copper,ore,direct_partner,-0.0939027973977242,-0.07838462725699,1.5995597367979286e-05,0.0003151354645824
2021,CAN,Copper,ore,direct_partner,-0.170508348996718,-0.1449360584543412,-0.071017554303149,0.0003005327206331
2021,POL,Copper,ore,direct_partner,-0.105457123363541,-0.0851230714606052,-0.0282026805997954,0.0002376099212001
2021,MEX,Copper,ore,direct_partner,-0.1915863489898899,-0.1643741836782972,-0.0077206079098378,0.0002241342188391
2021,BRA,Copper,ore,direct_partner,-0.1755322985101158,-0.1606265996104493,-0.2497493567634084,0.0001962094458922
2021,NAM,Copper,ore,direct_partner,-0.0983928150178776,-0.0772820902583758,-0.1829062479771569,0.0001547038001401
2021,CHE,Copper,ore,direct_partner,-0.2773703412956251,-0.2303246061312593,0.9306569810506437,0.0001361674627415
2021,UZB,Copper,ore,direct_partner,-0.1996111498784429,-0.1809523669494749,-0.090849648561269,0.0001068670008776
2021,AUS,Copper,ore,direct_partner,-0.1023807444976373,-0.0944881001025545,0.0560751937571537,8.966695489727046e-05
2021,ZMB,Copper,ore,direct_partner,-0.7680386859235302,-0.6972163795785442,-0.7999334976510568,8.845818765637411e-05
2021,SRB,Copper,ore,direct_partner,-0.5213707068537664,-0.4783124986682706,0.3173743005339028,6.714627730586845e-05
2021,SGP,Copper,ore,direct_partner,-0.152918937955605,-0.1265327033571109,3.8275621847772e-05,6.475612615831488e-05
2021,KAZ,Copper,ore,direct_partner,-0.3821727473283547,-0.3513714667577171,-0.0967011145884705,5.464854037216309e-05
2021,USA,Copper,ore,direct_partner,-0.4110147104300121,-0.3519629361036644,0.0104419377982729,4.679129417992726e-05
2021,RUS,Copper,ore,direct_partner,-0.7771691383609669,-0.7028747303964918,-0.1372808752654901,4.419238239036095e-05
2021,PER,Copper,ore,direct_partner,-0.1728191197275173,-0.1485631209533198,0.0944801646962288,4.127941341687293e-05
2021,TUR,Copper,ore,direct_partner,-0.4450427227892153,-0.408631417664296,0.0135082405272931,3.8268225473192255e-05
2021,CHL,Copper,ore,direct_partner,-0.2269184834015314,-0.2003222441989774,0.0867545419803196,2.151089528662612e-05
2021,MOZ,Copper,ore,direct_partner,-0.6655625081044914,-0.5972892607532432,0.740532768567206,1.9296519934280383e-05
2021,MNE,Copper,ore,direct_partner,-0.3338018668683888,-0.301333112265119,0.0,1.0688057114213756e-05
2021,CHN,Copper,ore,integrated,-0.0831176461030969,-0.0803575733399056,-0.0679763718114076,0.0234839555459293
2021,JPN,Copper,ore,integrated,-0.0551964339349385,-0.0482378471490428,-0.0432289016588953,0.0054820614701997
2021,KOR,Copper,ore,integrated,-0.0304984950831625,-0.0263144657872496,-0.0564897742119415,0.0027076709940878
2021,DEU,Copper,ore,integrated,-0.0727646190575438,-0.0682432358478173,-0.1758437856376681,0.0013434427458859
2021,ESP,Copper,ore,integrated,-0.0459381940513797,-0.0440112979397941,-0.359996526593954,0.0012643169509287
2021,IND,Copper,ore,integrated,-0.1189311826820124,-0.1036965229251928,-0.0494534812808269,0.0011750825220537
2021,BGR,Copper,ore,integrated,-0.0304635016519699,-0.0301968328395365,-0.2994071967393354,0.0009524378950686
2021,FIN,Copper,ore,integrated,-0.0361752344484506,-0.0325843311001876,-0.2076878172644981,0.0005770071768699
2021,PHL,Copper,ore,integrated,-0.041756643888916,-0.0284896702344114,-0.0728653813590844,0.0004191901953792
2021,SWE,Copper,ore,integrated,-0.0780300125830302,-0.0660263457591129,-0.1192133951924936,0.0003922933364312
2021,GEO,Copper,ore,integrated,-0.1127381005350222,-0.1062183792538919,-0.2781169191241344,0.0003293228948527
2021,MYS,Copper,ore,integrated,-0.0962755395257757,-0.0857580599587662,-0.0267102595981746,0.0003151354645824
2021,CAN,Copper,ore,integrated,-0.1216129442490024,-0.0994466714013252,-0.0716973277938806,0.0003005327206331
2021,POL,Copper,ore,integrated,-0.1777582967299077,-0.1565980077786555,-0.3184438155233306,0.0002376099212001
2021,MEX,Copper,ore,integrated,-0.1801353303937672,-0.1533921821502905,-0.00772060790948,0.0002241342188391
2021,BRA,Copper,ore,integrated,-0.2871184869673541,-0.2635411948715339,-0.2247588748428963,0.0001962094458922
2021,NAM,Copper,ore,integrated,-0.1620637840260535,-0.1411383503407952,-0.2767576589724002,0.0001547038001401
2021,CHE,Copper,ore,integrated,-0.4792813903697882,-0.4324811610081018,-0.0046073863900352,0.0001361674627415
2021,UZB,Copper,ore,integrated,-0.1477953838313344,-0.1343539275340518,-0.214709066313997,0.0001068670008776
2021,AUS,Copper,ore,integrated,-0.0972825136168933,-0.0905112357516799,-9.938779853722635e-06,8.966695489727046e-05
2021,ZMB,Copper,ore,integrated,-0.7170734490009665,-0.6516971863700773,-0.7655465562945407,8.845818765637411e-05
2021,SRB,Copper,ore,integrated,-0.325439940277228,-0.2937682002419961,-0.0002622745312276,6.714627730586845e-05
2021,SGP,Copper,ore,integrated,-0.2100254628093426,-0.1753971384357186,-0.0683972818877838,6.475612615831488e-05
2021,KAZ,Copper,ore,integrated,-0.2347238968974055,-0.2128126085036747,-0.2941678402170331,5.464854037216309e-05
2021,USA,Copper,ore,integrated,-0.3948747889869207,-0.3403861028455832,-0.0012528503069399,4.679129417992726e-05
2021,RUS,Copper,ore,integrated,-0.6753305091129229,-0.6110093960436754,-0.0001401501340686,4.419238239036095e-05
2021,PER,Copper,ore,integrated,-0.0893960914142603,-0.0724399809159912,-1.1720657307077533e-05,4.127941341687293e-05
2021,TUR,Copper,ore,integrated,-0.6869024345114481,-0.6422760636133413,-0.8968940069500857,3.8268225473192255e-05
2021,CHL,Copper,ore,integrated,-0.2249915072310636,-0.199095084238597,-0.0008899700908635,2.151089528662612e-05
2021,MOZ,Copper,ore,integrated,-0.0868370949432294,-0.078379083866751,-2.131901165162852e-06,1.9296519934280383e-05
2021,MNE,Copper,ore,integrated,-0.3184198785666849,-0.2874647580837439,0.0,1.0688057114213756e-05
2022,CHN,Copper,metal,direct_partner,-0.093219406185843,-0.0440315079732265,0.1952876321670812,0.0141353710640699
2022,USA,Copper,metal,direct_partner,-0.3198717648402662,-0.0908559860749228,0.508409266934523,0.0028421699717325
2022,DEU,Copper,metal,direct_partner,-0.104429299539308,-0.0039017304318777,0.6587109994189017,0.0023874075885481
2022,ITA,Copper,metal,direct_partner,-0.0350560729276311,-0.0050220137147013,0.0321536566542182,0.0023226792583521
2022,TUR,Copper,metal,direct_partner,-0.1705335547086043,-0.0140725751727348,0.3300277110266983,0.0015405631911931
2022,ARE,Copper,metal,direct_partner,-0.284191649117162,-0.0377690508304313,0.0206386075443292,0.0015364291304266
2022,THA,Copper,metal,direct_partner,-0.0794229421277042,-0.0213722821320439,0.0581340320824881,0.0014680622625576
2022,KOR,Copper,metal,direct_partner,-0.3108429058097291,-0.0921201880252692,0.1716640803025411,0.001308952948429
2022,MYS,Copper,metal,direct_partner,-0.1614565193394189,-0.0285297243044336,-0.014999281270895,0.0011107105249865
2022,VNM,Copper,metal,direct_partner,-0.0476743331122383,-0.0112704762680447,0.0409231634533255,0.0010945298522603
2022,BRA,Copper,metal,direct_partner,-0.4954821366177074,-0.1377827646096143,0.258839762813725,0.0008854938691902
2022,CHE,Copper,metal,direct_partner,-0.3682666357953432,-0.0354423598691189,-0.0444996462687699,0.00070651805678
2022,SGP,Copper,metal,direct_partner,-0.4215669685205499,-0.0686988254928854,2.9865665496231486e-11,0.000690806251618
2022,FRA,Copper,metal,direct_partner,-0.2101540215907372,-0.0577125555811136,-0.3015539831427469,0.0006277371230595
2022,ESP,Copper,metal,direct_partner,-0.2721428369716203,-0.0588043094928895,-0.2320353417332051,0.0005742191854699
2022,IND,Copper,metal,direct_partner,-0.4766862185457731,0.0174826723129552,-0.4521393034939593,0.0005392557627862
2022,NLD,Copper,metal,direct_partner,-0.3126816137807398,-0.0511768057326273,0.3742135373738774,0.000486592249224
2022,TZA,Copper,metal,direct_partner,-0.6185404818689989,-0.1308442820196101,-0.4868719999667001,0.000472999510153
2022,SAU,Copper,metal,direct_partner,-0.478348057993741,-0.0819482600316666,-0.2688872769132311,0.0004611350410178
2022,MOZ,Copper,metal,direct_partner,-0.5201798566139639,-0.1087991756956075,-0.1215863378848814,0.0003142876048773
2022,IDN,Copper,metal,direct_partner,-0.1844855820936221,-0.0185926763809827,0.1283852872109332,0.0003014392890804
2022,BEL,Copper,metal,direct_partner,-0.4562358435303039,-0.0282038929411405,0.8034545490858409,0.0001510827289214
2022,CAN,Copper,metal,direct_partner,-0.2494213378984284,-0.0537800153917675,0.0951556390923586,0.0001203313625342
2022,AUT,Copper,metal,direct_partner,-0.228306887441763,-0.0289965723648929,0.1759234536478515,0.0001097779693695
2022,BGR,Copper,metal,direct_partner,-0.1238777315801129,-0.0034476574093181,-0.1213684215663613,0.0001097602038059
2022,MEX,Copper,metal,direct_partner,-0.3234657414449594,-0.0682990798881149,0.2519086439539952,9.2357597219296e-05
2022,ZAF,Copper,metal,direct_partner,-0.3009614638400392,-0.0449457447284918,0.0431121825581999,9.170743901020164e-05
2022,GBR,Copper,metal,direct_partner,-0.5916680975853016,0.0057307831643321,0.6247261513369777,6.541592907913479e-05
2022,FIN,Copper,metal,direct_partner,-0.2139748889774291,0.017920705938487,0.3616969587219333,6.368107967072702e-05
2022,HRV,Copper,metal,direct_partner,-0.5966999826946036,-0.0923762380206336,0.4315090627449135,5.282145682266574e-05
2022,OMN,Copper,metal,direct_partner,-0.2124659934775163,0.0032439341770471,0.3000574524697212,4.755392812967881e-05
2022,SWE,Copper,metal,direct_partner,-0.6599564113363143,-0.0671224569903007,0.4366770262099799,4.666922658541197e-05
2022,JPN,Copper,metal,direct_partner,-0.0670062887136329,-0.0250605430105162,-0.0154127347870451,4.343816991671955e-05
2022,SRB,Copper,metal,direct_partner,-0.7882487381035923,-0.1295454254415788,0.4324901938420414,4.266613925832074e-05
2022,POL,Copper,metal,direct_partner,-0.5058559677914729,-0.0423999043281818,0.4660685061074892,3.731399829680888e-05
2022,SVK,Copper,metal,direct_partner,-0.2506812855599022,-0.0172982782057047,0.0358863536885683,2.76153847582293e-05
2022,CZE,Copper,metal,direct_partner,-0.1646261701892347,-0.0204755144422424,0.0,2.371091229353879e-05
2022,AGO,Copper,metal,direct_partner,-0.4356932530231906,-0.0962486996615034,0.0,1.7050088468387117e-05
2022,PHL,Copper,metal,direct_partner,-0.5630813053140373,0.0319575343178647,0.0032218059942829,1.2762959554953318e-05
2022,HUN,Copper,metal,direct_partner,-0.2050008593816384,-0.0253526546942678,0.1582864872205816,7.553836589325355e-06
2022,RUS,Copper,metal,direct_partner,-0.474589043853703,-0.077856357888246,-0.2776963586995453,6.335216261535255e-06
2022,ZWE,Copper,metal,direct_partner,-0.4837437405078832,-0.094231492756916,0.0,4.697660792349229e-06
2022,CHN,Copper,metal,integrated,-0.0644317140091043,-0.0263858098677998,-0.0807407578706364,0.0141353710640699
2022,USA,Copper,metal,integrated,-0.2035150193610366,-0.0387294337328916,-0.0168040438004237,0.0028421699717325
2022,DEU,Copper,metal,integrated,-0.029880487163539,-0.0052524591980563,-0.0735836843600909,0.0023874075885481
2022,ITA,Copper,metal,integrated,-0.0151067976150525,-0.0130860680654944,-0.1883503134575865,0.0023226792583521
2022,TUR,Copper,metal,integrated,-0.0701878993273802,-0.0197709917042457,-0.2876730273500703,0.0015405631911931
2022,ARE,Copper,metal,integrated,-0.2588304490774389,-0.0426337596785318,-0.0861846376859747,0.0015364291304266
2022,THA,Copper,metal,integrated,-0.0515299609092117,-0.0265032277155093,-0.3071095362986747,0.0014680622625576
2022,KOR,Copper,metal,integrated,-0.218527637448821,-0.0534464897896104,-0.0163076006392342,0.001308952948429
2022,MYS,Copper,metal,integrated,-0.1070393819375513,-0.0342618414011144,-0.1487662069722659,0.0011107105249865
2022,VNM,Copper,metal,integrated,-0.0173527289727953,-0.004470016983542,-0.1447018877749576,0.0010945298522603
2022,BRA,Copper,metal,integrated,-0.2598197399302912,-0.0583301040724083,-0.0028302761767338,0.0008854938691902
2022,CHE,Copper,metal,integrated,-0.39022279015669,-0.0714525995247199,-0.3838958069240105,0.00070651805678
2022,SGP,Copper,metal,integrated,-0.3570904593554357,-0.0681796109457213,2.877498239683973e-11,0.000690806251618
2022,FRA,Copper,metal,integrated,-0.1730764631018081,-0.0647776433802433,-0.3935305647466241,0.0006277371230595
2022,ESP,Copper,metal,integrated,-0.2747234517614949,-0.068036499937634,-0.4127656417513927,0.0005742191854699
2022,IND,Copper,metal,integrated,-0.4730296789788524,-0.0056224421158968,-0.6047351813214565,0.0005392557627862
2022,NLD,Copper,metal,integrated,-0.2590492996598672,-0.0755109453467532,-0.2817303379236109,0.000486592249224
2022,TZA,Copper,metal,integrated,-0.6639371826306655,-0.1504390381459879,-0.7624785892536595,0.000472999510153
2022,SAU,Copper,metal,integrated,-0.4523982831089525,-0.0962239815100619,-0.3988472577353121,0.0004611350410178
2022,MOZ,Copper,metal,integrated,-0.2670405345184586,-0.05346517251761,-0.147445000153543,0.0003142876048773
2022,IDN,Copper,metal,integrated,-0.1337626640372017,0.0047238818480873,-0.0001189782672262,0.0003014392890804
2022,BEL,Copper,metal,integrated,-0.4402048285951853,-0.0740314977969922,-0.0114124619680009,0.0001510827289214
2022,CAN,Copper,metal,integrated,-0.1957198545903992,-0.0315688450714671,-0.0742187959530157,0.0001203313625342
2022,AUT,Copper,metal,integrated,-0.1588215939498487,-0.0225352904069576,-0.0002553979232386,0.0001097779693695
2022,BGR,Copper,metal,integrated,-0.0793447788528378,-0.0149129010162405,-0.4341065800150807,0.0001097602038059
2022,MEX,Copper,metal,integrated,-0.1710815700891074,-0.0176034542160645,-5.072881388485925e-05,9.2357597219296e-05
2022,ZAF,Copper,metal,integrated,-0.3029626926730908,-0.0631847366767383,-0.2052928745165482,9.170743901020164e-05
2022,GBR,Copper,metal,integrated,-0.5964668441186917,-0.0134185130972678,-0.0826813740005416,6.541592907913479e-05
2022,FIN,Copper,metal,integrated,-0.1293096698601031,0.0012880683944233,-0.0335952306590868,6.368107967072702e-05
2022,HRV,Copper,metal,integrated,-0.5868391132986107,-0.0979761226509116,1.2768320550871496e-12,5.282145682266574e-05
2022,OMN,Copper,metal,integrated,-1.3461454173580028e-13,3.9093728254613325e-14,2.539098429544182e-13,4.755392812967881e-05
2022,SWE,Copper,metal,integrated,-0.6588354424986018,-0.110859862763028,-0.0240735434549777,4.666922658541197e-05
2022,JPN,Copper,metal,integrated,-0.0391608586571947,-0.0150706982831745,-0.2282805125007822,4.343816991671955e-05
2022,SRB,Copper,metal,integrated,-0.3796394163727014,-0.0715328834794644,-0.0004704647326237,4.266613925832074e-05
2022,POL,Copper,metal,integrated,-0.479347796258448,-0.0825240895722793,-0.0008424454543203,3.731399829680888e-05
2022,SVK,Copper,metal,integrated,-0.1896124233851893,-0.0133045170062212,-0.0720776029337273,2.76153847582293e-05
2022,CZE,Copper,metal,integrated,-0.1305735738385429,-0.0217936635377216,0.0,2.371091229353879e-05
2022,AGO,Copper,metal,integrated,-0.3835258500208961,-0.0810432133551847,0.0,1.7050088468387117e-05
2022,PHL,Copper,metal,integrated,-0.559016533949545,0.0411027172554771,-0.1285696791697058,1.2762959554953318e-05
2022,HUN,Copper,metal,integrated,-0.1537841090233024,-0.0254433967630786,1.0362946194015628e-13,7.553836589325355e-06
2022,RUS,Copper,metal,integrated,-0.4388878863369793,-0.0774740316334445,-0.601653937095547,6.335216261535255e-06
2022,ZWE,Copper,metal,integrated,-0.3653151904748762,-0.0698504252327854,0.0,4.697660792349229e-06
2022,CHN,Copper,ore,direct_partner,-0.0926073308656663,-0.092111898719259,0.0546781814832265,0.0228667618741084
2022,JPN,Copper,ore,direct_partner,-0.081069696330379,-0.0687684097219159,0.0700914820066725,0.0057992554010856
2022,KOR,Copper,ore,direct_partner,-0.0694587781400962,-0.0631521585571057,0.1075774649159239,0.0029813492386926
2022,IND,Copper,ore,direct_partner,-0.0971366182865173,-0.0893600903183953,0.0020442567377547,0.0013709952150147
2022,DEU,Copper,ore,direct_partner,-0.0830207961551911,-0.0750315841377697,-0.0379533425621989,0.0011131306457234
2022,BGR,Copper,ore,direct_partner,-0.044738679978373,-0.0360111367757545,0.1854428066188532,0.0010475954101623
2022,ESP,Copper,ore,direct_partner,-0.0632650026352322,-0.0543446272251503,-0.0418253757126918,0.0009940091828198
2022,FIN,Copper,ore,direct_partner,-0.0706713219976972,-0.0582267023052852,-0.1336619843366653,0.000478570588968
2022,CAN,Copper,ore,direct_partner,-0.1648208832827542,-0.1424271240869507,0.044366741169172,0.0004424553122926
2022,MYS,Copper,ore,direct_partner,-0.1622377732560436,-0.1373308178816357,0.0094586808699272,0.0004239470867193
2022,SWE,Copper,ore,direct_partner,-0.1302584533100621,-0.1114402565938698,-0.0602045157224363,0.0003656994700934
2022,GEO,Copper,ore,direct_partner,-0.1577562587046272,-0.1373409563146362,0.1544379701166962,0.000347762773677
2022,MEX,Copper,ore,direct_partner,-0.3162002798976659,-0.2747212749117876,-4.587993045189934e-06,0.0003393838957437
2022,POL,Copper,ore,direct_partner,-0.238969268773842,-0.2044478558404776,-0.1901866507798048,0.0002408522133392
2022,SGP,Copper,ore,direct_partner,-0.2295949125347008,-0.1963141099606756,6.128788781434302e-05,0.000174253598251
2022,ZMB,Copper,ore,direct_partner,-0.7503684340267865,-0.6790787960835196,-0.7537792353094035,0.0001680183743476
2022,NAM,Copper,ore,direct_partner,-0.140959734661762,-0.1246529747634692,-0.0662318148656334,0.0001550033492454
2022,KAZ,Copper,ore,direct_partner,-0.4062427731355398,-0.3691780998634858,-0.1552307087942067,0.0001437975435021
2022,UZB,Copper,ore,direct_partner,-0.5627749397506931,-0.5080131065149811,0.2894706661772906,0.0001176479793832
2022,CHE,Copper,ore,direct_partner,-0.270225461783079,-0.2330413814986906,0.4068317494174146,0.0001095779478363
2022,BRA,Copper,ore,direct_partner,-0.2401224749200968,-0.2207525100846591,-0.1214422258076091,7.380750260176725e-05
2022,USA,Copper,ore,direct_partner,-0.3446775451581089,-0.297830608184817,0.0149113355087901,6.516849394680469e-05
2022,TUR,Copper,ore,direct_partner,-0.0955764995908641,-0.0852476437675544,0.1284605875869899,4.521524666196696e-05
2022,RUS,Copper,ore,direct_partner,-0.5475752385818954,-0.4951070206690583,-0.1323833029479947,3.4349492880524025e-05
2022,NLD,Copper,ore,direct_partner,-0.1582119644007403,0.0399059548758294,-0.0331055178665992,1.3593176385498824e-05
2022,ARE,Copper,ore,direct_partner,-0.5021823365777757,-0.4328990281378882,0.9537039200685816,1.2971425657551112e-05
2022,MNE,Copper,ore,direct_partner,-0.4998613732010996,-0.451406425555464,0.0,8.449457974732834e-06
2022,CHL,Copper,ore,direct_partner,-0.2510464813717192,-0.2256064515981698,0.1896201755906839,7.792002809994451e-06
2022,CHN,Copper,ore,integrated,-0.0679538098704297,-0.0687064830867031,-0.0823838808851742,0.0228667618741084
2022,JPN,Copper,ore,integrated,-0.0467510756554077,-0.0382157218703831,-0.0488648913670967,0.0057992554010856
2022,KOR,Copper,ore,integrated,-0.0314377063874559,-0.0274595450943473,-0.0505141714900802,0.0029813492386926
2022,IND,Copper,ore,integrated,-0.1172368194610001,-0.1088727630036967,-0.0766903950704417,0.0013709952150147
2022,DEU,Copper,ore,integrated,-0.0841093784876399,-0.0782242796349962,-0.2087069190962054,0.0011131306457234
2022,BGR,Copper,ore,integrated,-0.0198682169045711,-0.0187520220839182,-0.2089969858339064,0.0010475954101623
2022,ESP,Copper,ore,integrated,-0.0457787407277216,-0.0416520708505695,-0.346497967527396,0.0009940091828198
2022,FIN,Copper,ore,integrated,-0.0523037736224613,-0.0444282061496818,-0.2470878706712908,0.000478570588968
2022,CAN,Copper,ore,integrated,-0.0865223010396391,-0.0699514448619977,-0.1323172654107455,0.0004424553122926
2022,MYS,Copper,ore,integrated,-0.1795415291903616,-0.1608188571848336,0.0094586808782017,0.0004239470867193
2022,SWE,Copper,ore,integrated,-0.1310094553614245,-0.1134245454778576,-0.2232013045035385,0.0003656994700934
2022,GEO,Copper,ore,integrated,-0.1532651252161397,-0.1439137991685948,-0.2343630812872578,0.000347762773677
2022,MEX,Copper,ore,integrated,-0.2695556666848037,-0.2319093605327399,-4.587986029923422e-06,0.0003393838957437
2022,POL,Copper,ore,integrated,-0.3627082464391229,-0.3219489943853836,-0.5179522070530869,0.0002408522133392
2022,SGP,Copper,ore,integrated,-0.2805313522219827,-0.243336075796662,-0.1437875527401266,0.000174253598251
2022,ZMB,Copper,ore,integrated,-0.7250297706301951,-0.787427871442694,-0.8352250509010701,0.0001680183743476
2022,NAM,Copper,ore,integrated,-0.1680710876032208,-0.1516155337782398,-0.1952603713146989,0.0001550033492454
2022,KAZ,Copper,ore,integrated,-0.2505352734774003,-0.2262654458326366,-0.3659567347157054,0.0001437975435021
2022,UZB,Copper,ore,integrated,-0.3844567537704808,-0.3476130092106595,-0.0039698028539444,0.0001176479793832
2022,CHE,Copper,ore,integrated,-0.2609234297129889,-0.2339436358398981,-0.2424498432655943,0.0001095779478363
2022,BRA,Copper,ore,integrated,-0.2200008039976868,-0.2031469551912522,-0.1675177382010107,7.380750260176725e-05
2022,USA,Copper,ore,integrated,-0.2722993496954538,-0.2330889292974854,-0.0013890569305052,6.516849394680469e-05
2022,TUR,Copper,ore,integrated,-0.0899503003984242,-0.0883418349908694,-0.4084644952010666,4.521524666196696e-05
2022,RUS,Copper,ore,integrated,-0.5157921474039253,-0.466899428061085,-0.0486508308927564,3.4349492880524025e-05
2022,NLD,Copper,ore,integrated,-0.2294445239214106,-0.030714387030825,-0.4026571216859191,1.3593176385498824e-05
2022,ARE,Copper,ore,integrated,-0.2651054510442441,-0.2642178415085383,-0.0202657973895525,1.2971425657551112e-05
2022,MNE,Copper,ore,integrated,-0.4999999874362435,-0.4515363375065291,0.0,8.449457974732834e-06
2022,CHL,Copper,ore,integrated,-0.1392269692850057,-0.1262280396506827,-0.0001767832630956,7.792002809994451e-06
2023,CHN,Copper,metal,direct_partner,-0.1013733189214766,-0.0460308994449615,0.1883055064973707,0.0129225715400418
2023,USA,Copper,metal,direct_partner,-0.3982017804439952,-0.1155157815462649,0.4983040483623793,0.0030320758811955
2023,ITA,Copper,metal,direct_partner,-0.0535611536433391,-0.0067833960425078,0.0485704020674092,0.0022504524070639
2023,DEU,Copper,metal,direct_partner,-0.1014696382310392,-0.0033970060634683,0.5890484343407307,0.0017023658325458
2023,ARE,Copper,metal,direct_partner,-0.3704678814056834,-0.0618743171881946,-0.021581354728957,0.0015338969998825
2023,TUR,Copper,metal,direct_partner,-0.2309328994745711,-0.031135456133603,0.1610139637488248,0.0015334343917884
2023,THA,Copper,metal,direct_partner,-0.0931617061401973,-0.0235674687512686,0.1484319088175146,0.0013383144949301
2023,IND,Copper,metal,direct_partner,-0.383628568730308,-0.006207210736593,-0.4437870384033959,0.0012615757796669
2023,VNM,Copper,metal,direct_partner,-0.0723851585541106,-0.017455479145299,0.0333878381742829,0.0009606510142276
2023,KOR,Copper,metal,direct_partner,-0.2686536880083435,-0.0850789258261788,0.174922978349963,0.0009585704711159
2023,MYS,Copper,metal,direct_partner,-0.1614470599223838,-0.0317696963578851,-0.0158051140110048,0.0009180181084855
2023,BRA,Copper,metal,direct_partner,-0.5484451799054672,-0.1581021271124953,0.2666064249188706,0.000901741959053
2023,CHE,Copper,metal,direct_partner,-0.3950555917316157,-0.0579406603114477,-0.1087476355498493,0.0007000739804848
2023,FRA,Copper,metal,direct_partner,-0.2339694872991054,-0.0604589115045902,-0.3185651159869853,0.0006282291952472
2023,TZA,Copper,metal,direct_partner,-0.6587039722731854,-0.1451622597459992,-0.5497026196920904,0.000511196068715
2023,MEX,Copper,metal,direct_partner,-0.2800369210964141,-0.0483990941902549,0.2506781447452993,0.0005009313328767
2023,ESP,Copper,metal,direct_partner,-0.3099292894276669,-0.076423602863238,-0.2455174863362202,0.0004429929958956
2023,MOZ,Copper,metal,direct_partner,-0.56145206046803,-0.1226226377242385,-0.1570857513449122,0.0004268349289008
2023,SGP,Copper,metal,direct_partner,-0.2029278610880336,-0.0206369608882421,0.0008841343740372,0.0003559048909324
2023,IDN,Copper,metal,direct_partner,-0.1773555482847335,-0.0180087802435277,0.1392068616322596,0.0003390284791133
2023,NLD,Copper,metal,direct_partner,-0.1556268164768067,-0.059210359722027,-0.1166992379359861,0.0003145071361511
2023,SWE,Copper,metal,direct_partner,-0.1660745292204425,-0.0248430699240332,0.2664439317793338,0.0002607687638724
2023,BGR,Copper,metal,direct_partner,-0.1900205186979823,-0.0097986659609602,0.0013931632598448,0.0001199654947713
2023,BEL,Copper,metal,direct_partner,-0.4723146114241653,-0.0461350335079103,0.6387900075366018,0.0001132023792897
2023,FIN,Copper,metal,direct_partner,-0.4676260056137646,0.0130729756314864,0.3391085455908939,0.0001011632648529
2023,ZAF,Copper,metal,direct_partner,-0.3338447400751271,-0.0565038086862388,-0.0037976018985454,9.38393968575562e-05
2023,CAN,Copper,metal,direct_partner,-0.4182187155629001,-0.0795456095835313,-0.3342438166741094,8.328170689689283e-05
2023,GBR,Copper,metal,direct_partner,-0.4027619541156503,-0.011779264295752,0.3611206721564337,8.039239700979799e-05
2023,BGD,Copper,metal,direct_partner,-0.3899294543119371,-0.0680129177481775,-0.3224313261611458,6.905988437497264e-05
2023,JPN,Copper,metal,direct_partner,-0.208234957821169,-0.0098375095972857,-0.3480530074244172,6.187814248008337e-05
2023,HRV,Copper,metal,direct_partner,-0.6976081706711201,-0.1172975855583123,0.3664780247731027,4.7880150247038656e-05
2023,POL,Copper,metal,direct_partner,-0.3203125333927211,-0.0213825395229597,0.3940457321536983,4.253035378533249e-05
2023,AUT,Copper,metal,direct_partner,-0.5526908117249624,-0.0926460778526436,0.1746162735919043,3.996224826085605e-05
2023,SRB,Copper,metal,direct_partner,-0.75916983184622,-0.1323350399586177,0.4175559098404998,3.001737750581443e-05
2023,SVK,Copper,metal,direct_partner,-0.3585479690470207,-0.0201680228488703,0.0939661435878245,2.3987495977887957e-05
2023,CZE,Copper,metal,direct_partner,-0.2749770336967645,-0.0440213024411003,0.0,1.7911504586699004e-05
2023,ECU,Copper,metal,direct_partner,-0.7182175344312081,-0.1609746965962618,0.3716327041148263,1.219497324267001e-05
2023,PHL,Copper,metal,direct_partner,-0.7679958451669725,0.0184054552889391,0.0376843086160502,9.6533056993753e-06
2023,DZA,Copper,metal,direct_partner,-0.7254254106951461,-0.1299572043255841,-0.2989952865663108,8.314877697011128e-06
2023,HUN,Copper,metal,direct_partner,-0.2449415469031086,-0.0264110062546555,0.1865779232309067,7.141705181518874e-06
2023,AGO,Copper,metal,direct_partner,-0.4588292300384861,-0.1074526804931395,0.0,6.639836603833142e-06
2023,ZWE,Copper,metal,direct_partner,-0.3637727820606253,-0.0719417810339722,0.0,5.713818386773581e-06
2023,CHN,Copper,metal,integrated,-0.0771239027408041,-0.0293328281817453,-0.0925811950735448,0.0129225715400418
2023,USA,Copper,metal,integrated,-0.2797253293462416,-0.058284586009633,-0.0201390520656876,0.0030320758811955
2023,ITA,Copper,metal,integrated,-0.0256131680334273,-0.0162555498664619,-0.2061920796414359,0.0022504524070639
2023,DEU,Copper,metal,integrated,-0.0317977535975536,-0.0065361533522523,-0.1278122810442217,0.0017023658325458
2023,ARE,Copper,metal,integrated,-0.3517125340728787,-0.067310301426659,-0.1383741501229034,0.0015338969998825
2023,TUR,Copper,metal,integrated,-0.1386371790475187,-0.0343178213109727,-0.428678078910841,0.0015334343917884
2023,THA,Copper,metal,integrated,-0.0538456305185001,-0.0211474743107572,-0.2861154278325072,0.0013383144949301
2023,IND,Copper,metal,integrated,-0.3646733353176675,-0.0165376747585599,-0.5764280562845464,0.0012615757796669
2023,VNM,Copper,metal,integrated,-0.0402987960837828,-0.0094069708058301,-0.156725092893351,0.0009606510142276
2023,KOR,Copper,metal,integrated,-0.2065432312475977,-0.0535306782585812,-0.0256064063772253,0.0009585704711159
2023,MYS,Copper,metal,integrated,-0.1175932360796362,-0.0372951554776954,-0.1349454966939461,0.0009180181084855
2023,BRA,Copper,metal,integrated,-0.3498661430825237,-0.0962679623253529,-1.0672053777134047e-05,0.000901741959053
2023,CHE,Copper,metal,integrated,-0.3773477901535939,-0.0822854379186688,-0.4019826816579775,0.0007000739804848
2023,FRA,Copper,metal,integrated,-0.1877626712098916,-0.0640733598108646,-0.4193849290550577,0.0006282291952472
2023,TZA,Copper,metal,integrated,-0.6429709523638174,-0.1569868029402688,-0.8247926495626323,0.000511196068715
2023,MEX,Copper,metal,integrated,-0.1761803510050331,-0.0098919576019974,-2.2931835951100527e-06,0.0005009313328767
2023,ESP,Copper,metal,integrated,-0.3058724518804778,-0.093553320177936,-0.44312044201016,0.0004429929958956
2023,MOZ,Copper,metal,integrated,-0.3708744875526336,-0.07760889916864,-0.1857056233609916,0.0004268349289008
2023,SGP,Copper,metal,integrated,-0.1533146674422103,-0.0225732391511757,-0.0579841640146506,0.0003559048909324
2023,IDN,Copper,metal,integrated,-0.1322503017076973,0.002237485341826,-0.0002154920388369,0.0003390284791133
2023,NLD,Copper,metal,integrated,-0.0997615034762364,-0.0680531896301913,-0.617708552737225,0.0003145071361511
2023,SWE,Copper,metal,integrated,-0.074546484923331,-0.0281906417563638,-0.1418546901410367,0.0002607687638724
2023,BGR,Copper,metal,integrated,-0.132164747267965,-0.0184330288753938,-0.3578899060308667,0.0001199654947713
2023,BEL,Copper,metal,integrated,-0.3894571939652957,-0.0731801516447762,-0.0891941627048172,0.0001132023792897
2023,FIN,Copper,metal,integrated,-0.3798640485817091,-0.008990652222279,-0.0873320702323376,0.0001011632648529
2023,ZAF,Copper,metal,integrated,-0.315184697650279,-0.0704117024547219,-0.2151998073737018,9.38393968575562e-05
2023,CAN,Copper,metal,integrated,-0.3721147217583179,-0.0742890652693122,-0.3264920774131565,8.328170689689283e-05
2023,GBR,Copper,metal,integrated,-0.3388991378080815,-0.020085567851602,-0.3417922609623102,8.039239700979799e-05
2023,BGD,Copper,metal,integrated,-0.2517794786508682,-0.0554564011850803,-0.7383649350727894,6.905988437497264e-05
2023,JPN,Copper,metal,integrated,-0.194151101880858,-0.0018988331185167,-0.427728932922769,6.187814248008337e-05
2023,HRV,Copper,metal,integrated,-0.6165571671339289,-0.1100041006831055,-0.0005760010417507,4.7880150247038656e-05
2023,POL,Copper,metal,integrated,-0.251720551273178,-0.0452630468798962,-0.0374553502823982,4.253035378533249e-05
2023,AUT,Copper,metal,integrated,-0.4324796697376014,-0.0756127690967505,-0.0023689900551562,3.996224826085605e-05
2023,SRB,Copper,metal,integrated,-0.3943516926383406,-0.0767956590004214,-0.0003307584121397,3.001737750581443e-05
2023,SVK,Copper,metal,integrated,-0.2896637206757619,-0.0096163747905935,-0.0041277669372025,2.3987495977887957e-05
2023,CZE,Copper,metal,integrated,-0.2297605626162666,-0.0389558014940533,0.0,1.7911504586699004e-05
2023,ECU,Copper,metal,integrated,-0.4711261542481911,-0.0997570292541004,3.2874486404127986e-14,1.219497324267001e-05
2023,PHL,Copper,metal,integrated,-0.7635301892916833,0.0278127844404149,-0.001302935963364,9.6533056993753e-06
2023,DZA,Copper,metal,integrated,-0.5966252148928293,-0.1100592133642898,-0.5424363444502491,8.314877697011128e-06
2023,HUN,Copper,metal,integrated,-0.1924143448977174,-0.0296489788209064,1.9284609309835386e-13,7.141705181518874e-06
2023,AGO,Copper,metal,integrated,-0.4384562547927534,-0.0997213568171006,0.0,6.639836603833142e-06
2023,ZWE,Copper,metal,integrated,-0.2774690044818625,-0.0539511676568335,0.0,5.713818386773581e-06
2023,CHN,Copper,ore,direct_partner,-0.1024189995052436,-0.0971184662146745,0.0640674149544137,0.0264524269761947
2023,JPN,Copper,ore,direct_partner,-0.0895985045282934,-0.0767809722508166,0.0650352735291539,0.005075851844802
2023,KOR,Copper,ore,direct_partner,-0.0767788522034565,-0.0697217676279211,0.1120151374171181,0.002613066653564
2023,DEU,Copper,ore,direct_partner,-0.0940456598496273,-0.0844537338515634,-0.024732611547854,0.0014172607544653
2023,IND,Copper,ore,direct_partner,-0.0862773580323952,-0.0769239319369058,0.0776269972877841,0.0013746441812327
2023,ESP,Copper,ore,direct_partner,-0.0813019205873517,-0.0731230533459673,0.0152780733910539,0.0011446030632791
2023,BGR,Copper,ore,direct_partner,-0.0593405702763916,-0.0513463393546838,0.1278349138929135,0.0008979083766481
2023,MEX,Copper,ore,direct_partner,-0.3062574824915857,-0.2652731379371585,-0.0038876511187243,0.0006191644940032
2023,SWE,Copper,ore,direct_partner,-0.0958247719969379,-0.0768873429461307,-0.2151088094138928,0.0004301287355549
2023,FIN,Copper,ore,direct_partner,-0.0736423412484112,-0.0630059153516303,-0.0461391121035903,0.0003928879378165
2023,CAN,Copper,ore,direct_partner,-0.254073553458793,-0.2198956856732692,-0.0227807074459582,0.0003279896900415
2023,POL,Copper,ore,direct_partner,-0.3658610964901627,-0.3185401799070662,-0.1168828794937352,0.0002865177082247
2023,MYS,Copper,ore,direct_partner,-0.0586859106697416,-0.0454253755828281,0.0199543222823921,0.0002822246656431
2023,AUS,Copper,ore,direct_partner,-0.1755330316931615,-0.1459893683788513,-0.0135316861559625,0.000116308815827
2023,NAM,Copper,ore,direct_partner,-0.3320722639257878,-0.2806169941060076,-0.0028946975002304,0.0001119742487959
2023,GEO,Copper,ore,direct_partner,-0.2609176314022696,-0.2269465006142083,0.404373785319268,0.0001071223714182
2023,UZB,Copper,ore,direct_partner,-0.1186302476175374,-0.1089520762014552,0.1112277572270114,0.000105357876964
2023,RUS,Copper,ore,direct_partner,-0.7635381303058204,-0.6904852644039862,-0.0934718435480669,8.451408922924172e-05
2023,BRA,Copper,ore,direct_partner,-0.1044715485290218,-0.0961645706924123,-0.1892419630043242,7.298802877436482e-05
2023,KAZ,Copper,ore,direct_partner,-0.3910628106262588,-0.3536386932568525,-0.2275983958107644,6.292802525507753e-05
2023,ZMB,Copper,ore,direct_partner,-0.5494663192117387,-0.5000414397598004,-0.6048302974894322,4.6127296977444895e-05
2023,SRB,Copper,ore,direct_partner,-0.7339478846678276,-0.671210292796941,0.3367654099586459,3.34373353144531e-05
2023,PER,Copper,ore,direct_partner,-0.144331242006793,-0.1300495912631868,0.0949099384820115,2.5728383539947287e-05
2023,KHM,Copper,ore,direct_partner,-0.1653919614929268,0.0650172999288205,0.2378067261615666,1.8696972698740085e-05
2023,CHL,Copper,ore,direct_partner,-0.3751350053085733,-0.3410375825047593,0.1587636998782203,1.647065135894519e-05
2023,USA,Copper,ore,direct_partner,-0.495065596486378,-0.4315240854053136,-0.0009731973523386,1.6152603513493826e-05
2023,CHE,Copper,ore,direct_partner,-0.2304652472967328,-0.2018009121802242,0.4426100476106153,1.2812744477876596e-05
2023,MOZ,Copper,ore,direct_partner,-0.6943335016718097,-0.6219142893582541,0.7268229137133206,8.915431565852026e-06
2023,CHN,Copper,ore,integrated,-0.0734846910730826,-0.0694556439406773,-0.0714955338369966,0.0264524269761947
2023,JPN,Copper,ore,integrated,-0.04831031614765,-0.040394740557462,-0.0448722609701598,0.005075851844802
2023,KOR,Copper,ore,integrated,-0.0363647119442853,-0.0321591204597488,-0.0467998234744299,0.002613066653564
2023,DEU,Copper,ore,integrated,-0.0967652064200371,-0.0893931029744619,-0.1739425922727072,0.0014172607544653
2023,IND,Copper,ore,integrated,-0.0892099880328467,-0.0868797277167714,-0.0114833625077883,0.0013746441812327
2023,ESP,Copper,ore,integrated,-0.0639212091413986,-0.058700161724637,-0.3024636499060407,0.0011446030632791
2023,BGR,Copper,ore,integrated,-0.0317999275086448,-0.0301111363648502,-0.281436353928733,0.0008979083766481
2023,MEX,Copper,ore,integrated,-0.273701606616952,-0.2354121101166706,-0.0038876511215969,0.0006191644940032
2023,SWE,Copper,ore,integrated,-0.0937747334532422,-0.0774164973084764,-0.243635412166186,0.0004301287355549
2023,FIN,Copper,ore,integrated,-0.0533958699841659,-0.0457628742545906,-0.1622260964524606,0.0003928879378165
2023,CAN,Copper,ore,integrated,-0.1178953630186369,-0.0949109625048184,-0.1042638780988671,0.0003279896900415
2023,POL,Copper,ore,integrated,-0.5107637299027166,-0.4560132372364789,-0.5109480337220759,0.0002865177082247
2023,MYS,Copper,ore,integrated,-0.0475286102901735,-0.0434246407666464,-0.0140938576630076,0.0002822246656431
2023,AUS,Copper,ore,integrated,-0.159191625941635,-0.1324712410521856,-0.0655832427725923,0.000116308815827
2023,NAM,Copper,ore,integrated,-0.485487271826428,-0.4395160449064229,-0.0033527599127411,0.0001119742487959
2023,GEO,Copper,ore,integrated,-0.3481613143704917,-0.3156707156044506,-0.1118525729153281,0.0001071223714182
2023,UZB,Copper,ore,integrated,-0.1064302275332442,-0.1012688942194823,5.4216349502926414e-14,0.000105357876964
2023,RUS,Copper,ore,integrated,-0.7450810962921877,-0.6741685086644509,4.314893690360311e-05,8.451408922924172e-05
2023,BRA,Copper,ore,integrated,-0.1050290273307983,-0.0975870615627545,-0.2224151065498366,7.298802877436482e-05
2023,KAZ,Copper,ore,integrated,-0.2730723402576898,-0.2475463795903897,-0.4049128461933667,6.292802525507753e-05
2023,ZMB,Copper,ore,integrated,-0.5060580719833901,-0.4587153642466598,-0.4732972578922339,4.6127296977444895e-05
2023,SRB,Copper,ore,integrated,-0.446418441049788,-0.4030266032508047,-0.0038184749045058,3.34373353144531e-05
2023,PER,Copper,ore,integrated,-0.07294996732265,-0.0647968760393719,3.7855103786582353e-13,2.5728383539947287e-05
2023,KHM,Copper,ore,integrated,-0.2074611078577294,0.0076141748593651,-0.0397310874166246,1.8696972698740085e-05
2023,CHL,Copper,ore,integrated,-0.2705545388066792,-0.2466892138129454,-0.0005230802447511,1.647065135894519e-05
2023,USA,Copper,ore,integrated,-0.4950610638674512,-0.4315363792235679,-0.0009731974572891,1.6152603513493826e-05
2023,CHE,Copper,ore,integrated,-0.1774285919957134,-0.1629973194734726,-0.191780535912988,1.2812744477876596e-05
2023,MOZ,Copper,ore,integrated,-0.3635811976055473,-0.3282469001947834,1.059522769055499e-12,8.915431565852026e-06
2024,CHN,Nickel,compound,direct_partner,-0.4697573217899204,-0.1513097323824457,0.3533282331504733,0.0019822347985126
2024,JPN,Nickel,compound,direct_partner,-0.3129060665388779,0.0025204034314417,0.1025944804639938,0.0002411197734387
2024,SWE,Nickel,compound,direct_partner,-0.366304054015227,0.0103474391109175,-0.3016084372025138,0.0002037271900158
2024,KOR,Nickel,compound,direct_partner,-0.1796981189634096,0.015851892705909,-0.032711823832204,0.0002010073684522
2024,IDN,Nickel,compound,direct_partner,-0.4690148239904625,-0.016642395066848,0.3556907931560448,0.0001605628656668
2024,USA,Nickel,compound,direct_partner,-0.2664181821317471,-0.0158115018467248,0.1446791980580899,0.0001394433378137
2024,BEL,Nickel,compound,direct_partner,-0.1774441548016314,-0.0584337133280881,0.5047129604129194,0.0001188134191373
2024,SGP,Nickel,compound,direct_partner,-0.1985594930115068,0.0083355159147333,0.0026396558722261,0.0001083596215842
2024,IND,Nickel,compound,direct_partner,-0.1538956228008778,0.0033548002376384,0.1117150600014711,0.0001070609724748
2024,CAN,Nickel,compound,direct_partner,-0.2174982668123086,0.0318686940111135,-0.1558013372787036,7.782760536954395e-05
2024,MYS,Nickel,compound,direct_partner,-0.2031836742454539,-0.0204732752314743,0.0126975141098123,7.377551648036246e-05
2024,PHL,Nickel,compound,direct_partner,-0.2402494207759777,-0.0429042770537856,-0.2743097806196704,7.339060044987172e-05
2024,FIN,Nickel,compound,direct_partner,-0.484411566435645,-0.0047675196660421,-0.2527721067609356,6.67937280060428e-05
2024,DEU,Nickel,compound,direct_partner,-0.2261333271761895,-0.0217368435763092,0.5115521228366737,5.8081035427643805e-05
2024,ITA,Nickel,compound,direct_partner,-0.5495594993428895,-0.0807648213801166,0.6757179042321203,3.465878019367206e-05
2024,CHN,Nickel,compound,integrated,-0.3336565941132724,-0.1433540126500387,-0.0860062173726746,0.0019822347985126
2024,JPN,Nickel,compound,integrated,-0.1947869445787656,-0.0136713637451724,-0.3787284024457626,0.0002411197734387
2024,SWE,Nickel,compound,integrated,-0.3096905219683407,0.005438003329771,-0.8285841466797849,0.0002037271900158
2024,KOR,Nickel,compound,integrated,-0.1119794434938459,-0.0140492074397371,-0.531355746681275,0.0002010073684522
2024,IDN,Nickel,compound,integrated,-0.3583325799584649,-0.0070904370443777,-0.0144556574309982,0.0001605628656668
2024,USA,Nickel,compound,integrated,-0.1530183178012804,-0.0175012187088588,-0.2924968981054015,0.0001394433378137
2024,BEL,Nickel,compound,integrated,-0.1279909049118908,-0.0281214732348404,-0.162071134893137,0.0001188134191373
2024,SGP,Nickel,compound,integrated,-0.138765869387596,-0.0130790256817681,-0.2041686908642411,0.0001083596215842
2024,IND,Nickel,compound,integrated,-0.0998208300504884,-0.0083912231126113,-0.1373873811163234,0.0001070609724748
2024,CAN,Nickel,compound,integrated,-0.1573006677889397,0.008419353982242,-0.4438692937479848,7.782760536954395e-05
2024,MYS,Nickel,compound,integrated,-0.1471442157459237,-0.0345291661713202,-0.1890058395706967,7.377551648036246e-05
2024,PHL,Nickel,compound,integrated,-0.1616845763103125,-0.0618434718578722,-0.6724427494159283,7.339060044987172e-05
2024,FIN,Nickel,compound,integrated,-0.4407775529566371,0.0059406622569744,-0.8093058475499884,6.67937280060428e-05
2024,DEU,Nickel,compound,integrated,-0.1648666747990695,-0.0119084358955374,-0.1299744513303101,5.8081035427643805e-05
2024,ITA,Nickel,compound,integrated,-0.5037180923035823,-0.0121070061534373,-0.0028893005893348,3.465878019367206e-05
2024,CHN,Nickel,material,direct_partner,-0.5504467502826944,-0.3722237754283628,0.3030163840897978,0.0188603156728088
2024,NOR,Nickel,material,direct_partner,-0.4074879514407002,-0.1204252310700857,-0.184633461834306,0.0049896498145666
2024,JPN,Nickel,material,direct_partner,-0.358199869171674,-0.2517235886980825,0.3959001717389714,0.0046078966059193
2024,ZAF,Nickel,material,direct_partner,-0.8629038508247551,-0.2637425878431808,0.5271985733492046,0.0024703685168347
2024,FIN,Nickel,material,direct_partner,-0.85201233239686,-0.3197420593765128,0.5063557230884717,0.0016725896578789
2024,GBR,Nickel,material,direct_partner,-0.6341694176108373,-0.4211179227404258,-0.2678933513687016,0.0010205163950333
2024,NLD,Nickel,material,direct_partner,-0.473171430740112,-0.3338943525346083,-0.2046783662608869,0.0004639054211977
2024,CAN,Nickel,material,direct_partner,-0.3154852287692815,-0.090716864308294,-0.3638513124702276,0.0003714268316597
2024,FRA,Nickel,material,direct_partner,-0.7978557573399964,-0.2443424669369054,-0.5168146856696593,0.0003174106851316
2024,KOR,Nickel,material,direct_partner,-0.1840185367417963,-0.0910644409890023,0.4410755840365689,0.0002384610366755
2024,MYS,Nickel,material,direct_partner,-0.7716169342881912,-0.2357297556028319,0.0002106576785476,8.530756061271104e-05
2024,USA,Nickel,material,direct_partner,-0.6571674609541646,-0.2219019934280683,0.4135011886788065,5.498836526779719e-05
2024,SWE,Nickel,material,direct_partner,-0.5200612714551164,-0.3319102942995152,0.2316963421025118,3.471509572332124e-05
2024,ESP,Nickel,material,direct_partner,-0.370733047656745,-0.3255466972830348,-0.2424359538977746,2.761510911346625e-05
2024,CHN,Nickel,material,integrated,-0.4091529119683716,-0.257240056358315,-0.0671098300977185,0.0188603156728088
2024,NOR,Nickel,material,integrated,-0.2969383194477293,-0.1191356193986624,-0.5762517663954981,0.0049896498145666
2024,JPN,Nickel,material,integrated,-0.2493115386278328,-0.1811479443313821,-0.0293860918909607,0.0046078966059193
2024,ZAF,Nickel,material,integrated,-0.5991829968718336,-0.1195182829061258,-2.5287591640910377e-07,0.0024703685168347
2024,FIN,Nickel,material,integrated,-0.6502370084546344,-0.2565562188899813,-4.49988809853748e-08,0.0016725896578789
2024,GBR,Nickel,material,integrated,-0.5089797176122473,-0.4054990674280652,-0.7274939869340069,0.0010205163950333
2024,NLD,Nickel,material,integrated,-0.3791521005543988,-0.3250407159066718,-0.6633695262501484,0.0004639054211977
2024,CAN,Nickel,material,integrated,-0.2476647352314152,-0.0983922948730869,-0.3613916632872887,0.0003714268316597
2024,FRA,Nickel,material,integrated,-0.7788433177309848,-0.2820373723726939,-0.6419322172267683,0.0003174106851316
2024,KOR,Nickel,material,integrated,-0.1190140579436336,-0.0745221680540176,-0.0580487525792221,0.0002384610366755
2024,MYS,Nickel,material,integrated,-0.6331842104288218,-0.243782093411896,-0.4326912002211447,8.530756061271104e-05
2024,USA,Nickel,material,integrated,-0.5440501644647489,-0.1295076844166747,-0.0210704890468796,5.498836526779719e-05
2024,SWE,Nickel,material,integrated,-0.3511983445147017,-0.29214524271841,-0.2412351363631181,3.471509572332124e-05
2024,ESP,Nickel,material,integrated,-0.3272763112672021,-0.3386788821455544,-0.4344517435874555,2.761510911346625e-05
2024,CHN,Nickel,metal,direct_partner,-0.190225412214444,-0.0061652261463153,0.055223070425003,0.0044568572239214
2024,USA,Nickel,metal,direct_partner,-0.2606505107120637,0.0238248464156299,0.1596838627730169,0.0035863962232618
2024,NLD,Nickel,metal,direct_partner,-0.1213066141785583,0.0304323067512667,0.232228712464115,0.0029324952509026
2024,JPN,Nickel,metal,direct_partner,-0.3024015343215204,0.0368263091224701,0.3554665655031172,0.0021777029511973
2024,DEU,Nickel,metal,direct_partner,-0.113420128266774,0.008822413772734,0.3709244294631121,0.0021672010846127
2024,IND,Nickel,metal,direct_partner,-0.1010493482057215,0.0056471774587804,0.037037645185467,0.0014757105938224
2024,FRA,Nickel,metal,direct_partner,-0.1184636479602144,0.0162789525777892,0.2699820084427037,0.0014747511249166
2024,SGP,Nickel,metal,direct_partner,-0.3281176459122639,-0.060323889424909,-0.0685524140177117,0.0014562873709079
2024,ITA,Nickel,metal,direct_partner,-0.4026421038304079,-0.0635632439403248,0.4119457221517452,0.0013282893096142
2024,KOR,Nickel,metal,direct_partner,-0.120956555504102,0.0394855446261758,0.197265064129988,0.0012657588505975
2024,MYS,Nickel,metal,direct_partner,-0.2850765896142728,0.0220901881293468,-0.0672797064057411,0.0010025201750756
2024,SWE,Nickel,metal,direct_partner,-0.1647497757519023,0.0144249096906119,0.3451614178161259,0.0008856764948884
2024,BEL,Nickel,metal,direct_partner,-0.2736727197298488,-0.0545584858425619,0.4367557058581607,0.000822291854703
2024,ESP,Nickel,metal,direct_partner,-0.1667215387010001,-0.0275778395689036,0.22370604475542,0.0004711375273969
2024,AUT,Nickel,metal,direct_partner,-0.0939095284760916,0.0104473186318623,0.0376329583112558,0.0003228937283724
2024,BRA,Nickel,metal,direct_partner,-0.1305669556795428,0.0270126013469463,-0.2730609668809782,0.0003116751414907
2024,TUR,Nickel,metal,direct_partner,-0.1630143235758489,0.0125174605052049,-0.0140759193262411,0.0002659970953135
2024,GBR,Nickel,metal,direct_partner,-0.1971075924513348,0.0185743579468368,0.3278755221338377,0.0002496222493046
2024,MEX,Nickel,metal,direct_partner,-0.1832506176560959,0.0088060616135397,0.0595181463802098,0.0001368734936351
2024,FIN,Nickel,metal,direct_partner,-0.2797185945979338,-0.0313628784075073,0.2970402724273289,0.0001325448046008
2024,SVN,Nickel,metal,direct_partner,-0.094738550179175,0.0137579987565984,-0.0945977771572689,0.0001279644430775
2024,CZE,Nickel,metal,direct_partner,-0.357478471774611,-0.0046049329497677,0.5152343342686679,9.889170079832314e-05
2024,POL,Nickel,metal,direct_partner,-0.067815916475438,-0.0003253687766823,0.2044776688960451,8.964535416249077e-05
2024,VNM,Nickel,metal,direct_partner,-0.2240791252366593,-0.0158569263318501,0.2837663710612177,7.404638145824696e-05
2024,HKG,Nickel,metal,direct_partner,-0.2903275796553033,0.0150028997104531,-0.1908214192730557,7.386652651081434e-05
2024,AUS,Nickel,metal,direct_partner,-0.4430026664751706,0.0070071270353792,0.2616899692532534,7.205658949298221e-05
2024,THA,Nickel,metal,direct_partner,-0.1901515356104208,-0.0015783082743205,0.4662720129654111,6.798652991110784e-05
2024,CAN,Nickel,metal,direct_partner,-0.1650811531605989,-0.0228365656760783,-0.3517890471309089,5.225032714688806e-05
2024,IRN,Nickel,metal,direct_partner,-0.8451820050474375,-0.0116366169093452,0.4936821453821992,4.824438051374558e-05
2024,UKR,Nickel,metal,direct_partner,-0.2111676093351957,-0.0447052242205293,-0.3577770766807405,4.1349944207257946e-05
2024,ARE,Nickel,metal,direct_partner,-0.1384918436285545,-0.0137054505500177,-1.1102230246251563e-16,3.835370564241848e-05
2024,PAK,Nickel,metal,direct_partner,-0.141352096902579,0.0103741919204732,-0.1902726832376925,3.1687883240851405e-05
2024,SRB,Nickel,metal,direct_partner,-0.3243093525808666,0.0048614149652619,-0.0457125737402435,3.0512221608364585e-05
2024,EGY,Nickel,metal,direct_partner,-0.2420975953825034,-0.0247084663805511,0.0887824734068127,2.535714915407308e-05
2024,CHN,Nickel,metal,integrated,-0.0880805360646327,-0.0210977406246866,-0.5642611868675024,0.0044568572239214
2024,USA,Nickel,metal,integrated,-0.145156221312996,0.0043366242640618,-0.2859034576026796,0.0035863962232618
2024,NLD,Nickel,metal,integrated,-0.0443830856626629,0.0434476681283472,-0.3811592317401838,0.0029324952509026
2024,JPN,Nickel,metal,integrated,-0.1615050031377503,0.0311799306797619,-0.3031821201078372,0.0021777029511973
2024,DEU,Nickel,metal,integrated,-0.0392746427923764,0.0245873239608693,-0.2244716108363428,0.0021672010846127
2024,IND,Nickel,metal,integrated,-0.0482973895548426,-0.0255244756526295,-0.2557026272934368,0.0014757105938224
2024,FRA,Nickel,metal,integrated,-0.0765308568400595,0.0215159029642428,-0.114918136694213,0.0014747511249166
2024,SGP,Nickel,metal,integrated,-0.2693885064440111,-0.0887091926461544,-0.2569134013047114,0.0014562873709079
2024,ITA,Nickel,metal,integrated,-0.2651164591912701,0.0292252529596188,-0.1612432071118983,0.0013282893096142
2024,KOR,Nickel,metal,integrated,-0.0438560037351547,0.0257440558858152,-0.4363300199936531,0.0012657588505975
2024,MYS,Nickel,metal,integrated,-0.2269972584729379,-0.0119415172358524,-0.239053063997245,0.0010025201750756
2024,SWE,Nickel,metal,integrated,-0.0636059670316832,0.0280836325850058,-0.2208738716725123,0.0008856764948884
2024,BEL,Nickel,metal,integrated,-0.1563892197199202,-0.0426678727872797,-0.1878598632097141,0.000822291854703
2024,ESP,Nickel,metal,integrated,-0.1374366693580389,0.0056999689187333,-0.1636229042349177,0.0004711375273969
2024,AUT,Nickel,metal,integrated,-0.0749073388342625,0.0173859508262732,-0.170200095319455,0.0003228937283724
2024,BRA,Nickel,metal,integrated,-0.0975128151034716,-0.0004352957901187,-0.3661380138095496,0.0003116751414907
2024,TUR,Nickel,metal,integrated,-0.1431938365098607,-0.0097730641313011,-0.054700998306197,0.0002659970953135
2024,GBR,Nickel,metal,integrated,-0.0834076091760727,0.028481844841594,-0.3065379001109612,0.0002496222493046
2024,MEX,Nickel,metal,integrated,-0.124389882151615,-0.0032721468968244,-0.3692819784785081,0.0001368734936351
2024,FIN,Nickel,metal,integrated,-0.1470484520434237,-0.007014169300387,-0.3010513701027432,0.0001325448046008
2024,SVN,Nickel,metal,integrated,-0.0712333127363459,0.0118070423308024,-0.2457437136467441,0.0001279644430775
2024,CZE,Nickel,metal,integrated,-0.2289329745008037,0.0018848819332353,-0.1230761694046799,9.889170079832314e-05
2024,POL,Nickel,metal,integrated,-0.0313471863014341,0.0090557824736661,-0.2516150773445209,8.964535416249077e-05
2024,VNM,Nickel,metal,integrated,-0.1160380564576483,-0.0204906413853489,-0.3499017648806855,7.404638145824696e-05
2024,HKG,Nickel,metal,integrated,-0.190658505005155,0.0026159920234526,-0.7607306894908604,7.386652651081434e-05
2024,AUS,Nickel,metal,integrated,-0.3481179569336287,-0.0107514353892796,-0.1239285515125325,7.205658949298221e-05
2024,THA,Nickel,metal,integrated,-0.0756768363153262,-0.0038617001529496,-0.2302891134025309,6.798652991110784e-05
2024,CAN,Nickel,metal,integrated,-0.139313879430756,-0.0415099117285127,-0.5526116492370254,5.225032714688806e-05
2024,IRN,Nickel,metal,integrated,-0.4347009839269841,0.0268610600743225,-0.0462499713278433,4.824438051374558e-05
2024,UKR,Nickel,metal,integrated,-0.1823608308307514,-0.0679068938909442,-0.4784449599761315,4.1349944207257946e-05
2024,ARE,Nickel,metal,integrated,-0.1163340476739721,-0.0360486810639843,-6.661338147750939e-16,3.835370564241848e-05
2024,PAK,Nickel,metal,integrated,-0.0956910628683127,-0.0148982948823257,-0.4475579071657868,3.1687883240851405e-05
2024,SRB,Nickel,metal,integrated,-0.2945456114513288,-0.0263987083377554,-0.1154600270433528,3.0512221608364585e-05
2024,EGY,Nickel,metal,integrated,-0.2258024665637669,-0.049080822067367,0.0112841008628694,2.535714915407308e-05
2024,CHN,Nickel,ore,direct_partner,-0.2503069746252734,-0.2168884160692867,0.0325769575721257,0.0073505444290261
2024,CAN,Nickel,ore,direct_partner,-0.1363240932239618,-0.0892393346689876,-0.0846762963260968,0.0010902067237346
2024,FIN,Nickel,ore,direct_partner,-0.17374229871995,-0.1272421298414499,0.0007186917007313,0.0007738908333727
2024,KOR,Nickel,ore,direct_partner,-0.8822622866844477,-0.7837084440936984,0.2715761587299912,0.0005326530800659
2024,BEL,Nickel,ore,direct_partner,-0.9080549867284684,-0.8076150023753043,-0.1814428632362961,0.0001871328145469
2024,CHE,Nickel,ore,direct_partner,-0.8871791852964624,-0.7860409756867198,-0.4527664791230606,0.0001728876750029
2024,JPN,Nickel,ore,direct_partner,-0.4302223808553868,-0.3757175524031262,0.2836969059686035,9.78452184156976e-05
2024,ZAF,Nickel,ore,direct_partner,-0.7682037356746638,-0.67804410066335,0.4693591710169109,6.099708200292091e-05
2024,CHN,Nickel,ore,integrated,-0.1947826210266069,-0.1761947435863572,-0.2246465240061403,0.0073505444290261
2024,CAN,Nickel,ore,integrated,-0.1128913223969434,-0.094731942200296,-0.306018921060416,0.0010902067237346
2024,FIN,Nickel,ore,integrated,-0.146988149088735,-0.1212157739329165,-0.3111515146146479,0.0007738908333727
2024,KOR,Nickel,ore,integrated,-0.7586924175975942,-0.6700610305820013,-9.632050162499644e-06,0.0005326530800659
2024,BEL,Nickel,ore,integrated,-0.7627417831112349,-0.68107106573644,-0.9463806501605516,0.0001871328145469
2024,CHE,Nickel,ore,integrated,-0.8992668408429116,-0.7862604270093486,-0.6002600249912976,0.0001728876750029
2024,JPN,Nickel,ore,integrated,-0.3473789686914433,-0.306689522421751,-0.0055357294365544,9.78452184156976e-05
2024,ZAF,Nickel,ore,integrated,-0.7008065253986322,-0.6049730031615317,-0.0797043199371587,6.099708200292091e-05
2012,CHN,Nickel,compound,direct_partner,-0.2380926603351956,-0.0588507099778494,0.5294331021526263,0.0002032765478162
2012,BRA,Nickel,compound,direct_partner,-0.4974932302144669,-0.0541686650473418,0.2596830871775731,0.0001901181282067
2012,JPN,Nickel,compound,direct_partner,-0.5245747978727018,-0.0299999640579817,-0.3197303152338901,0.0001677841272469
2012,KOR,Nickel,compound,direct_partner,-0.2671019461458138,-0.0181749921877519,-0.1275057437410682,0.0001309757761848
2012,DEU,Nickel,compound,direct_partner,-0.141926311702384,-0.007266265394899,0.5222752140602217,0.0001019471435861
2012,MYS,Nickel,compound,direct_partner,-0.1782688577819749,-0.0222329158305029,0.074304147724905,6.837744443537949e-05
2012,USA,Nickel,compound,direct_partner,-0.1860855589914094,-0.0216191913410133,-0.0897722992752213,4.793123025329995e-05
2012,CAN,Nickel,compound,direct_partner,-0.4784430530180925,-0.0140073453447567,0.2753564697998035,4.486945303649782e-05
2012,IND,Nickel,compound,direct_partner,-0.3114359920922067,-0.018802009344616,-0.1807059131279264,4.273706475173964e-05
2012,CZE,Nickel,compound,direct_partner,-0.2149979186241639,-0.0207380699931357,0.5597354788133699,3.857382823307126e-05
2012,BEL,Nickel,compound,direct_partner,-0.243586636087165,-0.0120986935664687,-0.0535467740180164,3.53982020967834e-05
2012,ITA,Nickel,compound,direct_partner,-0.2722681377352792,-0.0117053310490868,0.1599601458847176,3.478622320859875e-05
2012,CHN,Nickel,compound,integrated,-0.1680521261219346,-0.0358738861643957,-0.0618503363579391,0.0002032765478162
2012,BRA,Nickel,compound,integrated,-0.3861910141020927,-0.0386957041850974,-0.112249162140345,0.0001901181282067
2012,JPN,Nickel,compound,integrated,-0.4393790127367036,-0.0252697289264034,-0.8313057089955005,0.0001677841272469
2012,KOR,Nickel,compound,integrated,-0.2014642879902421,-0.0144431575554165,-0.6590220496701096,0.0001309757761848
2012,DEU,Nickel,compound,integrated,-0.0912191581087958,-0.0090258903284454,-0.0709767177324982,0.0001019471435861
2012,MYS,Nickel,compound,integrated,-0.1449455620353586,-0.0265434789094659,-0.0553260179515698,6.837744443537949e-05
2012,USA,Nickel,compound,integrated,-0.1483924728905698,-0.0110843797205832,-0.4896328581384684,4.793123025329995e-05
2012,CAN,Nickel,compound,integrated,-0.362906198264721,0.0140463219489888,-0.292721166408721,4.486945303649782e-05
2012,IND,Nickel,compound,integrated,-0.2713704102734992,-0.0284330542344899,-0.4210239197120696,4.273706475173964e-05
2012,CZE,Nickel,compound,integrated,-0.1575643156751415,-0.0214505176930429,-0.0111488786780709,3.857382823307126e-05
2012,BEL,Nickel,compound,integrated,-0.1879136910815141,-0.0152995542280505,-0.6519571394331647,3.53982020967834e-05
2012,ITA,Nickel,compound,integrated,-0.2032826850953003,-0.01807510187286,-0.2515919338665107,3.478622320859875e-05
2012,NOR,Nickel,material,direct_partner,-0.516600816211061,-0.1825520941371941,-0.1132283981206144,0.0066022136106282
2012,JPN,Nickel,material,direct_partner,-0.3967346428163961,-0.2130498002559113,0.2268546447310138,0.0044483635813328
2012,CHN,Nickel,material,direct_partner,-0.2908134660345003,-0.1185642695156969,0.0618445553400083,0.0037987916258887
2012,GBR,Nickel,material,direct_partner,-0.8815631875702211,-0.3239578608289309,-0.0115940175729574,0.0025005447632728
2012,ZAF,Nickel,material,direct_partner,-0.8819804839130916,-0.2868710654682492,0.301031322812207,0.0010401986823787
2012,KOR,Nickel,material,direct_partner,-0.3848447771321077,-0.1674812034442444,0.1995109337151028,0.0008987558438777
2012,FIN,Nickel,material,direct_partner,-0.4444038166447562,-0.159877151221557,-0.3529259714933777,0.0006496052374917
2012,FRA,Nickel,material,direct_partner,-0.8814132820023014,-0.3086953819416667,-0.4684349385246288,0.0006207275692862
2012,CAN,Nickel,material,direct_partner,-0.2829211082116594,-0.0946743226611892,0.0550796658751401,0.0002879013889922
2012,NLD,Nickel,material,direct_partner,-0.8373024065836531,-0.2854168161817036,0.0036856574625036,0.0001606555157679
2012,USA,Nickel,material,direct_partner,-0.6808365596076786,-0.2716185737847934,0.3490258713944567,5.652767505510218e-05
2012,SWE,Nickel,material,direct_partner,-0.8453558907638667,-0.2671560608230192,0.6490420010543713,4.8659247747023854e-05
2012,DEU,Nickel,material,direct_partner,-0.3042468870811144,-0.0752367330347593,0.3226187005274792,4.5747703060696345e-05
2012,NOR,Nickel,material,integrated,-0.4623146494728808,-0.1809266088348625,-0.4828635054463999,0.0066022136106282
2012,JPN,Nickel,material,integrated,-0.3386042792031823,-0.1865832585740796,-0.0044095114807396,0.0044483635813328
2012,CHN,Nickel,material,integrated,-0.221022175299258,-0.0875604357025246,-0.1984945870922873,0.0037987916258887
2012,GBR,Nickel,material,integrated,-0.9029805135196424,-0.3421083440399959,-0.2191073454517638,0.0025005447632728
2012,ZAF,Nickel,material,integrated,-0.8239967124758955,-0.2637526084455409,-2.3638009821780067e-05,0.0010401986823787
2012,KOR,Nickel,material,integrated,-0.3252242484521624,-0.1366591933849587,-0.0009386819654601,0.0008987558438777
2012,FIN,Nickel,material,integrated,-0.3977710388889003,-0.1592969882810053,-0.6708773345830017,0.0006496052374917
2012,FRA,Nickel,material,integrated,-0.8546020102859406,-0.3217616608022638,-0.8458572384495742,0.0006207275692862
2012,CAN,Nickel,material,integrated,-0.234244847021489,-0.0686579011285917,-0.306731139097472,0.0002879013889922
2012,NLD,Nickel,material,integrated,-0.8653392960841932,-0.3034000797492305,-0.2100916066227436,0.0001606555157679
2012,USA,Nickel,material,integrated,-0.5910314550170495,-0.209666774738538,-0.047426931129129,5.652767505510218e-05
2012,SWE,Nickel,material,integrated,-0.744906836228008,-0.2505193274812699,-0.0190853891249718,4.8659247747023854e-05
2012,DEU,Nickel,material,integrated,-0.2688174733059437,-0.0756087757006903,-0.4512978947702375,4.5747703060696345e-05
2012,CHN,Nickel,metal,direct_partner,-0.1816976646160535,-0.0037509585770359,0.0391097203714105,0.0084461406786272
2012,USA,Nickel,metal,direct_partner,-0.1962990837204566,-0.0072718048241437,0.3294078087707859,0.0059769306355924
2012,DEU,Nickel,metal,direct_partner,-0.2131803540620721,-0.0043308691810885,0.3345210215889496,0.0040472820979998
2012,NLD,Nickel,metal,direct_partner,-0.2211325508625989,-0.0034199734189544,0.1216375194267935,0.0034858081828906
2012,SGP,Nickel,metal,direct_partner,-0.2635733785346936,-0.0117968327280817,2.7803871287090946e-05,0.0020269256710385
2012,IND,Nickel,metal,direct_partner,-0.2001200521758482,-0.0039673169318454,-0.0695071815205482,0.001929462213606
2012,JPN,Nickel,metal,direct_partner,-0.0892019373204997,0.0059910185344227,0.2526026624782234,0.001875036675526
2012,ITA,Nickel,metal,direct_partner,-0.2726254571623102,-0.0077992519884126,0.378313633549394,0.0017433972651098
2012,FRA,Nickel,metal,direct_partner,-0.1646714818399812,-0.0003290806018821,-0.1764728550027101,0.0012427834044933
2012,ESP,Nickel,metal,direct_partner,-0.1191944266829375,-0.0019312505648954,0.0566231211529931,0.0010891333820074
2012,BEL,Nickel,metal,direct_partner,-0.1596052881427012,-0.0062142907419824,0.1297571833654309,0.0010171881687644
2012,SWE,Nickel,metal,direct_partner,-0.1767100206460151,0.00277691072183,0.3206890390985718,0.0009680726252663
2012,KOR,Nickel,metal,direct_partner,-0.1132664735823733,0.0021606823118381,0.1661884080309383,0.0009660334520939
2012,GBR,Nickel,metal,direct_partner,-0.152221643676295,-0.0003602265265686,0.1919757940185739,0.0006144525192687
2012,HKG,Nickel,metal,direct_partner,-0.2915015400830729,-0.0121800367503824,0.3798599820957707,0.0005908386350064
2012,ARE,Nickel,metal,direct_partner,-0.3618124581968283,-0.0108483993661548,-3.4716673980028645e-13,0.0004606167334975
2012,AUT,Nickel,metal,direct_partner,-0.251957270420425,-0.0115481327313758,-0.1275472532537145,0.0004454181521106
2012,MYS,Nickel,metal,direct_partner,-0.6165665699893401,-0.0333714039024602,0.0007910368680781,0.0004439663755019
2012,TUR,Nickel,metal,direct_partner,-0.1296698868073149,-0.0051364075910105,-0.2306706023996537,0.0002465059082923
2012,UKR,Nickel,metal,direct_partner,-0.4045320160198218,-0.0043989766073453,-0.2658877263473527,0.0002209257449751
2012,CZE,Nickel,metal,direct_partner,-0.2895103509852159,-0.0135037425284783,0.3442344725269676,0.000210725054131
2012,FIN,Nickel,metal,direct_partner,-0.2896989730089241,0.0020888893819368,0.3319154808330067,0.000179083754237
2012,THA,Nickel,metal,direct_partner,-0.2057088036389814,-0.0142117586261514,0.4784164581829515,0.0001690495356032
2012,POL,Nickel,metal,direct_partner,-0.1340281096941367,-0.004461483687665,0.3172255631144031,0.0001632416884522
2012,MEX,Nickel,metal,direct_partner,-0.2369905169224231,-0.0135542299215446,0.4159355920823381,0.0001431508201822
2012,RUS,Nickel,metal,direct_partner,-0.6020092392469495,0.0018877889592502,0.1539246490064632,0.0001406437034274
2012,BRA,Nickel,metal,direct_partner,-0.1363990137759921,-0.0004062132705437,0.2030297675679728,0.0001151648499784
2012,AUS,Nickel,metal,direct_partner,-0.4047274622489514,-0.0180326151560957,0.4803274156605599,0.0001111507245877
2012,SVN,Nickel,metal,direct_partner,-0.2148544483325277,-0.0024597067694231,-0.2961885892003032,5.096533833743668e-05
2012,ZAF,Nickel,metal,direct_partner,-0.4812653463848957,-0.0012590036832116,0.5980109700495823,5.086929020807868e-05
2012,ARG,Nickel,metal,direct_partner,-0.2153842551410695,-0.0014786585545625,0.4609773483534453,3.966111949889585e-05
2012,PAK,Nickel,metal,direct_partner,-0.2107819578847014,-0.0099118950348396,0.0322048606603865,3.0407473775103027e-05
2012,CHN,Nickel,metal,integrated,-0.1194939483938453,-0.0023604804209497,-0.33648124674277,0.0084461406786272
2012,USA,Nickel,metal,integrated,-0.1070652829613858,0.003985067557773,-0.2585987443209959,0.0059769306355924
2012,DEU,Nickel,metal,integrated,-0.1389306197054586,-0.0050259653881512,-0.082459896259719,0.0040472820979998
2012,NLD,Nickel,metal,integrated,-0.1450050372245669,-0.0039802184120633,-0.3398310525099557,0.0034858081828906
2012,SGP,Nickel,metal,integrated,-0.2338880100292957,-0.0144717682161041,2.780387142919949e-05,0.0020269256710385
2012,IND,Nickel,metal,integrated,-0.1464625158474141,-0.0058391333524639,-0.4312049324034188,0.001929462213606
2012,JPN,Nickel,metal,integrated,-0.0336150473778385,0.0075138292550959,-0.2587592133146846,0.001875036675526
2012,ITA,Nickel,metal,integrated,-0.1993832028824508,0.000890066893546,-0.1137107623443202,0.0017433972651098
2012,FRA,Nickel,metal,integrated,-0.1279966378626157,-0.0015742430598014,-0.3461547666397307,0.0012427834044933
2012,ESP,Nickel,metal,integrated,-0.0801969475223553,0.0005852186018683,-0.2434365795707223,0.0010891333820074
2012,BEL,Nickel,metal,integrated,-0.0967917366851762,-0.0063520147901211,-0.3152165530799545,0.0010171881687644
2012,SWE,Nickel,metal,integrated,-0.1014906334164818,0.0034914912452978,-0.0414457906263916,0.0009680726252663
2012,KOR,Nickel,metal,integrated,-0.0560520991779427,0.0042009146414838,-0.2901806194338202,0.0009660334520939
2012,GBR,Nickel,metal,integrated,-0.098826734618911,1.117540422104768e-05,-0.281141165873229,0.0006144525192687
2012,HKG,Nickel,metal,integrated,-0.1305589444588205,-0.0005950270082586,-0.2908562075207364,0.0005908386350064
2012,ARE,Nickel,metal,integrated,-0.3537604500048042,-0.0137762159808189,-0.001380523646596,0.0004606167334975
2012,AUT,Nickel,metal,integrated,-0.2219669922539889,-0.0098300840538355,-0.4277837447168549,0.0004454181521106
2012,MYS,Nickel,metal,integrated,-0.6408702734086791,-0.0359257006703165,-0.1566423195146624,0.0004439663755019
2012,TUR,Nickel,metal,integrated,-0.1059267926399405,-0.0083242542087293,-0.4597585469611906,0.0002465059082923
2012,UKR,Nickel,metal,integrated,-0.3778082020038858,-0.0073170952986582,-0.6108773399869023,0.0002209257449751
2012,CZE,Nickel,metal,integrated,-0.2259019940543971,-0.0135239441023334,-0.0287267367897905,0.000210725054131
2012,FIN,Nickel,metal,integrated,-0.1915473571476719,0.0024631107705651,-0.0049358844376986,0.000179083754237
2012,THA,Nickel,metal,integrated,-0.1017580628522547,0.0038785579704224,-0.3328428271029628,0.0001690495356032
2012,POL,Nickel,metal,integrated,-0.0822134890505194,-0.0037015742359199,-0.0312528670344799,0.0001632416884522
2012,MEX,Nickel,metal,integrated,-0.0934434462276432,0.0042591022201289,-0.2701464067065593,0.0001431508201822
2012,RUS,Nickel,metal,integrated,-0.5115822986213585,-0.0009160455450175,-0.0268793219924718,0.0001406437034274
2012,BRA,Nickel,metal,integrated,-0.0891756867807835,0.0001914738028726,-0.1446568999088014,0.0001151648499784
2012,AUS,Nickel,metal,integrated,-0.2591809790796504,-0.0156844002953739,-0.2640881965651571,0.0001111507245877
2012,SVN,Nickel,metal,integrated,-0.1873896571950189,-0.0023548562798787,-0.530876242876447,5.096533833743668e-05
2012,ZAF,Nickel,metal,integrated,-0.2518765492210086,0.0037408214928421,-0.2421878358338668,5.086929020807868e-05
2012,ARG,Nickel,metal,integrated,-0.098475661417144,0.0070328450327263,-0.1051595874593471,3.966111949889585e-05
2012,PAK,Nickel,metal,integrated,-0.1583284370182091,-0.011113728692631,-0.3715074657525657,3.0407473775103027e-05
2012,CHN,Nickel,ore,direct_partner,-0.2595317353309038,-0.2362083243027272,0.2178485235762664,0.0107357609256661
2012,FIN,Nickel,ore,direct_partner,-0.4320662094145876,-0.3806445007874363,-0.2453066942112508,0.0013386131259473
2012,CAN,Nickel,ore,direct_partner,-0.6395753465835685,-0.5751203304713408,0.03591774036494,0.001017120698694
2012,JPN,Nickel,ore,direct_partner,-0.2546875135184452,-0.2289323412162925,0.2432293116418535,0.0009862465768515
2012,MKD,Nickel,ore,direct_partner,-0.3093875169992829,-0.2965297792721629,-0.0854255905251372,0.0004294151768625
2012,KOR,Nickel,ore,direct_partner,-0.7515757541975743,-0.6697925753496166,0.006507572848901,0.0004019157389641
2012,AUS,Nickel,ore,direct_partner,-0.4396658208063621,-0.3978185766409232,0.154081021743841,0.0002600920278876
2012,GRC,Nickel,ore,direct_partner,-0.5785165074673424,-0.531578965865824,-0.0067856968083424,0.0001116307143944
2012,ZAF,Nickel,ore,direct_partner,-0.7722443065931137,-0.6826397627883487,0.1146564010699822,9.398966511049832e-05
2012,IND,Nickel,ore,direct_partner,-0.5356420765403702,-0.4929854734175185,0.1486058756904302,4.179278477410807e-05
2012,CHN,Nickel,ore,integrated,-0.187470029036457,-0.1721550975636607,-0.0231884343202117,0.0107357609256661
2012,FIN,Nickel,ore,integrated,-0.4738997607015293,-0.408669547287906,-0.4022937224353885,0.0013386131259473
2012,CAN,Nickel,ore,integrated,-0.5476845580318863,-0.4894118123541716,-0.0891232432188163,0.001017120698694
2012,JPN,Nickel,ore,integrated,-0.1933982125651214,-0.1796461065145715,-0.0001239913030452,0.0009862465768515
2012,MKD,Nickel,ore,integrated,-0.3382990100059779,-0.321154484598457,-0.5175152343692166,0.0004294151768625
2012,KOR,Nickel,ore,integrated,-0.669250649579046,-0.593339493994077,-0.0014034201210052,0.0004019157389641
2012,AUS,Nickel,ore,integrated,-0.3941563117824695,-0.3638520002766316,-5.473412810087444e-05,0.0002600920278876
2012,GRC,Nickel,ore,integrated,-0.6441388158394772,-0.596829710642762,-0.5789771691622936,0.0001116307143944
2012,ZAF,Nickel,ore,integrated,-0.7903270115813912,-0.7053880474731538,-0.0023424254581499,9.398966511049832e-05
2012,IND,Nickel,ore,integrated,-0.4597723833532182,-0.4537991894231632,-0.1638354436703043,4.179278477410807e-05
2013,BRA,Nickel,compound,direct_partner,-0.6226498487728337,-0.0557528781896774,0.2399613149368349,0.0001593413699624
2013,CHN,Nickel,compound,direct_partner,-0.210379332874952,-0.0609964483095461,0.3590511615538236,0.0001178997541554
2013,DEU,Nickel,compound,direct_partner,-0.1188454556240484,0.002518598815018,0.4563968878026831,0.0001005797202699
2013,KOR,Nickel,compound,direct_partner,-0.2449102149454915,-0.0020592901223638,-0.0612360769788338,9.45743991928389e-05
2013,JPN,Nickel,compound,direct_partner,-0.3361944022723081,0.0065238647544317,-0.2142465038933223,7.563532922465634e-05
2013,CAN,Nickel,compound,direct_partner,-0.424883501806573,0.0021447890684086,-0.008687618233789,6.970881041732933e-05
2013,MYS,Nickel,compound,direct_partner,-0.2209370127381471,-0.0225490454752661,0.0486871495857352,6.780611434008438e-05
2013,USA,Nickel,compound,direct_partner,-0.1638844637731975,-0.004734120189385,-0.022125269552765,5.770727778024825e-05
2013,IND,Nickel,compound,direct_partner,-0.2253034188104239,0.0082940707578835,-0.0093031169371761,4.0977387136208125e-05
2013,ITA,Nickel,compound,direct_partner,-0.3509555702273291,0.0087930394460343,0.1278404764160078,3.630611423809465e-05
2013,BRA,Nickel,compound,integrated,-0.5065856681975711,-0.047624390297293,-0.1089325838035058,0.0001593413699624
2013,CHN,Nickel,compound,integrated,-0.1411825512121027,-0.0355237402523653,-0.235470505081924,0.0001178997541554
2013,DEU,Nickel,compound,integrated,-0.069422294491792,-0.0140051100490189,-0.1286267945749762,0.0001005797202699
2013,KOR,Nickel,compound,integrated,-0.1829023717413818,-0.0075819309266632,-0.5814544912231624,9.45743991928389e-05
2013,JPN,Nickel,compound,integrated,-0.2705270218659824,-0.005228198682899,-0.6890493135092914,7.563532922465634e-05
2013,CAN,Nickel,compound,integrated,-0.3297345844034044,0.0079293491199082,-0.489425571240736,6.970881041732933e-05
2013,MYS,Nickel,compound,integrated,-0.1898015756722965,-0.0330545710185408,-0.0224662951249223,6.780611434008438e-05
2013,USA,Nickel,compound,integrated,-0.119893793812667,0.0031110913938473,-0.4483153861016278,5.770727778024825e-05
2013,IND,Nickel,compound,integrated,-0.1811941197318687,-0.0064275857152345,-0.2868664985307705,4.0977387136208125e-05
2013,ITA,Nickel,compound,integrated,-0.2706588586997131,-0.0090034072413432,-0.2904640934388005,3.630611423809465e-05
2013,NOR,Nickel,material,direct_partner,-0.519402731062788,-0.1819134930268335,-0.1206766510943001,0.005540800371221
2013,JPN,Nickel,material,direct_partner,-0.415207445394441,-0.2260635283517522,0.1889067154555327,0.0041909573504711
2013,GBR,Nickel,material,direct_partner,-0.8563225535168864,-0.3143770678532162,0.0001048604005238,0.0035974889194735
2013,CHN,Nickel,material,direct_partner,-0.2872533969360371,-0.103791454045989,0.0997162170177944,0.0035246295709879
2013,ZAF,Nickel,material,direct_partner,-0.8588818558486909,-0.2790329054563172,0.3035708893884176,0.0012330741656453
2013,KOR,Nickel,material,direct_partner,-0.3257598280285254,-0.1757395900302857,0.2230799278078901,0.0009244360727929
2013,FIN,Nickel,material,direct_partner,-0.2620449948163132,-0.0625499916321876,-0.354699660134264,0.0006831930808973
2013,FRA,Nickel,material,direct_partner,-0.8557439778091592,-0.3053963758994076,-0.4900328580869638,0.0005353623727857
2013,CAN,Nickel,material,direct_partner,-0.1904915904701536,-0.0624632591425565,-0.0295872664876651,0.0003020197783036
2013,AUS,Nickel,material,direct_partner,-0.8584520385906381,-0.3112056215746192,0.1336532939909869,0.0001859093083848
2013,ZWE,Nickel,material,direct_partner,-0.849163672329585,-0.2728345337714799,0.1873628702274075,0.0001683010882228
2013,BEL,Nickel,material,direct_partner,-0.8209096134036826,-0.267314180828588,0.9788702962279132,0.000139723108899
2013,ITA,Nickel,material,direct_partner,-0.5293108056456747,-0.293169114833994,-0.0923311714369345,6.763912450976102e-05
2013,SWE,Nickel,material,direct_partner,-0.4607687368536882,-0.0526854504146639,0.3090811748310991,4.838882619242818e-05
2013,USA,Nickel,material,direct_partner,-0.7453051525671612,-0.290592622177727,0.3505422981636359,4.589645149214134e-05
2013,IND,Nickel,material,direct_partner,-0.6952061514736546,-0.3770700107278869,0.1576191869634837,3.09204771368332e-05
2013,NOR,Nickel,material,integrated,-0.4660408833927864,-0.1760218852071595,-0.4392818867101754,0.005540800371221
2013,JPN,Nickel,material,integrated,-0.3632332629671525,-0.2089674668091738,-0.0001381313209388,0.0041909573504711
2013,GBR,Nickel,material,integrated,-0.8856121834858293,-0.3228019084622882,-0.1787910699974146,0.0035974889194735
2013,CHN,Nickel,material,integrated,-0.2223262282715177,-0.08726007285242,-0.1525634596170498,0.0035246295709879
2013,ZAF,Nickel,material,integrated,-0.7986273892775236,-0.2574260355424035,-0.000235036095224,0.0012330741656453
2013,KOR,Nickel,material,integrated,-0.263236449720772,-0.1574611467683622,-0.0016543272412149,0.0009244360727929
2013,FIN,Nickel,material,integrated,-0.2252800072187685,-0.0726890283709929,-0.6602080328698434,0.0006831930808973
2013,FRA,Nickel,material,integrated,-0.8527089115593061,-0.3266753316664285,-0.8498808711762607,0.0005353623727857
2013,CAN,Nickel,material,integrated,-0.1487072577804601,-0.0574779104014606,-0.3727945003215976,0.0003020197783036
2013,AUS,Nickel,material,integrated,-0.8181353853520373,-0.2991303061647855,-5.6868134855196087e-05,0.0001859093083848
2013,ZWE,Nickel,material,integrated,-0.7972055443875872,-0.2460429250405327,8.725252845359154e-14,0.0001683010882228
2013,BEL,Nickel,material,integrated,-0.8272757283207788,-0.2745859093862752,-0.0211297037602162,0.000139723108899
2013,ITA,Nickel,material,integrated,-0.5206921213516147,-0.2888759557306963,-0.2971923391091319,6.763912450976102e-05
2013,SWE,Nickel,material,integrated,-0.4467373504622341,-0.0650880159849792,-0.2487341451290006,4.838882619242818e-05
2013,USA,Nickel,material,integrated,-0.6590386374686026,-0.2377162090915883,-0.0105125702546087,4.589645149214134e-05
2013,IND,Nickel,material,integrated,-0.5963627862443062,-0.3374402075174743,-0.0701073706866943,3.09204771368332e-05
2013,CHN,Nickel,metal,direct_partner,-0.1790874838077547,-0.0001801906022878,-0.0094894336999318,0.0078391589072998
2013,USA,Nickel,metal,direct_partner,-0.2356319625023192,-0.004084176727072,0.3199269566959154,0.0048950931784656
2013,NLD,Nickel,metal,direct_partner,-0.1480250548503076,0.0057931782570306,0.1777068883949567,0.0043803387368032
2013,MYS,Nickel,metal,direct_partner,-0.3842659030199503,-0.0213511480444336,0.0078457419753299,0.0038932479954766
2013,SGP,Nickel,metal,direct_partner,-0.255543496961056,-0.0122113022422217,0.0001171562908909,0.0031185511480909
2013,DEU,Nickel,metal,direct_partner,-0.1496224100065908,-0.0005824808316482,0.3930376917383551,0.00308730852857
2013,IND,Nickel,metal,direct_partner,-0.1500034443390105,-0.0024371525883549,0.0381213570531696,0.0023470404854923
2013,JPN,Nickel,metal,direct_partner,-0.085252366556173,0.0135420849035089,0.2158440276646103,0.0016063790605484
2013,ITA,Nickel,metal,direct_partner,-0.2199004852562195,-0.013086322511262,0.3349899623796638,0.0013052156278208
2013,BEL,Nickel,metal,direct_partner,-0.099800439139257,0.002913525180456,0.0692810331863115,0.0009429667102579
2013,ESP,Nickel,metal,direct_partner,-0.1083476023429987,-0.0023311592469435,0.0870583503273765,0.0008807604520541
2013,KOR,Nickel,metal,direct_partner,-0.107827727668853,0.0103563513057722,0.0647063664275261,0.0008592215486549
2013,SWE,Nickel,metal,direct_partner,-0.1298511902315261,0.0031873558683107,0.3645556752582617,0.0008049705757783
2013,FRA,Nickel,metal,direct_partner,-0.0914660991472503,0.0044010204884732,0.1222322162321019,0.0007705048507978
2013,HKG,Nickel,metal,direct_partner,-0.2298236601303543,-0.0131249740689851,0.3205957198377947,0.0004468261986418
2013,GBR,Nickel,metal,direct_partner,-0.1440292122187932,-0.0026947913553722,0.4882855715252385,0.0003858509452595
2013,AUT,Nickel,metal,direct_partner,-0.1563446736323916,-0.0042430432914272,-0.0947882649563281,0.0003842580956665
2013,ARE,Nickel,metal,direct_partner,-0.3306621525334441,-0.0265903791784087,-2.582378755278114e-13,0.0002828700983358
2013,TUR,Nickel,metal,direct_partner,-0.1039699932126217,0.0010480976008077,-0.2460287806206073,0.0002229896476548
2013,FIN,Nickel,metal,direct_partner,-0.3165626987695557,-0.0119037635481797,0.2411729966733172,0.0002127083150019
2013,POL,Nickel,metal,direct_partner,-0.1387576965019231,-0.0022078349442583,0.3562381411836499,0.000168200284026
2013,UKR,Nickel,metal,direct_partner,-0.2711272778491935,0.0029676848850874,-0.28691878343182,0.0001561917791161
2013,CZE,Nickel,metal,direct_partner,-0.1598732213084482,-0.0072672990353156,0.4148688152047309,0.0001556526689548
2013,THA,Nickel,metal,direct_partner,-0.2275862045172054,-0.0135929236674911,0.4636398993134509,0.0001364847189945
2013,ZAF,Nickel,metal,direct_partner,-0.1889105078409615,0.0040054976996848,0.2834908155569612,0.0001319146339781
2013,MEX,Nickel,metal,direct_partner,-0.2921660997386189,-0.0140197680893026,0.4671155460697848,0.0001245032159046
2013,SVK,Nickel,metal,direct_partner,-0.683193235246862,-0.0108550201586365,0.3529400925217265,0.0001077103469925
2013,BRA,Nickel,metal,direct_partner,-0.1367795876877773,-0.0001369056681237,0.126035372762079,0.0001060295226642
2013,RUS,Nickel,metal,direct_partner,-0.7266627624516359,0.0025758841529336,0.193736458866877,0.0001049087343081
2013,SVN,Nickel,metal,direct_partner,-0.0993095358643224,0.0032825863258974,-0.0003801341362513,8.615076058297223e-05
2013,AUS,Nickel,metal,direct_partner,-0.5916621118627635,-0.0185775645326184,0.7056265100008737,5.903172184834123e-05
2013,ARG,Nickel,metal,direct_partner,-0.1679189712981506,0.0023261368089524,0.1952968185452718,4.000064545656563e-05
2013,IRN,Nickel,metal,direct_partner,-0.2433823977808649,-0.0105165317417067,0.4692590889279499,3.323395878440508e-05
2013,CHN,Nickel,metal,integrated,-0.111862767380116,0.0030739496083935,-0.4254440195035626,0.0078391589072998
2013,USA,Nickel,metal,integrated,-0.1203716296601858,-0.0006006434303869,-0.293485628335094,0.0048950931784656
2013,NLD,Nickel,metal,integrated,-0.047404470621155,0.0035365805678099,-0.3511904100968583,0.0043803387368032
2013,MYS,Nickel,metal,integrated,-0.4006112777753123,-0.0141490016275238,-0.1523091480281875,0.0038932479954766
2013,SGP,Nickel,metal,integrated,-0.2572726953415403,-0.0122883793072952,-0.0577866296663267,0.0031185511480909
2013,DEU,Nickel,metal,integrated,-0.0475631134237519,-0.0016399826419231,-0.0913985998289464,0.00308730852857
2013,IND,Nickel,metal,integrated,-0.1126273224965739,-0.0124753456260106,-0.296739844885226,0.0023470404854923
2013,JPN,Nickel,metal,integrated,-0.0318987505151245,0.0146040199177717,-0.3122573099780741,0.0016063790605484
2013,ITA,Nickel,metal,integrated,-0.1223187487752187,0.0015653580193931,-0.1397997132736767,0.0013052156278208
2013,BEL,Nickel,metal,integrated,-0.0286311301226549,0.0020375231664519,-0.4306631166804153,0.0009429667102579
2013,ESP,Nickel,metal,integrated,-0.0764399664558652,-0.0010077399573247,-0.1460966488029701,0.0008807604520541
2013,KOR,Nickel,metal,integrated,-0.0587450539642078,0.0107106295511094,-0.3554433935485519,0.0008592215486549
2013,SWE,Nickel,metal,integrated,-0.0301871794202489,0.0016154343061975,-0.0489056850150127,0.0008049705757783
2013,FRA,Nickel,metal,integrated,-0.0522857568357037,0.0019006630755945,-0.1471780074073907,0.0007705048507978
2013,HKG,Nickel,metal,integrated,-0.0967578569127439,-0.0046105624908511,-0.3135579558282606,0.0004468261986418
2013,GBR,Nickel,metal,integrated,-0.0436115418434178,-0.0039621901450223,-0.0254192675722703,0.0003858509452595
2013,AUT,Nickel,metal,integrated,-0.124879571104328,-0.0045544867575822,-0.234700288846293,0.0003842580956665
2013,ARE,Nickel,metal,integrated,-0.3358110509209792,-0.0276279425539089,-1.0613732115416497e-13,0.0002828700983358
2013,TUR,Nickel,metal,integrated,-0.0739993492203598,-0.0045711651516698,-0.3574871782792103,0.0002229896476548
2013,FIN,Nickel,metal,integrated,-0.2001976578147458,-0.0110537410661947,-0.0265247763584652,0.0002127083150019
2013,POL,Nickel,metal,integrated,-0.0440284745433884,-0.0034985714898032,-0.0181321500599099,0.000168200284026
2013,UKR,Nickel,metal,integrated,-0.2627375477638445,-0.0034589650660944,-0.5491389483947653,0.0001561917791161
2013,CZE,Nickel,metal,integrated,-0.0602269802386333,-0.0079561458402333,-0.0541191008687072,0.0001556526689548
2013,THA,Nickel,metal,integrated,-0.1363436098454862,0.0137502826091873,-0.3340938560992244,0.0001364847189945
2013,ZAF,Nickel,metal,integrated,-0.126370014064676,0.003274348058062,-0.3776701100488064,0.0001319146339781
2013,MEX,Nickel,metal,integrated,-0.1228819434640527,0.0003981364259068,-0.1961639152858466,0.0001245032159046
2013,SVK,Nickel,metal,integrated,-0.6270105529726364,-0.0139453828398723,1.139748485180616e-13,0.0001077103469925
2013,BRA,Nickel,metal,integrated,-0.0990305683269518,0.0011388309369787,-0.180936174642338,0.0001060295226642
2013,RUS,Nickel,metal,integrated,-0.6472179224887855,-0.0010882385879958,-0.0153469441074259,0.0001049087343081
2013,SVN,Nickel,metal,integrated,-0.0776735374874779,0.0032348565519534,-0.177794629987538,8.615076058297223e-05
2013,AUS,Nickel,metal,integrated,-0.4994990534699827,-0.0217935095522853,-0.0918304930923005,5.903172184834123e-05
2013,ARG,Nickel,metal,integrated,-0.1157523837324681,0.0102188675425788,-0.2367890377229579,4.000064545656563e-05
2013,IRN,Nickel,metal,integrated,-0.2824347376267193,-0.0038027072969778,-0.0971247019440808,3.323395878440508e-05
2013,CHN,Nickel,ore,direct_partner,-0.2424243008845647,-0.219129383778458,0.1915695645065412,0.0110558181499167
2013,JPN,Nickel,ore,direct_partner,-0.2459560544888206,-0.2245647671760817,0.2141191950400612,0.00094860613689
2013,FIN,Nickel,ore,direct_partner,-0.5296080356330463,-0.464672799959501,-0.1362633137395036,0.0009407975510602
2013,CAN,Nickel,ore,direct_partner,-0.3419740875650765,-0.3013613960885228,-0.3656137736180807,0.0004989250143549
2013,KOR,Nickel,ore,direct_partner,-0.6488293326374945,-0.5772442314418624,-0.0042842213951021,0.000438815027221
2013,MKD,Nickel,ore,direct_partner,-0.2826766854165822,-0.2554679619506703,0.2921001718695374,0.0002993722210742
2013,AUS,Nickel,ore,direct_partner,-0.4065108601774659,-0.3671839484068879,0.1568271561260451,0.0001976535443718
2013,GRC,Nickel,ore,direct_partner,-0.3530600848378262,-0.323075691560286,0.2483566476493524,0.0001427347770385
2013,BRA,Nickel,ore,direct_partner,-0.7210051244521427,-0.6448920384068311,0.6184785370008621,0.000127893230261
2013,IND,Nickel,ore,direct_partner,-0.6615998899224759,-0.59390104001253,0.3217333786309798,6.598511015904653e-05
2013,ZAF,Nickel,ore,direct_partner,-0.5665084163166276,-0.4959268810946041,-0.025168135412003,5.149867268574305e-05
2013,GBR,Nickel,ore,direct_partner,-0.312922136901006,-0.0309832253026881,0.871180928090345,3.942704562599631e-05
2013,CHN,Nickel,ore,integrated,-0.1604789414465172,-0.1473823859299459,-0.0368905172972037,0.0110558181499167
2013,JPN,Nickel,ore,integrated,-0.1769316591657697,-0.1667661974687526,7.139153919066185e-15,0.00094860613689
2013,FIN,Nickel,ore,integrated,-0.6242735313918051,-0.5409857607354577,-0.3406039530238874,0.0009407975510602
2013,CAN,Nickel,ore,integrated,-0.3804056202316576,-0.3193998270493517,-0.3483165577061873,0.0004989250143549
2013,KOR,Nickel,ore,integrated,-0.5747867298629803,-0.5089701308017113,-0.0042842214135183,0.000438815027221
2013,MKD,Nickel,ore,integrated,-0.3060539318128357,-0.2823605655085598,-0.2024876703840043,0.0002993722210742
2013,AUS,Nickel,ore,integrated,-0.3836825869930985,-0.3499603632893593,-1.9715297986134174e-07,0.0001976535443718
2013,GRC,Nickel,ore,integrated,-0.3987390476886322,-0.3709856041776992,-0.3106700335024351,0.0001427347770385
2013,BRA,Nickel,ore,integrated,-0.5271156934005858,-0.4663452924989882,7.309725802235638e-14,0.000127893230261
2013,IND,Nickel,ore,integrated,-0.688958339857655,-0.6496557385649525,-0.008928363759951,6.598511015904653e-05
2013,ZAF,Nickel,ore,integrated,-0.6247835986689432,-0.5563386737220106,-0.1021054607518704,5.149867268574305e-05
2013,GBR,Nickel,ore,integrated,-0.3189972163949426,-0.045741683000637,-0.0029016636628587,3.942704562599631e-05
2014,AUS,Nickel,compound,direct_partner,-0.6721518689372276,-0.0818157022402546,0.4373769538254251,0.0003215498260722
2014,BRA,Nickel,compound,direct_partner,-0.709753583883046,-0.1012371584619089,0.2921066524768528,0.0001304866724113
2014,CHN,Nickel,compound,direct_partner,-0.2107922799060851,-0.0439775369743771,0.4097195185458597,0.0001290838790879
2014,KOR,Nickel,compound,direct_partner,-0.2634497727846419,-0.0209210598883466,-0.1871318048914361,0.000126775092433
2014,CAN,Nickel,compound,direct_partner,-0.2446613719391787,-0.0037868142843482,-0.174567281626334,0.0001177302464429
2014,DEU,Nickel,compound,direct_partner,-0.1314192767356159,-0.003206678433509,0.4676545140810042,7.66488347563788e-05
2014,JPN,Nickel,compound,direct_partner,-0.5638351985002868,-0.0482834979824381,-0.4968327480831819,7.217354803343392e-05
2014,BEL,Nickel,compound,direct_partner,-0.2053569076640214,-0.0018469019440462,0.54114396884725,7.028188821383993e-05
2014,MYS,Nickel,compound,direct_partner,-0.1997237003339507,-0.012973208062588,0.1346973903122666,6.16340552077396e-05
2014,USA,Nickel,compound,direct_partner,-0.1749520833785904,-0.0259697550533425,-0.0621878121139437,4.7871683672642346e-05
2014,ITA,Nickel,compound,direct_partner,-0.2839076335945043,-0.0120073931089836,0.1027172685252669,3.393335014636984e-05
2014,HKG,Nickel,compound,direct_partner,-0.2929648407543671,-0.0550756252996183,0.309496964452817,3.332752590365206e-05
2014,IND,Nickel,compound,direct_partner,-0.1792241581759698,-0.0159740314831397,-0.0789386301033527,2.7193095584787727e-05
2014,AUS,Nickel,compound,integrated,-0.5610824460307764,-0.0590844823223886,-0.0062391529130769,0.0003215498260722
2014,BRA,Nickel,compound,integrated,-0.5522851012989501,-0.0574466478837795,-0.0832276847738363,0.0001304866724113
2014,CHN,Nickel,compound,integrated,-0.1448866955794832,-0.0253993122907955,-0.1135257268110625,0.0001290838790879
2014,KOR,Nickel,compound,integrated,-0.2133701480273914,-0.015008590074369,-0.6004404092706872,0.000126775092433
2014,CAN,Nickel,compound,integrated,-0.2074818739012426,0.0028502475996419,-0.4614903168338782,0.0001177302464429
2014,DEU,Nickel,compound,integrated,-0.0789623308445572,-0.0051117904641487,-0.1278546076678738,7.66488347563788e-05
2014,JPN,Nickel,compound,integrated,-0.5138650649042132,-0.0409429771865665,-0.7529134114062086,7.217354803343392e-05
2014,BEL,Nickel,compound,integrated,-0.1447811569876275,-0.0048592212390286,-0.0760077593703356,7.028188821383993e-05
2014,MYS,Nickel,compound,integrated,-0.1565254466134236,-0.0134331858475851,-0.0415442563397451,6.16340552077396e-05
2014,USA,Nickel,compound,integrated,-0.1392277276723216,-0.014810969758199,-0.3925289108290324,4.7871683672642346e-05
2014,ITA,Nickel,compound,integrated,-0.2051633979781429,-0.0135086525256387,-0.3812842962741462,3.393335014636984e-05
2014,HKG,Nickel,compound,integrated,-0.2183535839062022,-0.0350658942966687,-0.1718291014675642,3.332752590365206e-05
2014,IND,Nickel,compound,integrated,-0.1527561362289609,-0.0136919587735733,-0.2726487732862181,2.7193095584787727e-05
2014,NOR,Nickel,material,direct_partner,-0.6274242887062498,-0.2426757820135556,-0.1532316645498367,0.0047738450642434
2014,JPN,Nickel,material,direct_partner,-0.360614853131542,-0.165959235932087,0.17998737531931,0.0045473752589121
2014,GBR,Nickel,material,direct_partner,-0.8530760894261372,-0.3313114505034162,0.0002370262848627,0.0036953979524829
2014,CHN,Nickel,material,direct_partner,-0.2327645345740991,-0.0881448848820954,0.167133406433324,0.002887693971807
2014,CAN,Nickel,material,direct_partner,-0.3466850848693109,-0.117973655230607,-0.3955036678823735,0.0009758367682019
2014,KOR,Nickel,material,direct_partner,-0.3132715428340331,-0.1355646660318675,0.1977467246875704,0.000463703440957
2014,FIN,Nickel,material,direct_partner,-0.2658347136762385,-0.0835914604389871,-0.2948351612349487,0.0004579110080696
2014,AUS,Nickel,material,direct_partner,-0.575011466887297,-0.2183148681004816,0.1001139476565008,0.0003669793716899
2014,FRA,Nickel,material,direct_partner,-0.8623668742272,-0.3278407062833752,-0.4364878139335292,0.0003216745391787
2014,ZWE,Nickel,material,direct_partner,-0.8683627529791155,-0.2920546176943152,0.1750185197852071,0.0001167788775435
2014,USA,Nickel,material,direct_partner,-0.3219102539042136,-0.1392121958803944,0.4208743848724505,6.715146196586452e-05
2014,IND,Nickel,material,direct_partner,-0.2983301261841388,-0.1184209921822312,-0.1425568919381615,2.84075761707004e-05
2014,ZAF,Nickel,material,direct_partner,-0.4149174102808382,-0.1318550911485806,0.3218275483426423,2.711735174167187e-05
2014,NOR,Nickel,material,integrated,-0.5738311110473256,-0.2264240708391751,-0.49161496363785,0.0047738450642434
2014,JPN,Nickel,material,integrated,-0.3210483026975498,-0.1482346387898808,-0.0005746941059889,0.0045473752589121
2014,GBR,Nickel,material,integrated,-0.8824142168778248,-0.3393937396073541,-0.2005087284879395,0.0036953979524829
2014,CHN,Nickel,material,integrated,-0.1748567858992811,-0.0654287885759576,-0.0912874660102283,0.002887693971807
2014,CAN,Nickel,material,integrated,-0.3159398559430423,-0.1005377943284173,-0.6089667337805159,0.0009758367682019
2014,KOR,Nickel,material,integrated,-0.2569339963637193,-0.1108129668192128,-0.0037442122297835,0.000463703440957
2014,FIN,Nickel,material,integrated,-0.2535864063002698,-0.087679056028441,-0.582803974544503,0.0004579110080696
2014,AUS,Nickel,material,integrated,-0.5432879393297474,-0.2058819667338885,-2.4165017581984988e-05,0.0003669793716899
2014,FRA,Nickel,material,integrated,-0.8607310839968895,-0.3396179815491918,-0.8258323790997357,0.0003216745391787
2014,ZWE,Nickel,material,integrated,-0.8202095643445545,-0.2705810892625896,6.352030763234765e-13,0.0001167788775435
2014,USA,Nickel,material,integrated,-0.2440157379978094,-0.0940141408549957,-0.0102273733837752,6.715146196586452e-05
2014,IND,Nickel,material,integrated,-0.2623863332010264,-0.1133476323387907,-0.3344822030962824,2.84075761707004e-05
2014,ZAF,Nickel,material,integrated,-0.3560411176319853,-0.1097081621490829,-0.0134618319430801,2.711735174167187e-05
2014,MYS,Nickel,metal,direct_partner,-0.2092555111864032,-0.0151294996642139,-0.0201758882270218,0.0063364077449263
2014,USA,Nickel,metal,direct_partner,-0.1560509407894605,-0.003299839760423,0.1517424145119926,0.0055017775212032
2014,CHN,Nickel,metal,direct_partner,-0.2657130809927617,-0.0105916524351127,-0.0733994509724945,0.0054889529002174
2014,SGP,Nickel,metal,direct_partner,-0.2546858508976508,-0.014989782885793,-0.0054182278418273,0.0046344605026838
2014,NLD,Nickel,metal,direct_partner,-0.1351789939223281,0.0013531703025121,0.1598332464646408,0.0044988318407641
2014,IND,Nickel,metal,direct_partner,-0.0989924657475314,-0.0057739171451959,-0.2046059766862892,0.0025960315189307
2014,DEU,Nickel,metal,direct_partner,-0.1633650042700569,-0.0060791843067364,0.4041494768710666,0.0025710166080874
2014,JPN,Nickel,metal,direct_partner,-0.0936082132495781,0.0032339985350739,0.1815102843270737,0.0015794118945823
2014,ITA,Nickel,metal,direct_partner,-0.3425516115959234,-0.0094475395922146,0.4939037659588562,0.0013306189440464
2014,ESP,Nickel,metal,direct_partner,-0.0907890604800215,-0.0023405573243415,0.0378062367771646,0.0009292450880961
2014,FRA,Nickel,metal,direct_partner,-0.1422916209545361,0.0015800614446429,0.2574870965667327,0.0008412791849965
2014,KOR,Nickel,metal,direct_partner,-0.1295918319932555,0.0014169594366188,-0.0600152742055121,0.000825584920776
2014,BEL,Nickel,metal,direct_partner,-0.1071586305850707,0.000842925818179,0.1128808206334046,0.0008209472904119
2014,SWE,Nickel,metal,direct_partner,-0.1214141583922431,0.0048318879587201,0.2255000226319835,0.0007820529521833
2014,ARE,Nickel,metal,direct_partner,-0.5378685080721033,-0.0210047803059893,-7.946481284104578e-08,0.0004597071303229
2014,GBR,Nickel,metal,direct_partner,-0.1277411131840521,-0.0010718409482391,0.3641699196449725,0.0004337770715189
2014,HKG,Nickel,metal,direct_partner,-0.2838700354170222,-0.006979222403436,0.4745423158786417,0.0003535792560114
2014,AUT,Nickel,metal,direct_partner,-0.1497362615781567,-0.0052662292196446,-0.1368949325841411,0.0003182686582429
2014,CZE,Nickel,metal,direct_partner,-0.1100858986888184,-0.0009359151480606,0.3427933381505808,0.0002234038977917
2014,TUR,Nickel,metal,direct_partner,-0.0855632712164958,-0.0012960384019207,-0.2659133519366747,0.0002040529710417
2014,POL,Nickel,metal,direct_partner,-0.1389596758829584,-0.0052486377782006,0.3659232878275733,0.0001401581174049
2014,MEX,Nickel,metal,direct_partner,-0.3805577337421347,-0.0031830680463041,0.3389364214122324,0.0001378064800629
2014,UKR,Nickel,metal,direct_partner,-0.245144244762121,-0.0006100185250405,-0.2951516025881632,0.0001190952543309
2014,ZAF,Nickel,metal,direct_partner,-0.1435732073277729,0.0035952176384856,0.4025769186130828,0.0001003455099671
2014,THA,Nickel,metal,direct_partner,-0.1352801825020038,-0.0067495310249811,0.2212947481365232,9.257083909677984e-05
2014,SVK,Nickel,metal,direct_partner,-0.3902977460731396,-0.012263302813968,0.4406467422248515,8.893282660732201e-05
2014,RUS,Nickel,metal,direct_partner,-0.5236290774413179,-0.0002263717509674,0.1825593355381327,8.866196214254715e-05
2014,CAN,Nickel,metal,direct_partner,-0.2848678332722844,-0.0026772737066274,-0.2709575857603991,6.694329096324671e-05
2014,SVN,Nickel,metal,direct_partner,-0.1032512524143469,-0.0017419070630007,0.0187547559266977,5.807199309561658e-05
2014,BRA,Nickel,metal,direct_partner,-0.1830376497685394,0.002974404811855,0.0686637094641862,5.780995538702336e-05
2014,AUS,Nickel,metal,direct_partner,-0.6202995509118058,-0.0178692469249569,0.6551934395035282,5.331188277637472e-05
2014,IDN,Nickel,metal,direct_partner,-0.1313299614061217,-0.0117941105298995,0.2907410259316041,3.195995182795547e-05
2014,VNM,Nickel,metal,direct_partner,-0.1170138876831545,-0.0069566437120012,0.2492054801846343,2.7421393347040544e-05
2014,MYS,Nickel,metal,integrated,-0.1939396137215745,-0.0152927217618685,-0.1313296523593604,0.0063364077449263
2014,USA,Nickel,metal,integrated,-0.0837065135055158,0.0002609472815913,-0.3055702639830593,0.0055017775212032
2014,CHN,Nickel,metal,integrated,-0.1818019274831645,-0.0049534303627027,-0.5639195678255879,0.0054889529002174
2014,SGP,Nickel,metal,integrated,-0.2451629632676583,-0.0147674638976626,-0.1436444855229669,0.0046344605026838
2014,NLD,Nickel,metal,integrated,-0.0372226559643885,0.0003829664708004,-0.4130155958361448,0.0044988318407641
2014,IND,Nickel,metal,integrated,-0.071493216005016,-0.0086886103667912,-0.4361271082583501,0.0025960315189307
2014,DEU,Nickel,metal,integrated,-0.0490282535566326,-0.006586423879824,-0.1240340690291236,0.0025710166080874
2014,JPN,Nickel,metal,integrated,-0.0339493849670968,0.0063798891001881,-0.3838967631805921,0.0015794118945823
2014,ITA,Nickel,metal,integrated,-0.2055770968111271,-0.0025682645721419,-0.0822509206254981,0.0013306189440464
2014,ESP,Nickel,metal,integrated,-0.0658136296990362,-0.0021853489688516,-0.1027723932001082,0.0009292450880961
2014,FRA,Nickel,metal,integrated,-0.0565349234544839,0.0018604494126507,-0.1158512864997226,0.0008412791849965
2014,KOR,Nickel,metal,integrated,-0.0766047737125384,0.0043210379742718,-0.4979565206868224,0.000825584920776
2014,BEL,Nickel,metal,integrated,-0.0236026440576881,0.0006685651891948,-0.4262319135570255,0.0008209472904119
2014,SWE,Nickel,metal,integrated,-0.0207204396597059,0.0047936167926678,-0.2269649879962172,0.0007820529521833
2014,ARE,Nickel,metal,integrated,-0.53957046540916,-0.022677785454848,-7.946517621704174e-08,0.0004597071303229
2014,GBR,Nickel,metal,integrated,-0.0251305576679415,-0.0015660932797676,-0.1918260631395406,0.0004337770715189
2014,HKG,Nickel,metal,integrated,-0.1603987625492468,0.0010985147389076,-0.1190353301840895,0.0003535792560114
2014,AUT,Nickel,metal,integrated,-0.1258612190684406,-0.0058435522663663,-0.2120102146338434,0.0003182686582429
2014,CZE,Nickel,metal,integrated,-0.0245750912999487,-0.0009506707298416,-0.191704636347142,0.0002234038977917
2014,TUR,Nickel,metal,integrated,-0.0566225885715898,-0.0028914243745117,-0.3240286984296817,0.0002040529710417
2014,POL,Nickel,metal,integrated,-0.0326081658073234,-0.0056352267486559,-0.0572726263976832,0.0001401581174049
2014,MEX,Nickel,metal,integrated,-0.2181167606735385,0.0074809743260424,-0.2373472593902225,0.0001378064800629
2014,UKR,Nickel,metal,integrated,-0.2408774188504738,-0.003596695964555,-0.4670731073492586,0.0001190952543309
2014,ZAF,Nickel,metal,integrated,-0.075063094280725,0.0064199266130714,-0.2101559753675579,0.0001003455099671
2014,THA,Nickel,metal,integrated,-0.0705468455380056,-0.0010598534358666,-0.4138020095700043,9.257083909677984e-05
2014,SVK,Nickel,metal,integrated,-0.3018210515430221,-0.0150824756424805,1.3049588687473982e-12,8.893282660732201e-05
2014,RUS,Nickel,metal,integrated,-0.4012751281323071,-0.0048590362185077,-0.1317390277927122,8.866196214254715e-05
2014,CAN,Nickel,metal,integrated,-0.2737289584349833,-0.0020727519054849,-0.5866225498233939,6.694329096324671e-05
2014,SVN,Nickel,metal,integrated,-0.0832700206228338,-0.0017135377059811,-0.1261140773019411,5.807199309561658e-05
2014,BRA,Nickel,metal,integrated,-0.1455443713097203,0.0066541137881246,-0.1974675273572103,5.780995538702336e-05
2014,AUS,Nickel,metal,integrated,-0.5558602313232015,-0.0177258249776937,-0.034616940202812,5.331188277637472e-05
2014,IDN,Nickel,metal,integrated,-0.0701825367115963,-0.0107261995490448,-0.1767666747484577,3.195995182795547e-05
2014,VNM,Nickel,metal,integrated,-0.0491723231954089,-0.0020721800890184,-0.3336277909754842,2.7421393347040544e-05
2014,CHN,Nickel,ore,direct_partner,-0.3680832927399372,-0.3323212048419171,0.0903176435525757,0.011270254956354
2014,FIN,Nickel,ore,direct_partner,-0.4475128149693518,-0.3933277804788629,-0.0558557869434109,0.0013052633756624
2014,JPN,Nickel,ore,direct_partner,-0.3346789665410458,-0.2956817543085348,0.2111419203070345,0.001008939747521
2014,KOR,Nickel,ore,direct_partner,-0.7175051863449133,-0.6451461464738492,0.0212252969571353,0.0003439402652887
2014,MKD,Nickel,ore,direct_partner,-0.3914590984541887,-0.3426766177307845,0.1074012655523803,0.0002794896745389
2014,CAN,Nickel,ore,direct_partner,-0.4745607835362637,-0.4172269657569766,-0.5990255746823367,0.0002286591171039
2014,UKR,Nickel,ore,direct_partner,-0.5358733582820829,-0.4765916124881703,0.0450140028829622,0.0001855947961981
2014,AUS,Nickel,ore,direct_partner,-0.7464138112772842,-0.6706563834504482,0.0749414912018585,0.000169826081555
2014,GRC,Nickel,ore,direct_partner,-0.6910208820952548,-0.6144065241856855,0.0026961296665484,0.00012744719867
2014,CHE,Nickel,ore,direct_partner,-0.7441846313473626,-0.669395142283654,-0.0187736308392817,9.4895815452728e-05
2014,IND,Nickel,ore,direct_partner,-0.4003321880379208,-0.361258348580461,-0.0830550779729734,9.108170672485262e-05
2014,ZAF,Nickel,ore,direct_partner,-0.6273139148523253,-0.5549309436276639,0.0090579980522698,4.66244932298062e-05
2014,CHN,Nickel,ore,integrated,-0.3050318906804495,-0.2757459655291983,-0.079977156347757,0.011270254956354
2014,FIN,Nickel,ore,integrated,-0.5135065448070871,-0.4464604525537104,-0.2185811019202266,0.0013052633756624
2014,JPN,Nickel,ore,integrated,-0.2679750589346054,-0.2468135520609546,-0.0001017200831968,0.001008939747521
2014,KOR,Nickel,ore,integrated,-0.6588535678395411,-0.591176204230665,-0.0023484887397344,0.0003439402652887
2014,MKD,Nickel,ore,integrated,-0.4111122658788859,-0.3672844297838219,-0.4109641415426575,0.0002794896745389
2014,CAN,Nickel,ore,integrated,-0.5029850928267535,-0.4386409195335033,-0.5580896538111981,0.0002286591171039
2014,UKR,Nickel,ore,integrated,-0.5729483651586416,-0.5180160847945605,-0.6685895290761258,0.0001855947961981
2014,AUS,Nickel,ore,integrated,-0.7880341312378136,-0.7171553128333926,-2.4475045584463704e-06,0.000169826081555
2014,GRC,Nickel,ore,integrated,-0.7874752709309161,-0.7070232680601694,-0.6661900481901593,0.00012744719867
2014,CHE,Nickel,ore,integrated,-0.8503133290853486,-0.7706463052972521,-0.7005260367258206,9.4895815452728e-05
2014,IND,Nickel,ore,integrated,-0.3741888915239698,-0.365885839075635,-0.2956989067610332,9.108170672485262e-05
2014,ZAF,Nickel,ore,integrated,-0.6936069506404059,-0.6188469249076255,-0.0766207090728865,4.66244932298062e-05
2015,KOR,Nickel,compound,direct_partner,-0.2109772487967212,-0.014534626309159,-0.1748989618489874,0.0001482016143997
2015,BRA,Nickel,compound,direct_partner,-0.7083570900706263,-0.0977288148543738,0.3587969607263627,0.0001421459794841
2015,CHN,Nickel,compound,direct_partner,-0.2706121351719665,-0.0907130933216026,0.4985495512473923,0.0001285599533405
2015,JPN,Nickel,compound,direct_partner,-0.3936307596519679,-0.0181798906791617,-0.3305511147193722,0.0001283143701881
2015,CAN,Nickel,compound,direct_partner,-0.2080749149574285,-0.0071234244562961,-0.0455158975439902,8.432317522209299e-05
2015,DEU,Nickel,compound,direct_partner,-0.1495754836883269,-0.0070861336025116,0.4865789387048413,8.010141541836645e-05
2015,BEL,Nickel,compound,direct_partner,-0.1738341455059228,-0.0065817603368128,0.4973693723607676,7.556643036445962e-05
2015,MYS,Nickel,compound,direct_partner,-0.2408432687579518,-0.0098868040368961,0.1577362258311163,5.531302592415772e-05
2015,USA,Nickel,compound,direct_partner,-0.1530814442360214,-0.0242200523504451,-0.1088843399350705,5.211793606438194e-05
2015,ITA,Nickel,compound,direct_partner,-0.3317866437871064,-0.0067710912087002,0.0601278386561255,4.626452329925053e-05
2015,AUS,Nickel,compound,direct_partner,-0.8104650567773224,-0.0763907799723376,0.4435367734438028,3.988744418806583e-05
2015,HKG,Nickel,compound,direct_partner,-0.3864505696121867,-0.1225472157788935,0.4425728177011298,2.9645002175839185e-05
2015,KOR,Nickel,compound,integrated,-0.1532366323719338,-0.0124977818890127,-0.6722632122043382,0.0001482016143997
2015,BRA,Nickel,compound,integrated,-0.5688532832240211,-0.0564546015332892,-0.0676716630644085,0.0001421459794841
2015,CHN,Nickel,compound,integrated,-0.1950438203991037,-0.07337147923221,-0.0556768546138574,0.0001285599533405
2015,JPN,Nickel,compound,integrated,-0.3181676968149324,-0.0161728322342785,-0.806715328018866,0.0001283143701881
2015,CAN,Nickel,compound,integrated,-0.1740912985134415,-0.0060137628747203,-0.3869563358044874,8.432317522209299e-05
2015,DEU,Nickel,compound,integrated,-0.0908439430300934,-0.0108119144366483,-0.1131556988255464,8.010141541836645e-05
2015,BEL,Nickel,compound,integrated,-0.1109140764021985,-0.0116163628024978,-0.1171505297216286,7.556643036445962e-05
2015,MYS,Nickel,compound,integrated,-0.1949921824149358,-0.0184555800497354,-0.0537716159795578,5.531302592415772e-05
2015,USA,Nickel,compound,integrated,-0.1288419368754053,-0.0189517956469092,-0.4293197353833901,5.211793606438194e-05
2015,ITA,Nickel,compound,integrated,-0.2425870049665444,-0.0088701461340156,-0.390196064702042,4.626452329925053e-05
2015,AUS,Nickel,compound,integrated,-0.7284517482475605,-0.0717573809006525,-0.0498975703716372,3.988744418806583e-05
2015,HKG,Nickel,compound,integrated,-0.292880617955932,-0.1085292068445912,-0.0912127926569251,2.9645002175839185e-05
2015,GBR,Nickel,material,direct_partner,-0.8520600018600734,-0.3401429303661912,0.0007905241582987,0.0045170520251967
2015,NOR,Nickel,material,direct_partner,-0.5166826271869189,-0.206619698227569,-0.1074036201234169,0.0040322985096667
2015,JPN,Nickel,material,direct_partner,-0.3781224643743831,-0.1671946071534657,0.2022582941420025,0.0039854440566236
2015,CHN,Nickel,material,direct_partner,-0.1382942683694999,-0.0451471280247299,0.2233081125410133,0.0026654739824919
2015,FIN,Nickel,material,direct_partner,-0.2644860711874728,-0.0899440427715651,-0.3001108654396015,0.0005799762341912
2015,CAN,Nickel,material,direct_partner,-0.4236210127344517,-0.1760015012407376,0.0851378778748769,0.0004306915562847
2015,KOR,Nickel,material,direct_partner,-0.2272754413974377,-0.0974938796636482,0.2463809778813595,0.0003594967794056
2015,FRA,Nickel,material,direct_partner,-0.826088239757043,-0.3243582924237657,-0.4373487343827985,0.0002660373795536
2015,AUS,Nickel,material,direct_partner,-0.8786666656252357,-0.3471024126447599,0.1367496526009084,0.0002203801735943
2015,ZAF,Nickel,material,direct_partner,-0.8259167434327369,-0.3218956636751393,0.251666361361423,6.757997938527806e-05
2015,USA,Nickel,material,direct_partner,-0.8235220023351983,-0.331156276222339,0.3651307446219254,5.760001699660385e-05
2015,ITA,Nickel,material,direct_partner,-0.7415828916375375,-0.2836542758534353,-0.1656306674080683,4.196396457880253e-05
2015,GBR,Nickel,material,integrated,-0.8689866331192696,-0.3434134944778768,-0.1617797144167099,0.0045170520251967
2015,NOR,Nickel,material,integrated,-0.4623550640294853,-0.1881494007792764,-0.442374134358042,0.0040322985096667
2015,JPN,Nickel,material,integrated,-0.3322788671810308,-0.1474439598996229,-0.0045812850210403,0.0039854440566236
2015,CHN,Nickel,material,integrated,-0.0815692441625228,-0.0283932391140609,-0.0978112748432777,0.0026654739824919
2015,FIN,Nickel,material,integrated,-0.2494063804169012,-0.0868310216984527,-0.5613942300825113,0.0005799762341912
2015,CAN,Nickel,material,integrated,-0.3229559495960904,-0.1243173663137071,-0.2851525284756077,0.0004306915562847
2015,KOR,Nickel,material,integrated,-0.1767816250375682,-0.0778743831194189,-0.0015991390712986,0.0003594967794056
2015,FRA,Nickel,material,integrated,-0.8019380839616942,-0.3225007892088052,-0.7731467183347469,0.0002660373795536
2015,AUS,Nickel,material,integrated,-0.8527497683827308,-0.3349065917662535,-1.1639395138161305e-05,0.0002203801735943
2015,ZAF,Nickel,material,integrated,-0.7834601713715609,-0.3058896869230048,-0.002399526765073,6.757997938527806e-05
2015,USA,Nickel,material,integrated,-0.7512778181400084,-0.2882679677645532,-0.0242632551037474,5.760001699660385e-05
2015,ITA,Nickel,material,integrated,-0.7445209617758148,-0.2860593908400879,-0.5094120984063312,4.196396457880253e-05
2015,CHN,Nickel,metal,direct_partner,-0.2384390920333896,-0.0103772621651522,-0.1190710330835146,0.0126679821276325
2015,NLD,Nickel,metal,direct_partner,-0.2419106480386645,-0.0056663559688132,0.4392232755418971,0.0071902322482526
2015,MYS,Nickel,metal,direct_partner,-0.1576484495757318,-0.008035829976863,0.0330011690943078,0.0057620462022589
2015,USA,Nickel,metal,direct_partner,-0.1858749837484334,-0.0023117654488393,0.13044925762995,0.0041935732176055
2015,SGP,Nickel,metal,direct_partner,-0.1856949467653509,-0.0076000651888216,0.1547286126953866,0.0028757546580427
2015,IND,Nickel,metal,direct_partner,-0.120018118881493,-0.0041650892379042,-0.2046312415150025,0.0028403114946512
2015,DEU,Nickel,metal,direct_partner,-0.1054393193599059,-0.005925198383118,0.411583641915516,0.0018249834615658
2015,JPN,Nickel,metal,direct_partner,-0.1077810554765666,0.0006721119865191,0.1419814625692744,0.0012430064940624
2015,ITA,Nickel,metal,direct_partner,-0.3237462903297443,-0.0121995622773241,0.3204594777069782,0.0012131394324327
2015,FRA,Nickel,metal,direct_partner,-0.174761489345665,0.0033099993569003,0.2467048730396743,0.0010218427129632
2015,BEL,Nickel,metal,direct_partner,-0.146927717998875,-0.0062623382905474,0.2617973604200462,0.0009549761871475
2015,KOR,Nickel,metal,direct_partner,-0.1299837755209378,-0.0008513982375035,-0.1397089500377851,0.0009470678694037
2015,ESP,Nickel,metal,direct_partner,-0.1061520779942085,-0.0044218330628197,0.0912229658842513,0.0006951126704704
2015,SWE,Nickel,metal,direct_partner,-0.1159791947687718,0.0041051090825199,0.2117983899604369,0.0006133704304813
2015,HKG,Nickel,metal,direct_partner,-0.5878412174433756,-0.0167653624747804,0.5663376657869772,0.0005211809937819
2015,GBR,Nickel,metal,direct_partner,-0.0986343270470651,-0.0024705139907822,0.3750200076966498,0.0003931389434665
2015,ARE,Nickel,metal,direct_partner,-0.1784845202606107,-0.0057344531305706,-2.277067423506196e-13,0.0002340231938931
2015,AUT,Nickel,metal,direct_partner,-0.1198389468067322,-0.0085585373296897,-0.0197648158637562,0.0002289696726772
2015,TUR,Nickel,metal,direct_partner,-0.0875950258583113,-0.0047377934832468,-0.2933145352509413,0.0002044571740662
2015,CZE,Nickel,metal,direct_partner,-0.1335526278093972,-0.0050924455222076,0.4294638333271414,0.000169989630258
2015,MEX,Nickel,metal,direct_partner,-0.2782382309305804,-0.0093873389116391,0.2330690411770737,0.0001428275217704
2015,UKR,Nickel,metal,direct_partner,-0.2877434899306177,-0.0060657550679815,-0.4294840171123241,0.0001422262162724
2015,THA,Nickel,metal,direct_partner,-0.1802239411444281,-0.0125324911311959,0.3388698328462099,0.0001098164265589
2015,SVN,Nickel,metal,direct_partner,-0.1640508299439948,-0.0034673836250316,-0.0641249239846701,0.0001054167257006
2015,POL,Nickel,metal,direct_partner,-0.0839328075107737,-0.0060818772804946,0.3387918430515587,9.884164929637532e-05
2015,LUX,Nickel,metal,direct_partner,-0.3589161243430481,-0.0176944849406822,0.1361881846267207,7.564817898907219e-05
2015,CHE,Nickel,metal,direct_partner,-0.3590469851252224,-0.0158801856599418,-0.2855760820146146,6.7059963931439e-05
2015,BRA,Nickel,metal,direct_partner,-0.1252470139807164,0.0035789124917992,-0.0442294551764546,5.672522298533238e-05
2015,AUS,Nickel,metal,direct_partner,-0.6212050078089801,-0.0204167528015358,0.4501872316411176,5.527190752870098e-05
2015,IRN,Nickel,metal,direct_partner,-0.232298848103757,-0.0020231964894848,0.1563205129190168,4.824740747630106e-05
2015,CAN,Nickel,metal,direct_partner,-0.2406967179677194,-0.0050638799873278,-0.379092916385479,4.059858414517915e-05
2015,EST,Nickel,metal,direct_partner,-0.677052583856569,-0.0198556144895377,0.4217556697832336,4.0402385670958816e-05
2015,VNM,Nickel,metal,direct_partner,-0.1317978267343867,-0.0101853180638023,0.507982935354311,3.3176125007091574e-05
2015,PAK,Nickel,metal,direct_partner,-0.1509859410288567,-0.0091598726085769,-0.1648317489247412,3.020640229766276e-05
2015,CHN,Nickel,metal,integrated,-0.1887514177890157,-0.008052109057602,-0.507284884520282,0.0126679821276325
2015,NLD,Nickel,metal,integrated,-0.1164562971037767,-0.0057440485595092,-0.1985338213670939,0.0071902322482526
2015,MYS,Nickel,metal,integrated,-0.1112080165817194,-0.0096076478353546,-0.0973895057979148,0.0057620462022589
2015,USA,Nickel,metal,integrated,-0.1044498588730651,-0.0013239216357079,-0.2747033524058871,0.0041935732176055
2015,SGP,Nickel,metal,integrated,-0.1314696202308991,-0.0080770319577506,-0.0293504979045948,0.0028757546580427
2015,IND,Nickel,metal,integrated,-0.0935960119972034,-0.0081847022371696,-0.3902913115038521,0.0028403114946512
2015,DEU,Nickel,metal,integrated,-0.0418982432000987,-0.0044130897049081,-0.1635150672686204,0.0018249834615658
2015,JPN,Nickel,metal,integrated,-0.0559829398353396,0.0022273755164136,-0.4019382640584806,0.0012430064940624
2015,ITA,Nickel,metal,integrated,-0.2104115479378571,-0.0020556271654251,-0.1239358447241552,0.0012131394324327
2015,FRA,Nickel,metal,integrated,-0.1121653661586584,0.0043870727265167,-0.1517347943658187,0.0010218427129632
2015,BEL,Nickel,metal,integrated,-0.0601792361128757,-0.0052294643697788,-0.3222004290494935,0.0009549761871475
2015,KOR,Nickel,metal,integrated,-0.089777171360928,-8.405151163001778e-05,-0.4977837751140412,0.0009470678694037
2015,ESP,Nickel,metal,integrated,-0.0863961623108705,-0.0019009522988436,-0.1269393921995055,0.0006951126704704
2015,SWE,Nickel,metal,integrated,-0.0482794844738641,0.0047574579183467,-0.2622948219036902,0.0006133704304813
2015,HKG,Nickel,metal,integrated,-0.3737470206029349,-0.0106897141193566,-0.075057513965244,0.0005211809937819
2015,GBR,Nickel,metal,integrated,-0.0425618304740168,-0.0017463812925515,-0.2179171205106288,0.0003931389434665
2015,ARE,Nickel,metal,integrated,-0.1615868113191846,-0.0074206650912227,-0.0186540759435414,0.0002340231938931
2015,AUT,Nickel,metal,integrated,-0.0983166441824068,-0.0067425193456168,-0.17941422141313,0.0002289696726772
2015,TUR,Nickel,metal,integrated,-0.0569087087639855,-0.0059062186938583,-0.3126930523022925,0.0002044571740662
2015,CZE,Nickel,metal,integrated,-0.0566499529577959,-0.0038018054608977,-0.1422437164606764,0.000169989630258
2015,MEX,Nickel,metal,integrated,-0.1242653001947206,-0.0012024388405699,-0.2673820736930052,0.0001428275217704
2015,UKR,Nickel,metal,integrated,-0.2788997880059536,-0.009251449594439,-0.4792218286841411,0.0001422262162724
2015,THA,Nickel,metal,integrated,-0.0702942063665568,-0.0055092180509427,-0.3018406076443319,0.0001098164265589
2015,SVN,Nickel,metal,integrated,-0.1404667979870605,-0.0021150914716323,-0.2002301812141163,0.0001054167257006
2015,POL,Nickel,metal,integrated,-0.0353033442997495,-0.005119487140999,-0.1402851704919503,9.884164929637532e-05
2015,LUX,Nickel,metal,integrated,-0.2431746468006546,-0.0177620117646497,-0.411949023364663,7.564817898907219e-05
2015,CHE,Nickel,metal,integrated,-0.3489250023688233,-0.0142836878856029,-0.3709603600321222,6.7059963931439e-05
2015,BRA,Nickel,metal,integrated,-0.0985157432771088,0.0054023853843936,-0.2134816269120554,5.672522298533238e-05
2015,AUS,Nickel,metal,integrated,-0.4993491447205169,-0.0220385399742935,-0.0708953236528716,5.527190752870098e-05
2015,IRN,Nickel,metal,integrated,-0.2286004911459795,-0.0006246167808682,-0.0263748216941239,4.824740747630106e-05
2015,CAN,Nickel,metal,integrated,-0.2076178386771281,-0.0055420450809655,-0.5708869369538161,4.059858414517915e-05
2015,EST,Nickel,metal,integrated,-0.5500733236168427,-0.0216483916626109,2.6910395302379253e-12,4.0402385670958816e-05
2015,VNM,Nickel,metal,integrated,-0.0511142416268236,-0.0048739165004496,-0.1529971509260222,3.3176125007091574e-05
2015,PAK,Nickel,metal,integrated,-0.1286126369313525,-0.0126526724565868,-0.3713550095493063,3.020640229766276e-05
2015,CHN,Nickel,ore,direct_partner,-0.3877322080106982,-0.3504637567791991,0.1618566805763908,0.0079805821699471
2015,JPN,Nickel,ore,direct_partner,-0.3986196683748685,-0.3621376027000524,0.2233497821200429,0.000912066174029
2015,FIN,Nickel,ore,direct_partner,-0.3579545280388112,-0.3082577105901277,-0.0180885623204518,0.0008267985331094
2015,CAN,Nickel,ore,direct_partner,-0.4930031123867727,-0.4355958153878713,0.015078697759967,0.0004887275945455
2015,KOR,Nickel,ore,direct_partner,-0.7706537971371019,-0.6992507493483785,0.1463837612108757,0.0004687488206318
2015,MKD,Nickel,ore,direct_partner,-0.7012760932686595,-0.6268784252943063,-0.2606379757253327,0.0002624473276533
2015,UKR,Nickel,ore,direct_partner,-0.8957296843951249,-0.8027450989671382,-0.3474254962370503,0.0002032162967494
2015,IND,Nickel,ore,direct_partner,-0.4598390418418978,-0.3557313102850453,-0.0675488110461475,0.0001875090815193
2015,ZAF,Nickel,ore,direct_partner,-0.8847825828842689,-0.7915195131947943,0.3654059293881256,0.0001709259391403
2015,BRA,Nickel,ore,direct_partner,-0.8793961316464078,-0.7978298542727468,0.3955733697846642,0.0001591961845868
2015,GRC,Nickel,ore,direct_partner,-0.895733869170074,-0.8027488295270561,-0.3474270136737158,0.0001104024983097
2015,AUS,Nickel,ore,direct_partner,-0.2941569391418359,-0.2441483609548671,0.254744906545599,7.639724207130887e-05
2015,CHN,Nickel,ore,integrated,-0.3332745728399483,-0.3025472125785445,-0.0777332675850527,0.0079805821699471
2015,JPN,Nickel,ore,integrated,-0.3481250078487462,-0.3204075726090048,-3.926975296093451e-05,0.000912066174029
2015,FIN,Nickel,ore,integrated,-0.3402205292677596,-0.2922313366223482,-0.3437424131668432,0.0008267985331094
2015,CAN,Nickel,ore,integrated,-0.4212025449193429,-0.3672858647323686,-0.3042438047023227,0.0004887275945455
2015,KOR,Nickel,ore,integrated,-0.6987055076769241,-0.6317043619681069,-0.0006945414857471,0.0004687488206318
2015,MKD,Nickel,ore,integrated,-0.7036417633488149,-0.627615729789252,-0.6429358472182356,0.0002624473276533
2015,UKR,Nickel,ore,integrated,-0.8789572941083245,-0.7891835157825007,-0.8408612002464575,0.0002032162967494
2015,IND,Nickel,ore,integrated,-0.3956695136915206,-0.3287986870319606,-0.33535336598529,0.0001875090815193
2015,ZAF,Nickel,ore,integrated,-0.8301844703345999,-0.7621940895515655,-0.0019830060778151,0.0001709259391403
2015,BRA,Nickel,ore,integrated,-0.6638715436788996,-0.7063640062877221,-0.0054062349764051,0.0001591961845868
2015,GRC,Nickel,ore,integrated,-0.8976825846829793,-0.8038034384507431,-0.7590785551111072,0.0001104024983097
2015,AUS,Nickel,ore,integrated,-0.2450891727072842,-0.2200184495975665,-3.485345129032456e-07,7.639724207130887e-05
2016,KOR,Nickel,compound,direct_partner,-0.1997105875950883,-0.0230661506853227,-0.069016143786445,0.0002939885772117
2016,JPN,Nickel,compound,direct_partner,-0.5105202352922792,-0.0384694033298774,-0.3200298642641547,0.0001517280550132
2016,CHN,Nickel,compound,direct_partner,-0.3345632344506677,-0.032501964943948,0.3875673487804159,0.0001323392696488
2016,BEL,Nickel,compound,direct_partner,-0.127422074590256,0.0015591180190686,0.2737814756731992,0.00010380476579
2016,DEU,Nickel,compound,direct_partner,-0.1473773681681325,-0.0142060278518445,0.4829115747801747,9.1048199956417e-05
2016,BRA,Nickel,compound,direct_partner,-0.5593621222602675,-0.0679159936593995,0.2547680060189729,8.265329130866947e-05
2016,USA,Nickel,compound,direct_partner,-0.113359155213975,-0.0275484192605341,0.0568374265752436,7.515143619892271e-05
2016,CAN,Nickel,compound,direct_partner,-0.3370007889807399,-0.0236566596361844,0.0667629165470233,6.54902433077005e-05
2016,MYS,Nickel,compound,direct_partner,-0.1892762705697818,-0.0091165006808888,0.1597605333658458,6.483173029798732e-05
2016,GBR,Nickel,compound,direct_partner,-0.3820112500592617,-0.0474307989900699,0.2934045362616149,4.361447498438939e-05
2016,KOR,Nickel,compound,integrated,-0.1400092612039375,-0.0225702000224035,-0.5765492741712858,0.0002939885772117
2016,JPN,Nickel,compound,integrated,-0.4248146587285235,-0.0363653849241755,-0.835556332649145,0.0001517280550132
2016,CHN,Nickel,compound,integrated,-0.2415591436061423,-0.0231210517635512,-0.1854181162551241,0.0001323392696488
2016,BEL,Nickel,compound,integrated,-0.0722869544015205,-0.0029639868334606,-0.3516396289292698,0.00010380476579
2016,DEU,Nickel,compound,integrated,-0.0871589345741787,-0.0184476838369954,-0.1198221300000048,9.1048199956417e-05
2016,BRA,Nickel,compound,integrated,-0.4372691910277303,-0.0422750576488451,-0.1081234287339163,8.265329130866947e-05
2016,USA,Nickel,compound,integrated,-0.0888068305894213,-0.0219474882455773,-0.3011809616039914,7.515143619892271e-05
2016,CAN,Nickel,compound,integrated,-0.257323859824493,-0.0115430748685111,-0.3857876325233418,6.54902433077005e-05
2016,MYS,Nickel,compound,integrated,-0.1554718852309846,-0.017390480132942,-0.0023481768044485,6.483173029798732e-05
2016,GBR,Nickel,compound,integrated,-0.3185388977168386,-0.0519936139250733,-0.3044417879224679,4.361447498438939e-05
2016,JPN,Nickel,material,direct_partner,-0.3724466312578043,-0.162099093652247,0.2316082725247597,0.0045708301132722
2016,GBR,Nickel,material,direct_partner,-0.8648088196307635,-0.350483794964439,-0.0619128910621924,0.0044685484472447
2016,NOR,Nickel,material,direct_partner,-0.6195240518147455,-0.2488141690240791,-0.1795171026909576,0.0040951222684139
2016,CHN,Nickel,material,direct_partner,-0.1349752540620022,-0.0456325059307195,0.2395938141714265,0.0036000459581047
2016,FIN,Nickel,material,direct_partner,-0.3849555725677216,-0.1460890420148925,0.2493201308667456,0.0017025219046083
2016,CAN,Nickel,material,direct_partner,-0.6532995913725287,-0.2304645579212604,-0.5451516657563967,0.0014981713623095
2016,KOR,Nickel,material,direct_partner,-0.2986806310685692,-0.1357183728103705,0.2620623429465177,0.0007304333906038
2016,ZAF,Nickel,material,direct_partner,-0.4626877778315314,-0.1486039736321422,0.3913835784822184,0.000413808541476
2016,NLD,Nickel,material,direct_partner,-0.8518525939467092,-0.3060577113998306,-0.0649525371609806,0.0003282306091858
2016,FRA,Nickel,material,direct_partner,-0.8954690173342703,-0.3961415908298313,-0.5479575306951034,0.000222618140235
2016,AUS,Nickel,material,direct_partner,-0.3638069166617645,-0.1597879162590548,-0.3780700919974196,6.826785817798034e-05
2016,JPN,Nickel,material,integrated,-0.3261397937690258,-0.1453078352142486,-0.0261295813567467,0.0045708301132722
2016,GBR,Nickel,material,integrated,-0.8761684431520932,-0.352372222324114,-0.297185654773941,0.0044685484472447
2016,NOR,Nickel,material,integrated,-0.5640122174025977,-0.2284917621826665,-0.5136509316449344,0.0040951222684139
2016,CHN,Nickel,material,integrated,-0.0717156105964254,-0.0259557116556558,-0.1010519861032585,0.0036000459581047
2016,FIN,Nickel,material,integrated,-0.3310787832503838,-0.1268298479873219,-0.2350680300760673,0.0017025219046083
2016,CAN,Nickel,material,integrated,-0.6275298662842372,-0.2141427385862656,-0.8129948853796719,0.0014981713623095
2016,KOR,Nickel,material,integrated,-0.2391082743543733,-0.1129766926973543,-0.0060136062645533,0.0007304333906038
2016,ZAF,Nickel,material,integrated,-0.3951666561331904,-0.1262798829345477,-0.0003228818631712,0.000413808541476
2016,NLD,Nickel,material,integrated,-0.8643326551178884,-0.3100528634685238,-0.2525585809910847,0.0003282306091858
2016,FRA,Nickel,material,integrated,-0.8448889007566704,-0.3902050087472443,-0.9013194669096672,0.000222618140235
2016,AUS,Nickel,material,integrated,-0.3463594088936362,-0.1571889575508161,-0.504458020302025,6.826785817798034e-05
2016,CHN,Nickel,metal,direct_partner,-0.3075031218201873,-0.0115979033077038,-0.0546088044999016,0.0153728527122
2016,NLD,Nickel,metal,direct_partner,-0.2534958318296751,-0.0064662318352971,0.4535046343910968,0.0052376060445782
2016,USA,Nickel,metal,direct_partner,-0.2901654485732722,-0.0094416432689231,0.1379494447611106,0.0042555861030282
2016,DEU,Nickel,metal,direct_partner,-0.1326835393966093,-0.0067704859276929,0.4296305112023404,0.0024944342311895
2016,MYS,Nickel,metal,direct_partner,-0.5692295469840277,-0.0168075032744767,-0.0376144031203409,0.0023430185030006
2016,IND,Nickel,metal,direct_partner,-0.0756318504276378,-0.0015939766997021,0.1009379597030929,0.0017694448758409
2016,ITA,Nickel,metal,direct_partner,-0.3062106451156374,-0.0076148382601943,0.3146331716316577,0.0014306632128026
2016,JPN,Nickel,metal,direct_partner,-0.1150003620274642,0.0004529787221954,0.1164625283984359,0.0013411828000903
2016,SGP,Nickel,metal,direct_partner,-0.5594279297351279,-0.0144771760373174,-0.0820307825571573,0.0012855136664048
2016,KOR,Nickel,metal,direct_partner,-0.1229981733332368,-0.0004290542413745,0.0209454768963209,0.001137161153359
2016,ESP,Nickel,metal,direct_partner,-0.0921419248023676,-6.91303265057952e-05,0.027632847849537,0.0008833184345931
2016,FRA,Nickel,metal,direct_partner,-0.2259075186876354,-0.0033476704618204,0.3517703751404568,0.000835226243877
2016,SWE,Nickel,metal,direct_partner,-0.1463562291887248,0.0028160704852487,0.3246370336442696,0.0008167883565579
2016,BEL,Nickel,metal,direct_partner,-0.1463828174214001,-0.0107907398825341,0.1110005644670846,0.0005987685109112
2016,HKG,Nickel,metal,direct_partner,-0.4851892978646487,-0.0186236572734662,0.5063889645309579,0.0004881201495056
2016,GBR,Nickel,metal,direct_partner,-0.1228498841218728,-0.0026759511731035,0.2951963271790966,0.0003603997650615
2016,ARE,Nickel,metal,direct_partner,-0.6056101319483272,-0.0108079884104929,-6.661338147750939e-16,0.0003472098466723
2016,FIN,Nickel,metal,direct_partner,-0.7386221622096265,-0.0084490906076948,0.5263724887980329,0.0003150841751536
2016,AUT,Nickel,metal,direct_partner,-0.0952477533453533,-0.0095968964373031,-0.0169504771559945,0.0002863787287871
2016,CHE,Nickel,metal,direct_partner,-0.7547270723337216,-0.0285275510137016,-0.46471818612999,0.0002571601283354
2016,TUR,Nickel,metal,direct_partner,-0.1257930346992282,-0.0090595052921242,-0.165645937563781,0.0002092945933852
2016,BRA,Nickel,metal,direct_partner,-0.1492362968519036,-0.0024316106472819,-0.3976278195445867,0.0002078512822615
2016,ZAF,Nickel,metal,direct_partner,-0.1796308373081968,-0.0053177167653869,0.1832067445411418,0.0001939187696472
2016,SVN,Nickel,metal,direct_partner,-0.1330780342178203,-0.0001308827666092,-0.0251571517914097,0.0001499785572972
2016,THA,Nickel,metal,direct_partner,-0.1548657830868023,-0.0059446396920878,0.3286150475741372,0.0001490247674561
2016,POL,Nickel,metal,direct_partner,-0.1869798910757111,-0.0080588031832036,0.3548402793037374,0.0001432178311787
2016,UKR,Nickel,metal,direct_partner,-0.3603373107434494,-0.0113897700336042,-0.4032227491950825,0.0001367993037472
2016,CZE,Nickel,metal,direct_partner,-0.2165994755742578,-0.0080786986041117,0.4018931573477954,0.0001286251125866
2016,MEX,Nickel,metal,direct_partner,-0.3833830318353736,0.000643839461889,-0.1507471336092145,8.004603027439448e-05
2016,AUS,Nickel,metal,direct_partner,-0.5524838415669769,-0.0212651008448056,0.2887412208112908,7.004910978723402e-05
2016,IRN,Nickel,metal,direct_partner,-0.1632811704263622,-0.0009058862331467,0.1968458584727114,4.999032587094223e-05
2016,CHN,Nickel,metal,integrated,-0.2243973038867512,-0.0117743085309608,-0.5394985631456317,0.0153728527122
2016,NLD,Nickel,metal,integrated,-0.1404436040523911,-0.0018286843531575,-0.1852546868199117,0.0052376060445782
2016,USA,Nickel,metal,integrated,-0.1510660651173294,-0.0075393844692321,-0.3298103182914286,0.0042555861030282
2016,DEU,Nickel,metal,integrated,-0.066115860186014,-0.002856944831516,-0.1466881745070768,0.0024944342311895
2016,MYS,Nickel,metal,integrated,-0.4677371994758774,-0.017732500693526,-0.3193552320607304,0.0023430185030006
2016,IND,Nickel,metal,integrated,-0.0313401467717419,-0.006729908821631,-0.1999423618047448,0.0017694448758409
2016,ITA,Nickel,metal,integrated,-0.2012962084121305,0.0027942251942322,-0.1773856237366351,0.0014306632128026
2016,JPN,Nickel,metal,integrated,-0.0641009382940356,-0.0011586198151793,-0.366044680191426,0.0013411828000903
2016,SGP,Nickel,metal,integrated,-0.4667067452460651,-0.017392068185239,-0.3530000104183726,0.0012855136664048
2016,KOR,Nickel,metal,integrated,-0.0769047738557869,-0.0020894842657737,-0.3977322349966804,0.001137161153359
2016,ESP,Nickel,metal,integrated,-0.0701006208052899,0.00141236215224,-0.1841506530279281,0.0008833184345931
2016,FRA,Nickel,metal,integrated,-0.1336758236576658,0.0004433746329586,-0.1128282195802518,0.000835226243877
2016,SWE,Nickel,metal,integrated,-0.0663132114289368,0.006442519195193,-0.2188805975275835,0.0008167883565579
2016,BEL,Nickel,metal,integrated,-0.0747089596582895,-0.0070419504477329,-0.4711243975493339,0.0005987685109112
2016,HKG,Nickel,metal,integrated,-0.2924662695465527,-0.0119638403404031,-0.1665692361479264,0.0004881201495056
2016,GBR,Nickel,metal,integrated,-0.067396404079167,0.0001243478248012,-0.2877429620069529,0.0003603997650615
2016,ARE,Nickel,metal,integrated,-0.5945490340255686,-0.0151024436260287,6.661338147750939e-16,0.0003472098466723
2016,FIN,Nickel,metal,integrated,-0.5700985624611217,-0.0040718015449081,-0.0042771923219903,0.0003150841751536
2016,AUT,Nickel,metal,integrated,-0.0790436510506006,-0.0078857855899068,-0.2379642710435967,0.0002863787287871
2016,CHE,Nickel,metal,integrated,-0.6853723259468665,-0.0286500942057313,-0.6750253808236537,0.0002571601283354
2016,TUR,Nickel,metal,integrated,-0.1011309879296865,-0.0114067856009167,-0.2071879805233851,0.0002092945933852
2016,BRA,Nickel,metal,integrated,-0.1201288484628686,-0.0038786049970232,-0.4365713446142277,0.0002078512822615
2016,ZAF,Nickel,metal,integrated,-0.1161825475483458,-0.0093665668936886,-0.269646285340164,0.0001939187696472
2016,SVN,Nickel,metal,integrated,-0.1107113029547151,0.0010715285401366,-0.2459153118584472,0.0001499785572972
2016,THA,Nickel,metal,integrated,-0.0525691455338984,-0.0002956687041406,-0.3500230752383043,0.0001490247674561
2016,POL,Nickel,metal,integrated,-0.0979846576384266,-0.0039606676108226,-0.1602305849418903,0.0001432178311787
2016,UKR,Nickel,metal,integrated,-0.3290859810791408,-0.0151060245789616,-0.4944807348502351,0.0001367993037472
2016,CZE,Nickel,metal,integrated,-0.1186384054887188,-0.0041765705062187,-0.192631706508733,0.0001286251125866
2016,MEX,Nickel,metal,integrated,-0.3007224563963701,-3.011226066641781e-05,-0.524898315497475,8.004603027439448e-05
2016,AUS,Nickel,metal,integrated,-0.42778369357236,-0.0218166405360615,-0.1578688832577777,7.004910978723402e-05
2016,IRN,Nickel,metal,integrated,-0.1398901227927541,-0.0032534862564902,-0.1178565503497501,4.999032587094223e-05
2016,CHN,Nickel,ore,direct_partner,-0.466891773774417,-0.4178963836778485,0.2227418269187529,0.0065574997542283
2016,JPN,Nickel,ore,direct_partner,-0.4067500733220869,-0.3601576539208195,0.3300530004945891,0.0008262268296191
2016,FIN,Nickel,ore,direct_partner,-0.3200400678998027,-0.2692952689821995,0.0272714059684235,0.0007160800121474
2016,CAN,Nickel,ore,direct_partner,-0.2932037648717743,-0.1990229961171717,-0.0898246185870622,0.0006816125318287
2016,KOR,Nickel,ore,direct_partner,-0.908813496590818,-0.8201840439710012,0.2382357152995432,0.0006354385426654
2016,ZAF,Nickel,ore,direct_partner,-0.9001404121606563,-0.8008035300491676,0.4240078353702535,0.0004487717692465
2016,BWA,Nickel,ore,direct_partner,-0.9210480527292828,-0.8231027380306455,0.4038438122089927,0.000350130753671
2016,UKR,Nickel,ore,direct_partner,-0.9221541928807868,-0.823483732195424,-0.4682365660899503,0.0002307234911896
2016,MKD,Nickel,ore,direct_partner,-0.4160178019462878,-0.3542168808799666,-0.1645807905334504,0.0001174682468746
2016,AUS,Nickel,ore,direct_partner,-0.4615117510555465,-0.4031705455185522,0.1777176973890324,7.384570665921324e-05
2016,IND,Nickel,ore,direct_partner,-0.492835914183619,-0.1175861162856565,-0.3998305527632412,5.978691753445797e-05
2016,MYS,Nickel,ore,direct_partner,-0.9102213826434888,-0.8147726482179302,0.0003044760310763,4.753040461966193e-05
2016,CHN,Nickel,ore,integrated,-0.4165610541985965,-0.3792164250227862,-0.0874055130073483,0.0065574997542283
2016,JPN,Nickel,ore,integrated,-0.3642723685664685,-0.3317038036274109,-5.720656882364999e-08,0.0008262268296191
2016,FIN,Nickel,ore,integrated,-0.3006855072827126,-0.2581526889484811,-0.3368449029289387,0.0007160800121474
2016,CAN,Nickel,ore,integrated,-0.2595692517086733,-0.1812663590598311,-0.4165215175919824,0.0006816125318287
2016,KOR,Nickel,ore,integrated,-0.8600180961223922,-0.7788705492409311,-4.4906837071984176e-05,0.0006354385426654
2016,ZAF,Nickel,ore,integrated,-0.8439225638335808,-0.7620028463188744,-0.0088436037281768,0.0004487717692465
2016,BWA,Nickel,ore,integrated,-0.8696970325916196,-0.7868482460833891,-0.0005578572127183,0.000350130753671
2016,UKR,Nickel,ore,integrated,-0.8384216185838405,-0.8233408029807731,-0.9860488332171248,0.0002307234911896
2016,MKD,Nickel,ore,integrated,-0.3497982787195155,-0.3562707222044857,-0.5828811019438488,0.0001174682468746
2016,AUS,Nickel,ore,integrated,-0.4287605491728491,-0.3830862537688915,-0.0377975757708169,7.384570665921324e-05
2016,IND,Nickel,ore,integrated,-0.471423353060055,-0.114330862930316,-0.5776679894269864,5.978691753445797e-05
2016,MYS,Nickel,ore,integrated,-0.9234199975056598,-0.8282783113250665,-0.2507436529979817,4.753040461966193e-05
2017,KOR,Nickel,compound,direct_partner,-0.2553610035246207,-0.0241464673948266,-0.0104522090230554,0.0004263745311592
2017,IND,Nickel,compound,direct_partner,-0.3326377530708689,-0.0263774282610353,0.0652674795794309,0.0002659074328562
2017,JPN,Nickel,compound,direct_partner,-0.4614562021072345,-0.0409332332274093,-0.4572078792921926,0.0002068653604634
2017,CHN,Nickel,compound,direct_partner,-0.2480855345881883,-0.0336880871521577,0.1693653758993252,0.0001824344964243
2017,BEL,Nickel,compound,direct_partner,-0.1813728152576413,-0.0216514180677821,0.4944247709344839,0.0001286714530143
2017,DEU,Nickel,compound,direct_partner,-0.1535856677725049,-0.0213121889943173,0.5014976435354216,0.0001059463838411
2017,USA,Nickel,compound,direct_partner,-0.1286090768268474,-0.0281496141496169,0.2266226666793054,9.7503148219266e-05
2017,MYS,Nickel,compound,direct_partner,-0.2268718944232162,-0.0244841657994606,0.1456146976499878,6.575940520162866e-05
2017,CAN,Nickel,compound,direct_partner,-0.3677651480764951,-0.0177552837855727,0.148873524979301,6.434973385671963e-05
2017,NLD,Nickel,compound,direct_partner,-0.3748840515256567,-0.0462419925210456,0.3404392836066936,5.796810981071328e-05
2017,GBR,Nickel,compound,direct_partner,-0.5322661879021938,-0.0702883782005756,0.4377693745766102,4.936365023888548e-05
2017,ITA,Nickel,compound,direct_partner,-0.3454554753619326,-0.0654508548949925,0.4400421266132527,4.718466007677722e-05
2017,KOR,Nickel,compound,integrated,-0.2025252452683753,-0.0191395624713906,-0.4151104676512476,0.0004263745311592
2017,IND,Nickel,compound,integrated,-0.2669099223397012,-0.0225900543327181,-0.2073036634595458,0.0002659074328562
2017,JPN,Nickel,compound,integrated,-0.4111220113844003,-0.0381200889173036,-0.7502653623503932,0.0002068653604634
2017,CHN,Nickel,compound,integrated,-0.180703175187169,-0.0236141993395237,-0.3194442947128788,0.0001824344964243
2017,BEL,Nickel,compound,integrated,-0.121194751242897,-0.0193666472950649,-0.1445305784720411,0.0001286714530143
2017,DEU,Nickel,compound,integrated,-0.0995019850552994,-0.0173706067126868,-0.1192670038588856,0.0001059463838411
2017,USA,Nickel,compound,integrated,-0.0869477583113997,-0.013319009121097,-0.2277647953720419,9.7503148219266e-05
2017,MYS,Nickel,compound,integrated,-0.1994878921663709,-0.0252920864592601,-0.0001122674270512,6.575940520162866e-05
2017,CAN,Nickel,compound,integrated,-0.2806569410120193,-0.0014748928899702,-0.3256325811792487,6.434973385671963e-05
2017,NLD,Nickel,compound,integrated,-0.2950088178766378,-0.0451864545044327,-0.3301206832618484,5.796810981071328e-05
2017,GBR,Nickel,compound,integrated,-0.4540939178907994,-0.0672054699371101,-0.2029706765008097,4.936365023888548e-05
2017,ITA,Nickel,compound,integrated,-0.2763823641865478,-0.0566575779735943,-0.0560112445814496,4.718466007677722e-05
2017,CHN,Nickel,material,direct_partner,-0.1371539680282209,-0.0417972649604301,0.1372703322061573,0.0056044186362474
2017,JPN,Nickel,material,direct_partner,-0.3426189708406661,-0.1646469708241495,0.2656652860493272,0.0055734169095133
2017,NOR,Nickel,material,direct_partner,-0.7402139059521281,-0.291455825861555,-0.358610573066084,0.0049404770754818
2017,GBR,Nickel,material,direct_partner,-0.6050286069581006,-0.2454195522524549,-0.1819761622022381,0.0033714804264611
2017,FIN,Nickel,material,direct_partner,-0.9017863474624804,-0.3532708223311043,0.6021735602015735,0.0025467850779179
2017,KOR,Nickel,material,direct_partner,-0.332837061505142,-0.1601086474410049,0.2990866494882698,0.0005921944748176
2017,CAN,Nickel,material,direct_partner,-0.2581269145293512,-0.056411130574154,-0.371031875166148,0.0002664537924218
2017,FRA,Nickel,material,direct_partner,-0.906802698562864,-0.3178196313471012,-0.5379750883913064,7.324697063023459e-05
2017,CHN,Nickel,material,integrated,-0.0970363430262862,-0.0279602708626566,-0.1846071363285353,0.0056044186362474
2017,JPN,Nickel,material,integrated,-0.2927208007693681,-0.1408515633755134,-0.0350246385193422,0.0055734169095133
2017,NOR,Nickel,material,integrated,-0.6862499398943644,-0.2740187946351774,-0.6856940341943892,0.0049404770754818
2017,GBR,Nickel,material,integrated,-0.5429733688018177,-0.2255865759851742,-0.4960782530544154,0.0033714804264611
2017,FIN,Nickel,material,integrated,-0.6752816638923871,-0.2674965631730407,-0.0011315370117508,0.0025467850779179
2017,KOR,Nickel,material,integrated,-0.2661434330478306,-0.126504797220904,-0.0038915499185686,0.0005921944748176
2017,CAN,Nickel,material,integrated,-0.2537325514156934,-0.0573485600140157,-0.5540215370879233,0.0002664537924218
2017,FRA,Nickel,material,integrated,-0.8960625624516532,-0.3200952400927383,-0.7971840621155597,7.324697063023459e-05
2017,CHN,Nickel,metal,direct_partner,-0.1873642689371525,-0.004592883194087,0.0160056489186215,0.0121287283190438
2017,USA,Nickel,metal,direct_partner,-0.1962231090958202,-0.003408787685085,0.0930545040532987,0.0056094472232584
2017,NLD,Nickel,metal,direct_partner,-0.180175666372425,-0.0034513570976553,0.3480465718292397,0.0044488041289318
2017,DEU,Nickel,metal,direct_partner,-0.0996804623184819,-0.0092343014666479,0.4059834535440823,0.0022573253614564
2017,ITA,Nickel,metal,direct_partner,-0.2784338909274614,-0.024901398153964,0.3487280674205951,0.0018512038489564
2017,IND,Nickel,metal,direct_partner,-0.1000189114803517,-0.0003050334254078,0.1131662558490233,0.0017134849308808
2017,JPN,Nickel,metal,direct_partner,-0.1199034583858163,0.0030233645943285,0.0956041816744237,0.001615399561707
2017,FRA,Nickel,metal,direct_partner,-0.1724619482798628,-0.0033610601554084,0.3033531595029344,0.0011603584298042
2017,KOR,Nickel,metal,direct_partner,-0.1397093308373054,0.0028706285272122,0.0293985525332073,0.0011046296854788
2017,SWE,Nickel,metal,direct_partner,-0.1375110776954621,0.0001355387790036,0.3560454315783969,0.0010158419787995
2017,ESP,Nickel,metal,direct_partner,-0.0847761537316044,-0.0042503989386334,-0.0578505058048079,0.0009769996413656
2017,MYS,Nickel,metal,direct_partner,-0.5625456543581091,-0.0180911456007532,-0.0741660329799985,0.0009069338749607
2017,BEL,Nickel,metal,direct_partner,-0.2932915721050876,-0.0211552270596397,0.072178608099239,0.0009034473062247
2017,ARE,Nickel,metal,direct_partner,-0.2007168691705456,-0.00294172128718,4.440892098500626e-16,0.0007633611546535
2017,SGP,Nickel,metal,direct_partner,-0.5316181513942242,-0.0182250006522706,-0.0857757164141498,0.0007299246974464
2017,GBR,Nickel,metal,direct_partner,-0.1416834657705721,-0.0045374254010023,0.3342997358372581,0.0005171797981234
2017,AUT,Nickel,metal,direct_partner,-0.1312415140646035,-0.0110867940890882,-0.0185813289251534,0.0004246121363047
2017,HKG,Nickel,metal,direct_partner,-0.3248066974676952,-0.0132973221703931,0.3877200413327473,0.000353247847839
2017,CHE,Nickel,metal,direct_partner,-0.6699110584230553,-0.0186089709433867,-0.3940741919917247,0.0003380167664535
2017,BRA,Nickel,metal,direct_partner,-0.246033717770228,-0.0005551548338029,-0.5098823454788493,0.0002716420246063
2017,TUR,Nickel,metal,direct_partner,-0.1405778153943485,-0.0072801020233056,-0.1367466553294659,0.0002220807227283
2017,THA,Nickel,metal,direct_partner,-0.1129583878291894,-0.0011949460699185,0.20358174935054,0.0002073721648182
2017,ZAF,Nickel,metal,direct_partner,-0.2361512825492116,-0.0094081934175422,0.2951915379053503,0.0001946164673955
2017,MEX,Nickel,metal,direct_partner,-0.2750533147247777,-0.0041991745418318,-0.0623320918694609,0.0001757336463834
2017,POL,Nickel,metal,direct_partner,-0.2082980595273373,-0.0120230479806185,0.4323948879881832,0.0001655306972526
2017,SVN,Nickel,metal,direct_partner,-0.1268280357727713,-0.0057243123116024,-0.0920240432221576,0.0001642467617119
2017,UKR,Nickel,metal,direct_partner,-0.4675266543367623,-0.0110148972306627,-0.4218489963976394,0.000153756295107
2017,CZE,Nickel,metal,direct_partner,-0.2033789463794005,-0.0074790898285818,0.3813472099904268,0.0001396493410627
2017,FIN,Nickel,metal,direct_partner,-0.4954241614215803,-0.0281636332589235,0.4900747161459944,0.000100230969075
2017,IRN,Nickel,metal,direct_partner,-0.314801909862979,0.0006551278284755,0.4407861436984297,8.365807798484897e-05
2017,AUS,Nickel,metal,direct_partner,-0.6921850875438933,-0.0184029657747366,0.420714773145214,5.927238496674346e-05
2017,RUS,Nickel,metal,direct_partner,-0.8098155644740754,-0.0090680978067237,0.5128723033290263,5.895870613961494e-05
2017,EST,Nickel,metal,direct_partner,-0.5610958804162046,-0.0027869902327774,0.4948302974622581,5.393013628930794e-05
2017,IDN,Nickel,metal,direct_partner,-0.176638539816124,-0.0076473064002187,0.3310981825930149,5.342364511566653e-05
2017,PAK,Nickel,metal,direct_partner,-0.1937511029791973,-0.0109693017001361,-0.1111417005739458,4.997255165491412e-05
2017,CAN,Nickel,metal,direct_partner,-0.1485377527492343,-0.00466890634399,-0.2698237071986296,4.631419661232729e-05
2017,CHN,Nickel,metal,integrated,-0.1319118958315704,-0.005371173907962,-0.4237641049845252,0.0121287283190438
2017,USA,Nickel,metal,integrated,-0.105625917769145,-0.0042864585178588,-0.295057682898607,0.0056094472232584
2017,NLD,Nickel,metal,integrated,-0.0705375759028414,0.00254843343057,-0.2949124110402864,0.0044488041289318
2017,DEU,Nickel,metal,integrated,-0.0355518742635962,-0.0026716463624745,-0.1750432548346254,0.0022573253614564
2017,ITA,Nickel,metal,integrated,-0.1636807894054199,-0.005893163587814,-0.1550933691617816,0.0018512038489564
2017,IND,Nickel,metal,integrated,-0.052481386101718,-0.0074553025976328,-0.1813150259212418,0.0017134849308808
2017,JPN,Nickel,metal,integrated,-0.0673699086368028,0.0013500446045053,-0.3714398056152366,0.001615399561707
2017,FRA,Nickel,metal,integrated,-0.0987607315003377,0.0034229598112517,-0.1371089188525429,0.0011603584298042
2017,KOR,Nickel,metal,integrated,-0.0814928164659417,0.001550484136284,-0.4312269831434877,0.0011046296854788
2017,SWE,Nickel,metal,integrated,-0.0440776710470615,0.0069447658904241,-0.1991922767146103,0.0010158419787995
2017,ESP,Nickel,metal,integrated,-0.0564677090827708,-0.0008261724443285,-0.176531972000372,0.0009769996413656
2017,MYS,Nickel,metal,integrated,-0.4545280488033903,-0.0223468072994536,-0.3689003723235101,0.0009069338749607
2017,BEL,Nickel,metal,integrated,-0.162124852885703,-0.0137371249714865,-0.5405623007665187,0.0009034473062247
2017,ARE,Nickel,metal,integrated,-0.178145219348274,-0.0053929720181913,-4.440892098500626e-16,0.0007633611546535
2017,SGP,Nickel,metal,integrated,-0.4321152479166913,-0.0223682845053085,-0.3662086868828257,0.0007299246974464
2017,GBR,Nickel,metal,integrated,-0.0587372112050816,0.0016570513280954,-0.2840738554938252,0.0005171797981234
2017,AUT,Nickel,metal,integrated,-0.1012049602899327,-0.0068042941421821,-0.1807439019491521,0.0004246121363047
2017,HKG,Nickel,metal,integrated,-0.1680281491113591,-0.0094248095362771,-0.2726350246251898,0.000353247847839
2017,CHE,Nickel,metal,integrated,-0.6370295840027986,-0.015424447480315,-0.5581174525440643,0.0003380167664535
2017,BRA,Nickel,metal,integrated,-0.2258600914225617,-0.0012044843872105,-0.554769865733711,0.0002716420246063
2017,TUR,Nickel,metal,integrated,-0.1119637634832652,-0.0084707602618477,-0.1410919091682734,0.0002220807227283
2017,THA,Nickel,metal,integrated,-0.0309102626499623,0.000942388835316,-0.4183280183708165,0.0002073721648182
2017,ZAF,Nickel,metal,integrated,-0.1234280719749227,-0.0112717681968579,-0.2222631017126114,0.0001946164673955
2017,MEX,Nickel,metal,integrated,-0.2101132674806051,-0.0044257821861978,-0.4392759166539579,0.0001757336463834
2017,POL,Nickel,metal,integrated,-0.0967794743872478,-0.0047206870318666,-0.1058036482997461,0.0001655306972526
2017,SVN,Nickel,metal,integrated,-0.096088058103713,-0.0023248986210957,-0.22911427298487,0.0001642467617119
2017,UKR,Nickel,metal,integrated,-0.4368367313705058,-0.0128241190681218,-0.5326568242734742,0.000153756295107
2017,CZE,Nickel,metal,integrated,-0.0930336067535548,-0.0002731182696689,-0.2260572312428336,0.0001396493410627
2017,FIN,Nickel,metal,integrated,-0.3233710401425112,-0.0178788897248036,-0.0670735802254335,0.000100230969075
2017,IRN,Nickel,metal,integrated,-0.2037462628277128,0.0020750400148151,-0.0667356682945093,8.365807798484897e-05
2017,AUS,Nickel,metal,integrated,-0.5395273712206395,-0.0203681328060853,-0.0476973148471753,5.927238496674346e-05
2017,RUS,Nickel,metal,integrated,-0.637170909056814,-0.0039244886049302,-0.0056642031686765,5.895870613961494e-05
2017,EST,Nickel,metal,integrated,-0.4331387579192293,0.0028026692730821,1.7298710224966538e-12,5.393013628930794e-05
2017,IDN,Nickel,metal,integrated,-0.0929455081499119,-0.0109527231489559,-0.063384572879767,5.342364511566653e-05
2017,PAK,Nickel,metal,integrated,-0.1513658610591186,-0.016409086368601,-0.3588521837967333,4.997255165491412e-05
2017,CAN,Nickel,metal,integrated,-0.1150717002093636,-0.0050888599782463,-0.4403471499184169,4.631419661232729e-05
2017,CHN,Nickel,ore,direct_partner,-0.1804322376803217,-0.1556350385618346,0.2022034160075275,0.0059312944287762
2017,ZAF,Nickel,ore,direct_partner,-0.9041189945089624,-0.8054401376701246,0.4358011248278469,0.001386244990165
2017,CAN,Nickel,ore,direct_partner,-0.3988520378221474,-0.3420114036684497,0.0975132955780984,0.0008882283702624
2017,JPN,Nickel,ore,direct_partner,-0.3833632404361787,-0.3477768354102493,0.2207352958171443,0.0008440265806375
2017,KOR,Nickel,ore,direct_partner,-0.864441077486702,-0.7796381854903199,0.175023123136279,0.0008367457062004
2017,FIN,Nickel,ore,direct_partner,-0.2145916916480073,-0.1826680092615352,-0.0219612907846846,0.0006048513399856
2017,UKR,Nickel,ore,direct_partner,-0.7435104620752526,-0.664365397125114,-0.3451410083118493,0.0002391392291076
2017,BEL,Nickel,ore,direct_partner,-0.8971995995708694,-0.8097719116983513,-0.0981092843103578,0.0001980396233799
2017,MKD,Nickel,ore,direct_partner,-0.557543405986249,-0.4920895565449888,-0.2448251095754557,0.0001330444445838
2017,HKG,Nickel,ore,direct_partner,-0.9074287050428432,-0.8243451414659069,0.1943972802282513,6.419961711291452e-05
2017,AUS,Nickel,ore,direct_partner,-0.2082316931646182,-0.1506882400391973,-0.1458447151855228,6.205973598560171e-05
2017,GRC,Nickel,ore,direct_partner,-0.9115583885459752,-0.8151352043370885,-0.4261958205175521,4.906564763083799e-05
2017,CHN,Nickel,ore,integrated,-0.1214810905108463,-0.111915844767434,-0.1276099929931591,0.0059312944287762
2017,ZAF,Nickel,ore,integrated,-0.7998727608606899,-0.7126996793233049,-2.047211147887316e-05,0.001386244990165
2017,CAN,Nickel,ore,integrated,-0.3342621424503998,-0.2849651917843328,-0.2187013340140056,0.0008882283702624
2017,JPN,Nickel,ore,integrated,-0.3542534502954799,-0.3245275175930142,-1.8944190347821964e-05,0.0008440265806375
2017,KOR,Nickel,ore,integrated,-0.8211384572308622,-0.7422156652231047,-0.0227833339894686,0.0008367457062004
2017,FIN,Nickel,ore,integrated,-0.2267194386144574,-0.1877917538363627,-0.3603714825448922,0.0006048513399856
2017,UKR,Nickel,ore,integrated,-0.6802903752442675,-0.6715921428462115,-0.8660837079412841,0.0002391392291076
2017,BEL,Nickel,ore,integrated,-0.7748175902580619,-0.7810144106449842,-0.9975643305342604,0.0001980396233799
2017,MKD,Nickel,ore,integrated,-0.5063487734558654,-0.5065682396692339,-0.6935053599044176,0.0001330444445838
2017,HKG,Nickel,ore,integrated,-0.8639215633149746,-0.7866015411401459,-0.0010299101626918,6.419961711291452e-05
2017,AUS,Nickel,ore,integrated,-0.1984644623377294,-0.1407725593972383,-0.3529074302500179,6.205973598560171e-05
2017,GRC,Nickel,ore,integrated,-0.8314095269079982,-0.8259451509891301,-0.928400771985353,4.906564763083799e-05
2018,KOR,Nickel,compound,direct_partner,-0.3331545748539672,-0.0285138380358132,0.1543173029784567,0.0004571404280821
2018,BEL,Nickel,compound,direct_partner,-0.3080643064535631,-0.0224472730977834,0.5054827500803346,0.0002733712025619
2018,JPN,Nickel,compound,direct_partner,-0.3977565284842053,-0.0350337626357437,-0.2852214587089194,0.0002361122083085
2018,CHN,Nickel,compound,direct_partner,-0.2483431946937158,-0.0190502778564688,0.1947119334375178,0.00018446207373
2018,AUS,Nickel,compound,direct_partner,-0.32230758586645,-0.0741261372861912,0.0613215940230705,0.000143418920164
2018,CAN,Nickel,compound,direct_partner,-0.2778773011805729,-0.0139849439001227,-0.0049398670829221,0.0001057804181157
2018,USA,Nickel,compound,direct_partner,-0.1225290746186541,-0.017056399788551,0.0540722322833198,8.012120076257295e-05
2018,DEU,Nickel,compound,direct_partner,-0.2018970789401659,-0.0169243384345382,0.4540644699542296,7.885046484151629e-05
2018,NLD,Nickel,compound,direct_partner,-0.3990351626058812,-0.0347560045855644,0.4785959154195142,7.013763758183983e-05
2018,MYS,Nickel,compound,direct_partner,-0.2896694685565651,-0.0244040113941625,0.057751610559247,6.920649421056024e-05
2018,IND,Nickel,compound,direct_partner,-0.1796856379693029,-0.0172020966879548,-0.0481597183236801,4.742822980607807e-05
2018,ITA,Nickel,compound,direct_partner,-0.4645439779514483,-0.0483060747625835,0.4935831515454594,4.2356823283261794e-05
2018,GBR,Nickel,compound,direct_partner,-0.5916968317389025,-0.0583053881426844,0.3837895141791603,4.131448982443782e-05
2018,KOR,Nickel,compound,integrated,-0.2433919329189701,-0.0132130475381502,-0.3834418926231605,0.0004571404280821
2018,BEL,Nickel,compound,integrated,-0.2474303431924804,-0.0191344834615821,-0.1062701487636934,0.0002733712025619
2018,JPN,Nickel,compound,integrated,-0.3603544038974464,-0.0317509299433226,-0.3800269286107895,0.0002361122083085
2018,CHN,Nickel,compound,integrated,-0.1782408357384622,-0.00551328857452,-0.3461259300241185,0.00018446207373
2018,AUS,Nickel,compound,integrated,-0.2128469145236689,-0.058188769103143,-0.3630947140067745,0.000143418920164
2018,CAN,Nickel,compound,integrated,-0.2144273068127931,-0.0099342375335021,-0.3075140737513642,0.0001057804181157
2018,USA,Nickel,compound,integrated,-0.0800666955563765,-0.0109870928172576,-0.2818853854517039,8.012120076257295e-05
2018,DEU,Nickel,compound,integrated,-0.1481927525338127,-0.0120571002480111,-0.1160106186186185,7.885046484151629e-05
2018,NLD,Nickel,compound,integrated,-0.3263905495159497,-0.0291388036274734,-0.1459239651885669,7.013763758183983e-05
2018,MYS,Nickel,compound,integrated,-0.2545016741930899,-0.0258282204058638,-0.0646378977909645,6.920649421056024e-05
2018,IND,Nickel,compound,integrated,-0.1345087330245782,-0.0106090929943602,-0.2457358275407195,4.742822980607807e-05
2018,ITA,Nickel,compound,integrated,-0.3891406810833291,-0.0459651360199978,-0.0261554102798252,4.2356823283261794e-05
2018,GBR,Nickel,compound,integrated,-0.502627298236133,-0.0515253293964785,-0.1466760653154323,4.131448982443782e-05
2018,NOR,Nickel,material,direct_partner,-0.6263712658490845,-0.2317588528834912,-0.320273012210945,0.0062150965335471
2018,JPN,Nickel,material,direct_partner,-0.313908459387739,-0.1746071619508539,0.2610898372625962,0.0061901213013452
2018,CHN,Nickel,material,direct_partner,-0.186286797073145,-0.0540024283779289,0.1183308185722674,0.0048287209399415
2018,FIN,Nickel,material,direct_partner,-0.8836791808028408,-0.3393491613410555,0.5895659018350173,0.0032092506038896
2018,GBR,Nickel,material,direct_partner,-0.3955570706260586,-0.1872719252959226,-0.2116265189752318,0.0026086632220078
2018,CAN,Nickel,material,direct_partner,-0.4650658317461317,-0.144388058014251,-0.5835393552380588,0.0004363325333977
2018,KOR,Nickel,material,direct_partner,-0.4956503594136566,-0.2175920858609822,0.2243187864626991,0.000380368811577
2018,FRA,Nickel,material,direct_partner,-0.8912313494595434,-0.3055025960923877,-0.4904332873491044,0.0002278513266616
2018,IND,Nickel,material,direct_partner,-0.8185526674001312,-0.315034786199681,0.2720961336641903,0.0001157052732561
2018,NOR,Nickel,material,integrated,-0.5670559707366825,-0.2211362646085262,-0.6274201469781113,0.0062150965335471
2018,JPN,Nickel,material,integrated,-0.2486358169602669,-0.1426947876406071,-0.043951620544974,0.0061901213013452
2018,CHN,Nickel,material,integrated,-0.1193562560255855,-0.0266369107775936,-0.23973411209228,0.0048287209399415
2018,FIN,Nickel,material,integrated,-0.5803864790034795,-0.2337924970601559,-0.0007604511027621,0.0032092506038896
2018,GBR,Nickel,material,integrated,-0.346961454365174,-0.1751425805277922,-0.4786580476128868,0.0026086632220078
2018,CAN,Nickel,material,integrated,-0.457451012907212,-0.139237864804163,-0.7749986829994161,0.0004363325333977
2018,KOR,Nickel,material,integrated,-0.4315759621273173,-0.1853286968590411,-0.0634342251945959,0.000380368811577
2018,FRA,Nickel,material,integrated,-0.8749983471432731,-0.3113279789900225,-0.7066978709040089,0.0002278513266616
2018,IND,Nickel,material,integrated,-0.7173071642451372,-0.2781129575067206,-0.0373859394179489,0.0001157052732561
2018,CHN,Nickel,metal,direct_partner,-0.1714005077238665,-0.0013606490796015,0.3511256319833609,0.0082892597712963
2018,USA,Nickel,metal,direct_partner,-0.1612889407567119,-0.0019618609997449,0.1378869392435393,0.0057257872105285
2018,NLD,Nickel,metal,direct_partner,-0.1891984229893132,-0.0067251413300103,0.3661663435309575,0.0057059801266331
2018,DEU,Nickel,metal,direct_partner,-0.1983781411644166,-0.0121753180599542,0.4820606357674176,0.0032520974991226
2018,JPN,Nickel,metal,direct_partner,-0.1618256122039721,0.0038449747016357,0.1957711957900215,0.00250834668872
2018,ITA,Nickel,metal,direct_partner,-0.1771357351000028,-0.0091380340773205,0.2639360060810999,0.0020431367217944
2018,IND,Nickel,metal,direct_partner,-0.0600826253361516,-0.0011239956934846,0.0716880518853596,0.0018021309311023
2018,KOR,Nickel,metal,direct_partner,-0.153667932970775,0.0039888220571374,0.0996401835957044,0.0014925947868218
2018,FRA,Nickel,metal,direct_partner,-0.185035262903739,-0.0021187059662361,0.3301827294591874,0.0013426112440378
2018,ESP,Nickel,metal,direct_partner,-0.0918047231196596,-0.0028281974591438,-0.0369252051202732,0.0012916381204614
2018,SWE,Nickel,metal,direct_partner,-0.1079354202157408,0.0014432976834245,0.3092732846731599,0.0011819941162508
2018,BEL,Nickel,metal,direct_partner,-0.2307948191095018,-0.0089554178047339,0.2376802803802518,0.0008346335012506
2018,GBR,Nickel,metal,direct_partner,-0.1015293677339135,-0.0045870824392901,0.2715886835767758,0.0007500692599984
2018,AUT,Nickel,metal,direct_partner,-0.1285079657253098,-0.0073983847777848,0.022547596792742,0.0004761696739626
2018,ARE,Nickel,metal,direct_partner,-0.3629784510382808,-0.0083927517377974,0.0,0.0003247697159093
2018,BRA,Nickel,metal,direct_partner,-0.1931974994143069,-0.0052823377749888,-0.4587902849181091,0.000318901163756
2018,IDN,Nickel,metal,direct_partner,-0.5315935097586488,-0.0077431329188518,0.3760224515452315,0.0003115429733219
2018,TUR,Nickel,metal,direct_partner,-0.1754505529239411,-0.0102473586832953,-0.1398283581561559,0.0002806077027953
2018,HKG,Nickel,metal,direct_partner,-0.226264299757006,-0.0071517408676807,0.2681838387353343,0.0002517677215231
2018,SGP,Nickel,metal,direct_partner,-0.3137827596442822,-0.0031648500823246,-0.0949954644839189,0.0002369405394603
2018,SVN,Nickel,metal,direct_partner,-0.4833259230039214,-0.0117881293651973,-0.3371255715955601,0.0002141723162357
2018,POL,Nickel,metal,direct_partner,-0.2167632955603651,-0.0169258851325035,0.4617125755123024,0.0002047166180047
2018,MEX,Nickel,metal,direct_partner,-0.3128997585863994,-0.0053202152657509,0.1218075546472503,0.0001903785634371
2018,THA,Nickel,metal,direct_partner,-0.0752235377399822,-0.0039551871348795,0.2159469728010657,0.000171113552052
2018,UKR,Nickel,metal,direct_partner,-0.4596829383616274,-0.0165640846088937,-0.3735121956891873,0.0001600211991405
2018,AUS,Nickel,metal,direct_partner,-0.6614425743386468,-0.0153967278462416,0.4116919128630722,0.0001086588565534
2018,CZE,Nickel,metal,direct_partner,-0.2205251649718165,-0.0141878506996084,0.4367076604047805,0.0001053115130608
2018,MYS,Nickel,metal,direct_partner,-0.1276004905444042,0.0051951301457712,-0.0125127931171976,0.0001042124641758
2018,CAN,Nickel,metal,direct_partner,-0.3077005522215428,-0.004654515876372,-0.3536477185777981,6.497901530400222e-05
2018,IRN,Nickel,metal,direct_partner,-0.2375041549067724,0.0007573620323768,0.3592879039892742,5.825568726937678e-05
2018,PAK,Nickel,metal,direct_partner,-0.142048813681934,-0.0032671873134655,-0.0967293888490298,5.338678292958204e-05
2018,ZAF,Nickel,metal,direct_partner,-0.5910788008330177,-0.0083122182086629,0.3405967731234443,4.922868625246238e-05
2018,VNM,Nickel,metal,direct_partner,-0.1086823538078573,-0.0053383507435941,0.3316197417947433,4.587882421422964e-05
2018,RUS,Nickel,metal,direct_partner,-0.6912164105983775,-0.0059330290468467,0.533803586163447,3.846418502340237e-05
2018,FIN,Nickel,metal,direct_partner,-0.1731330021153148,-0.0114603250247949,0.2165625081872753,3.816288918276919e-05
2018,CHN,Nickel,metal,integrated,-0.0592312502861506,-0.0040443893671124,-0.2871907395171474,0.0082892597712963
2018,USA,Nickel,metal,integrated,-0.0571641176868782,-0.0066578380628672,-0.2509556401073489,0.0057257872105285
2018,NLD,Nickel,metal,integrated,-0.070455859764012,-0.0004265587995668,-0.2977055976049662,0.0057059801266331
2018,DEU,Nickel,metal,integrated,-0.0719034964071561,-0.0053180543425569,-0.1364467093125561,0.0032520974991226
2018,JPN,Nickel,metal,integrated,-0.0415501615162217,-0.0011572540180313,-0.4126484770659201,0.00250834668872
2018,ITA,Nickel,metal,integrated,-0.1264257681102631,-0.0036794263900844,-0.1407538149136552,0.0020431367217944
2018,IND,Nickel,metal,integrated,-0.0175791277613917,-0.0078065894067943,-0.2038256320719934,0.0018021309311023
2018,KOR,Nickel,metal,integrated,-0.0615126581741757,-0.0005482609024251,-0.423488070180253,0.0014925947868218
2018,FRA,Nickel,metal,integrated,-0.0792160768524751,0.0005100554597987,-0.1323996081088025,0.0013426112440378
2018,ESP,Nickel,metal,integrated,-0.0599682371134509,-0.0022300585107861,-0.1406841212273648,0.0012916381204614
2018,SWE,Nickel,metal,integrated,-0.0320098244264381,0.0071542683247502,-0.2073651545300438,0.0011819941162508
2018,BEL,Nickel,metal,integrated,-0.0936937653821284,-0.0021345499371314,-0.3847055089052242,0.0008346335012506
2018,GBR,Nickel,metal,integrated,-0.0378216852420505,0.0026145876435937,-0.325992180673445,0.0007500692599984
2018,AUT,Nickel,metal,integrated,-0.0937957955453576,-0.006397949606531,-0.1141068644706608,0.0004761696739626
2018,ARE,Nickel,metal,integrated,-0.3386175696685987,-0.0136411662922222,-5.551115123125786e-16,0.0003247697159093
2018,BRA,Nickel,metal,integrated,-0.1600625586503606,-0.0081462943108526,-0.5156077599673672,0.000318901163756
2018,IDN,Nickel,metal,integrated,-0.4221815621000033,-0.0180232441986899,-0.0402094515148611,0.0003115429733219
2018,TUR,Nickel,metal,integrated,-0.1512550206570628,-0.0125816543428037,-0.1470232677309654,0.0002806077027953
2018,HKG,Nickel,metal,integrated,-0.0671550464724631,-0.0083496093938227,-0.3729018355755437,0.0002517677215231
2018,SGP,Nickel,metal,integrated,-0.2672893836156452,-0.0050592804303711,-0.2465485063291533,0.0002369405394603
2018,SVN,Nickel,metal,integrated,-0.4465515991550936,-0.0147711860817096,-0.4551180380755,0.0002141723162357
2018,POL,Nickel,metal,integrated,-0.084718706793938,-0.0101366337932119,-0.0720627585758477,0.0002047166180047
2018,MEX,Nickel,metal,integrated,-0.17101296193157,-0.006701261672867,-0.3177037927385083,0.0001903785634371
2018,THA,Nickel,metal,integrated,-0.0131849692707871,-0.0014113687457574,-0.2588397499201001,0.000171113552052
2018,UKR,Nickel,metal,integrated,-0.4489368865855899,-0.0216892297201489,-0.420896948665428,0.0001600211991405
2018,AUS,Nickel,metal,integrated,-0.51330130260942,-0.0273970814208296,-0.0533317767382845,0.0001086588565534
2018,CZE,Nickel,metal,integrated,-0.0874224221284805,-0.0074220188917439,-0.1788245905279115,0.0001053115130608
2018,MYS,Nickel,metal,integrated,-0.0798520759101031,0.0019954141513892,-0.1147427482748183,0.0001042124641758
2018,CAN,Nickel,metal,integrated,-0.2603588643076421,-0.0088157396970591,-0.5249752082664294,6.497901530400222e-05
2018,IRN,Nickel,metal,integrated,-0.1353604321175875,0.0038318708133983,-0.1499651023543238,5.825568726937678e-05
2018,PAK,Nickel,metal,integrated,-0.0897778323762792,-0.0126500934960923,-0.3519427558054879,5.338678292958204e-05
2018,ZAF,Nickel,metal,integrated,-0.4338806004724526,-0.0182927822588899,-0.1794782148761942,4.922868625246238e-05
2018,VNM,Nickel,metal,integrated,-0.0250444453615246,-0.0084354297934276,-0.2796682014889264,4.587882421422964e-05
2018,RUS,Nickel,metal,integrated,-0.4885897788830771,-0.0021439824735382,-0.0007505860705437,3.846418502340237e-05
2018,FIN,Nickel,metal,integrated,-0.0741226708381621,-0.0071952418934576,-0.2602928368341569,3.816288918276919e-05
2018,CHN,Nickel,ore,direct_partner,-0.1989288855028335,-0.1758947682892442,0.1613294518315682,0.007180271530955
2018,KOR,Nickel,ore,direct_partner,-0.8680526970431486,-0.7825603355394347,0.2029105815218641,0.0008773959733513
2018,JPN,Nickel,ore,direct_partner,-0.4257816774021712,-0.3815393112725143,0.2216966850309596,0.0008037604202834
2018,CAN,Nickel,ore,direct_partner,-0.3541786314551077,-0.2691330466955073,-0.0749570348069317,0.000704798409005
2018,FIN,Nickel,ore,direct_partner,-0.4152729846928428,-0.365053370968564,-0.1343528870825173,0.0006438796671013
2018,MKD,Nickel,ore,direct_partner,-0.3218159917444051,-0.2867507849341765,0.0831545404022143,0.0002674969614584
2018,UKR,Nickel,ore,direct_partner,-0.4644110770857909,-0.4161904793397584,-0.0954371100977107,0.0002290443098926
2018,AUS,Nickel,ore,direct_partner,-0.9004625092374468,-0.8044297384830396,-0.8661942787250422,7.743779035329119e-05
2018,ZAF,Nickel,ore,direct_partner,-0.9013405433379154,-0.8034160660996102,0.4470979628113616,6.926010219587443e-05
2018,CHN,Nickel,ore,integrated,-0.1433338138261666,-0.131016051972695,-0.1485781829262079,0.007180271530955
2018,KOR,Nickel,ore,integrated,-0.8076941935956201,-0.7275564519485141,-0.0109225986253755,0.0008773959733513
2018,JPN,Nickel,ore,integrated,-0.3892818686604772,-0.35388396799316,1.0240805315897229e-13,0.0008037604202834
2018,CAN,Nickel,ore,integrated,-0.3180839961275966,-0.2405116578322955,-0.329401076741455,0.000704798409005
2018,FIN,Nickel,ore,integrated,-0.4298649777977001,-0.3747040136542865,-0.4712753456486861,0.0006438796671013
2018,MKD,Nickel,ore,integrated,-0.2725252056902696,-0.2967329772586522,-0.3672318842070965,0.0002674969614584
2018,UKR,Nickel,ore,integrated,-0.4208263547740035,-0.4220375807186896,-0.5714477865084241,0.0002290443098926
2018,AUS,Nickel,ore,integrated,-0.8968416935852173,-0.8003587932683198,-0.9441306586955924,7.743779035329119e-05
2018,ZAF,Nickel,ore,integrated,-0.8466582796445562,-0.7493447985714619,-0.0001014437086708,6.926010219587443e-05
2019,JPN,Nickel,compound,direct_partner,-0.3354699884337303,-0.030981369517683,0.0694031915381378,0.0003829193842935
2019,KOR,Nickel,compound,direct_partner,-0.3125641659492222,-0.022188614225227,0.0944709314169755,0.0002566958169204
2019,BEL,Nickel,compound,direct_partner,-0.3046591315643331,-0.0343397756682487,0.5605737815396351,0.0001969912208852
2019,CAN,Nickel,compound,direct_partner,-0.2504716923792415,-0.0076714606718365,-0.1385866157117345,0.0001301698163947
2019,CHN,Nickel,compound,direct_partner,-0.4068825603340009,-0.0287850124690382,0.3714985501349003,0.0001113633200511
2019,AUS,Nickel,compound,direct_partner,-0.3429391194199048,-0.0030266376019749,-0.1830348325477518,8.983421921440056e-05
2019,DEU,Nickel,compound,direct_partner,-0.187649922407252,-0.0229854133566581,0.4934053091154687,7.352552325815263e-05
2019,MYS,Nickel,compound,direct_partner,-0.2291940465020664,-0.010614093744439,0.147679160600596,5.901119316894675e-05
2019,USA,Nickel,compound,direct_partner,-0.1602618927649098,-0.0159451930442071,0.0080419699633709,5.388503491460098e-05
2019,IND,Nickel,compound,direct_partner,-0.1375835146026414,-0.0196980123401014,-0.039829631756877,4.648128381016788e-05
2019,PHL,Nickel,compound,direct_partner,-0.1843157540651375,-0.0151855095099454,0.0256950374732126,4.3654550408382086e-05
2019,GBR,Nickel,compound,direct_partner,-0.4248796312622825,-0.0479378165701744,0.4176420385823813,3.691974937691395e-05
2019,ITA,Nickel,compound,direct_partner,-0.4641279002574878,-0.0515988183844847,0.5041654487429735,3.669660533173753e-05
2019,JPN,Nickel,compound,integrated,-0.2473005274408683,-0.018162002312864,-0.4547744770532885,0.0003829193842935
2019,KOR,Nickel,compound,integrated,-0.2139258882951412,-0.0125292287651968,-0.440707854923385,0.0002566958169204
2019,BEL,Nickel,compound,integrated,-0.2509896457910343,-0.0297089620516208,-0.0777540701324957,0.0001969912208852
2019,CAN,Nickel,compound,integrated,-0.1928671277266968,0.0055832243838258,-0.4285479350845004,0.0001301698163947
2019,CHN,Nickel,compound,integrated,-0.2904270497588766,-0.0042135329776486,-0.1257258903882135,0.0001113633200511
2019,AUS,Nickel,compound,integrated,-0.2713368186084687,0.0151445488769861,-0.531788691398214,8.983421921440056e-05
2019,DEU,Nickel,compound,integrated,-0.1389910280885666,-0.0200874648424309,-0.1130794360663782,7.352552325815263e-05
2019,MYS,Nickel,compound,integrated,-0.2069224037662956,-0.0088109898474529,0.060148959150203,5.901119316894675e-05
2019,USA,Nickel,compound,integrated,-0.1046539606407254,-0.0033035904392237,-0.3274015423757332,5.388503491460098e-05
2019,IND,Nickel,compound,integrated,-0.0981487890929343,-0.0168856870126295,-0.2229402191034359,4.648128381016788e-05
2019,PHL,Nickel,compound,integrated,-0.1205781649637744,-0.0078648949335686,-0.4469320927310407,4.3654550408382086e-05
2019,GBR,Nickel,compound,integrated,-0.3672673328609361,-0.044321428861486,-0.1815696968576398,3.691974937691395e-05
2019,ITA,Nickel,compound,integrated,-0.4008168281041629,-0.051474927153562,-0.0119927324060717,3.669660533173753e-05
2019,NOR,Nickel,material,direct_partner,-0.5730555556331642,-0.200641366182206,-0.3448824382300375,0.0054475759405227
2019,JPN,Nickel,material,direct_partner,-0.3099391015375112,-0.1911963439438442,0.2164760719045629,0.0054393924430361
2019,CHN,Nickel,material,direct_partner,-0.1549793251615758,-0.0507657966070518,0.1339563362773662,0.0047573330249049
2019,FIN,Nickel,material,direct_partner,-0.8635957552879654,-0.3191042295028804,0.5289532815650196,0.003099496941092
2019,GBR,Nickel,material,direct_partner,-0.4031038278957928,-0.1901735012562191,-0.2306291338140522,0.0024275152038185
2019,CAN,Nickel,material,direct_partner,-0.543442747435258,-0.1717395071734263,-0.5655006743257893,0.0017719901591033
2019,FRA,Nickel,material,direct_partner,-0.8370028040050239,-0.2763266946492949,-0.5139386354931981,0.0002898404562756
2019,ZAF,Nickel,material,direct_partner,-0.8769279248716834,-0.3266370340186532,0.4998845894970639,0.0002088492606371
2019,KOR,Nickel,material,direct_partner,-0.2238246373455412,-0.1338234057910808,0.1515529502937038,0.0002008317216753
2019,NLD,Nickel,material,direct_partner,-0.6734038830789476,-0.2193358665886908,-0.2469165185658276,0.0001885134479667
2019,DEU,Nickel,material,direct_partner,-0.8662635532970027,-0.323871526406373,0.6434869691660198,0.0001272664520192
2019,NOR,Nickel,material,integrated,-0.5147600670945905,-0.1970391608394354,-0.6333591430008536,0.0054475759405227
2019,JPN,Nickel,material,integrated,-0.2517402529120085,-0.1639850805787148,-0.0356623557072855,0.0054393924430361
2019,CHN,Nickel,material,integrated,-0.0860610699280995,-0.0287636734250407,-0.2180307846846672,0.0047573330249049
2019,FIN,Nickel,material,integrated,-0.5798731311459516,-0.2318263169423244,2.2263735836092347e-15,0.003099496941092
2019,GBR,Nickel,material,integrated,-0.3485782289361242,-0.1809149511847004,-0.5276388373448273,0.0024275152038185
2019,CAN,Nickel,material,integrated,-0.5480914190252497,-0.1687777352810617,-0.8271566714074501,0.0017719901591033
2019,FRA,Nickel,material,integrated,-0.8298122185606359,-0.2898688330898903,-0.7056519808120372,0.0002898404562756
2019,ZAF,Nickel,material,integrated,-0.841890896235985,-0.3002176151235323,-2.486987174744566e-06,0.0002088492606371
2019,KOR,Nickel,material,integrated,-0.1624094230164508,-0.1088269944047997,-0.1372679025922163,0.0002008317216753
2019,NLD,Nickel,material,integrated,-0.5656441527635514,-0.1947949565874873,-0.6232750479435385,0.0001885134479667
2019,DEU,Nickel,material,integrated,-0.647342533775677,-0.270324024067932,-0.0022590885701501,0.0001272664520192
2019,CHN,Nickel,metal,direct_partner,-0.1835167983790242,-0.0050226178205557,0.0521378127404881,0.0096841498845461
2019,USA,Nickel,metal,direct_partner,-0.2776559591116768,-0.004725547443619,0.0625247184934666,0.0043910517244861
2019,NLD,Nickel,metal,direct_partner,-0.2193652686684417,0.0002285054546002,0.322561510662931,0.0037401864934163
2019,DEU,Nickel,metal,direct_partner,-0.2557163696154126,-0.0155051319847848,0.5388293086964423,0.0027039299698571
2019,JPN,Nickel,metal,direct_partner,-0.1410573883756343,0.0119528413741505,0.1478202680878988,0.0021513333724479
2019,KOR,Nickel,metal,direct_partner,-0.1319884501270051,0.0122380192244223,0.0983156846372821,0.001801628339867
2019,IND,Nickel,metal,direct_partner,-0.0661973529672534,-0.0001287524917974,0.0978983717891228,0.0015041070585411
2019,ITA,Nickel,metal,direct_partner,-0.2227404514404097,-0.0122467146449871,0.3382885569358796,0.0014300390112097
2019,SGP,Nickel,metal,direct_partner,-0.1847589213001266,-7.94897323325161e-06,-0.0677966286323339,0.0013693009035898
2019,FRA,Nickel,metal,direct_partner,-0.149412305248463,-0.0021381651544735,0.2518641582188295,0.0012465513879826
2019,MYS,Nickel,metal,direct_partner,-0.4118411774663685,-0.0005749564832313,-0.0643809774061242,0.0012280296955599
2019,SWE,Nickel,metal,direct_partner,-0.1167526792892215,0.0033447658077723,0.3579895395923477,0.0011191521582801
2019,ESP,Nickel,metal,direct_partner,-0.0963560111981804,0.0011591453925618,-0.0480193949275248,0.0008893728342281
2019,BEL,Nickel,metal,direct_partner,-0.2032400842550003,-0.0094985715487825,0.1507542263924144,0.0007485889575026
2019,GBR,Nickel,metal,direct_partner,-0.1395492384778722,-0.0031727564857453,0.4026261896965431,0.0004845502617583
2019,AUT,Nickel,metal,direct_partner,-0.1509216188871857,-0.0109052051139163,-0.0068757670071488,0.000429980704792
2019,ARE,Nickel,metal,direct_partner,-0.5950864598121223,-0.0050850702311585,-1.209810029934033e-12,0.0003082066597577
2019,BRA,Nickel,metal,direct_partner,-0.1716607533625723,-0.0036529457461249,-0.370276460285265,0.0002840404118992
2019,TUR,Nickel,metal,direct_partner,-0.1400346489236359,-0.0070220154291887,-0.0909308550861693,0.0002765494040758
2019,SVN,Nickel,metal,direct_partner,-0.1792453975818609,-0.0026621154924786,-0.0986562559951148,0.0002326507127423
2019,HKG,Nickel,metal,direct_partner,-0.1415073031783667,-0.0023492584349716,-0.1223882228039883,0.0002269638478295
2019,SAU,Nickel,metal,direct_partner,-0.7567654638602377,-0.0126003195302307,-0.4929881687269433,0.0001801098006545
2019,UKR,Nickel,metal,direct_partner,-0.4497263241149662,-0.0215665077812477,-0.377377822224453,0.0001447307266279
2019,CHE,Nickel,metal,direct_partner,-0.6891852207054195,-0.0329849851995459,-0.4059726133416944,0.0001427036365709
2019,POL,Nickel,metal,direct_partner,-0.28233399692041,-0.0207657701751851,0.4581791105627519,0.0001395297162786
2019,THA,Nickel,metal,direct_partner,-0.0900642864061972,-0.0037023669957729,0.2850392581800833,0.0001344560587113
2019,CZE,Nickel,metal,direct_partner,-0.1893276815027536,-0.0142045843741202,0.4122528814392146,0.0001059523442966
2019,AUS,Nickel,metal,direct_partner,-0.4381046055229447,-0.0055074858587879,0.1796769391885668,0.0001019479626034
2019,IRN,Nickel,metal,direct_partner,-0.2895331809790832,-0.0089374501112943,0.4144277212034927,7.743582127589661e-05
2019,IDN,Nickel,metal,direct_partner,-0.2158042982502039,-7.056989601242347e-05,0.3208154098860821,6.566875555630701e-05
2019,FIN,Nickel,metal,direct_partner,-0.1945590121301094,-0.0019727394597142,0.2387953643873982,5.849283333042187e-05
2019,MEX,Nickel,metal,direct_partner,-0.2747847057223516,0.0023888481804745,-0.128526757575249,5.650180630597964e-05
2019,SRB,Nickel,metal,direct_partner,-0.2563944991558538,-0.0240401016840621,-0.1767996511051741,4.9381416329580986e-05
2019,LUX,Nickel,metal,direct_partner,-0.5051848019162097,-0.0203543107721288,0.6005245898874134,4.793729946877559e-05
2019,CAN,Nickel,metal,direct_partner,-0.1321277366281018,-0.0012730580391674,-0.1808056305400143,4.678979706171653e-05
2019,CHN,Nickel,metal,integrated,-0.1050095319774687,-0.0114588525133645,-0.4266083374224558,0.0096841498845461
2019,USA,Nickel,metal,integrated,-0.1301590216808591,-0.0144884704937578,-0.3625663059237758,0.0043910517244861
2019,NLD,Nickel,metal,integrated,-0.1017192276407774,0.0095129927866056,-0.3632774644682964,0.0037401864934163
2019,DEU,Nickel,metal,integrated,-0.1241756357146702,-0.0062471073154518,-0.0995702406043606,0.0027039299698571
2019,JPN,Nickel,metal,integrated,-0.0494528610594802,0.0034569231472479,-0.4433017226963713,0.0021513333724479
2019,KOR,Nickel,metal,integrated,-0.0519759806193124,0.0048472368890589,-0.4372400698624084,0.001801628339867
2019,IND,Nickel,metal,integrated,-0.0229393317421015,-0.0108054274415254,-0.1882080574186249,0.0015041070585411
2019,ITA,Nickel,metal,integrated,-0.1471931632759204,0.0052605276343278,-0.1898343422649041,0.0014300390112097
2019,SGP,Nickel,metal,integrated,-0.1381874238196179,-0.0022877475355906,-0.1971358332112041,0.0013693009035898
2019,FRA,Nickel,metal,integrated,-0.0975285906267663,0.0002885892219885,-0.1467675763472871,0.0012465513879826
2019,MYS,Nickel,metal,integrated,-0.3409190681592835,-0.0009169758103559,-0.277547808378926,0.0012280296955599
2019,SWE,Nickel,metal,integrated,-0.0435025580844883,0.0120909462515629,-0.1961818706029982,0.0011191521582801
2019,ESP,Nickel,metal,integrated,-0.0669740153173276,0.0032614476301054,-0.1812166867034837,0.0008893728342281
2019,BEL,Nickel,metal,integrated,-0.0861592189971633,2.550341677040601e-05,-0.4882192956606786,0.0007485889575026
2019,GBR,Nickel,metal,integrated,-0.0616236149207558,0.0067518204061304,-0.2258236237824109,0.0004845502617583
2019,AUT,Nickel,metal,integrated,-0.1219930112933158,-0.0077609608144433,-0.1806600106074384,0.000429980704792
2019,ARE,Nickel,metal,integrated,-0.5787717333545679,-0.0094279385572696,-5.802025526691068e-13,0.0003082066597577
2019,BRA,Nickel,metal,integrated,-0.1372089361620524,-0.0069085889613973,-0.4603416562275826,0.0002840404118992
2019,TUR,Nickel,metal,integrated,-0.1104032519593515,-0.0083505703276719,-0.090978234212715,0.0002765494040758
2019,SVN,Nickel,metal,integrated,-0.1485930189714931,-0.0013625473487715,-0.2511632283716323,0.0002326507127423
2019,HKG,Nickel,metal,integrated,-0.0835501359468347,-0.0080393177081897,-0.4761136979321224,0.0002269638478295
2019,SAU,Nickel,metal,integrated,-0.7476446372103254,-0.0170862522054622,-0.4975656168098251,0.0001801098006545
2019,UKR,Nickel,metal,integrated,-0.4339013277588442,-0.0243921031533955,-0.4724458390296408,0.0001447307266279
2019,CHE,Nickel,metal,integrated,-0.6540916637301581,-0.0314821235525509,-0.5595558054097585,0.0001427036365709
2019,POL,Nickel,metal,integrated,-0.1482895630369567,-0.011582902695279,-0.0899764311872669,0.0001395297162786
2019,THA,Nickel,metal,integrated,-0.0093831043938797,-0.0020658076594652,-0.3649050466113179,0.0001344560587113
2019,CZE,Nickel,metal,integrated,-0.0829657023033268,-0.004697807784477,-0.2190175463807726,0.0001059523442966
2019,AUS,Nickel,metal,integrated,-0.3004849817496211,-0.0108822872602269,-0.239355844254016,0.0001019479626034
2019,IRN,Nickel,metal,integrated,-0.1872288806645977,0.0069688200320491,-0.1061951903467588,7.743582127589661e-05
2019,IDN,Nickel,metal,integrated,-0.1251815626565058,-0.0073910502823241,-0.0447423025512338,6.566875555630701e-05
2019,FIN,Nickel,metal,integrated,-0.098198508117239,0.0050860204727578,-0.2814528931499123,5.849283333042187e-05
2019,MEX,Nickel,metal,integrated,-0.1961365891339134,-0.0018338374335616,-0.4835396620880385,5.650180630597964e-05
2019,SRB,Nickel,metal,integrated,-0.2398332595363324,-0.0250987314371986,-0.2074074649674526,4.9381416329580986e-05
2019,LUX,Nickel,metal,integrated,-0.3717809288989862,-0.0113011900027876,-0.0115612642729552,4.793729946877559e-05
2019,CAN,Nickel,metal,integrated,-0.0894025124491604,-0.003525570230067,-0.3667527604349141,4.678979706171653e-05
2019,CHN,Nickel,ore,direct_partner,-0.2557927652206374,-0.2380397225800522,0.1572010528641287,0.0100557136638876
2019,FIN,Nickel,ore,direct_partner,-0.3467977218270892,-0.303919053174436,-0.2252197091314802,0.0011254516194731
2019,KOR,Nickel,ore,direct_partner,-0.8237663375927242,-0.7418642218534119,0.1732120917330893,0.0008070611877506
2019,JPN,Nickel,ore,direct_partner,-0.4307037184698955,-0.3868146850593781,0.2037057864778168,0.0007453057074576
2019,MKD,Nickel,ore,direct_partner,-0.613239014886942,-0.5458460209595597,-0.1573896785195617,0.0003736383661402
2019,UKR,Nickel,ore,direct_partner,-0.4534100637886477,-0.4221606954815615,0.0111870950072925,0.0002088497970166
2019,CAN,Nickel,ore,direct_partner,-0.7734478609509847,-0.6898425849480966,0.1893009380615368,0.0001917499583118
2019,GRC,Nickel,ore,direct_partner,-0.6800219212373878,-0.605531973397127,-0.2495691492939824,0.0001217243925901
2019,ZAF,Nickel,ore,direct_partner,-0.8726314978682159,-0.7784997254704783,0.2740976588402533,8.656163904714474e-05
2019,AUS,Nickel,ore,direct_partner,-0.8667845593604048,-0.7746980506776932,-0.9142288697731232,7.856421092072258e-05
2019,CHE,Nickel,ore,direct_partner,-0.8809147445891083,-0.7862109275312269,-0.2094168024889969,4.970184195815909e-05
2019,CHN,Nickel,ore,integrated,-0.1921869194742677,-0.1843296156758594,-0.1022540630646208,0.0100557136638876
2019,FIN,Nickel,ore,integrated,-0.3627205083031695,-0.3081208931662648,-0.48814842126465,0.0011254516194731
2019,KOR,Nickel,ore,integrated,-0.7242626818845176,-0.6457276404626157,-0.021740284446151,0.0008070611877506
2019,JPN,Nickel,ore,integrated,-0.3755250761681918,-0.3374605350563944,-0.0014336697227715,0.0007453057074576
2019,MKD,Nickel,ore,integrated,-0.5753029070603077,-0.5564220044607906,-0.6020992014469966,0.0003736383661402
2019,UKR,Nickel,ore,integrated,-0.4070970741102239,-0.420348731475246,-0.507103848155866,0.0002088497970166
2019,CAN,Nickel,ore,integrated,-0.6628721941074444,-0.5824781473110298,-0.0337089250413862,0.0001917499583118
2019,GRC,Nickel,ore,integrated,-0.6423101076818221,-0.6154281030232454,-0.6995958209615095,0.0001217243925901
2019,ZAF,Nickel,ore,integrated,-0.8141285465370334,-0.7171127845973773,-6.169050245820891e-05,8.656163904714474e-05
2019,AUS,Nickel,ore,integrated,-0.868853592101134,-0.7654302640688079,-0.9266633459479408,7.856421092072258e-05
2019,CHE,Nickel,ore,integrated,-0.8262824904433339,-0.7971819958690064,-0.7344835445599946,4.970184195815909e-05
2020,JPN,Nickel,compound,direct_partner,-0.3158943673529362,-0.0335697431941948,0.0204486505945951,0.0006123307505098
2020,BEL,Nickel,compound,direct_partner,-0.1732695536036826,-0.015642569907199,0.4812900836804973,0.0001840062387562
2020,CHN,Nickel,compound,direct_partner,-0.2329254219009713,-0.0207205463270636,0.3521683377084164,0.0001740172461992
2020,KOR,Nickel,compound,direct_partner,-0.3468052914152171,-0.0253545174774517,-0.3443685429124175,9.436604644176204e-05
2020,DEU,Nickel,compound,direct_partner,-0.1268510875851587,-0.0267017598082988,0.4407869433685865,8.289917095803929e-05
2020,CAN,Nickel,compound,direct_partner,-0.3414728043007588,-0.0022433526061441,0.0742026211477751,7.835620849411239e-05
2020,AUS,Nickel,compound,direct_partner,-0.3704533819405594,-0.0027681677124598,-0.1731244706127099,7.782599677008015e-05
2020,MYS,Nickel,compound,direct_partner,-0.2190246430872149,-0.0088301815668265,0.0578827771656158,6.676470143949819e-05
2020,IND,Nickel,compound,direct_partner,-0.2131334463705426,-0.0371517465699238,-0.245972166613716,4.52555791280931e-05
2020,USA,Nickel,compound,direct_partner,-0.1719918488744737,-0.0298826672881792,0.0842970239333091,4.439283315839718e-05
2020,PHL,Nickel,compound,direct_partner,-0.1851586495748671,-0.0225270214755876,0.0902686839168623,3.958313965964524e-05
2020,JPN,Nickel,compound,integrated,-0.2471255998993616,-0.0237024391222725,-0.386173942830642,0.0006123307505098
2020,BEL,Nickel,compound,integrated,-0.113817073966862,-0.0104563777603383,-0.1424380577794123,0.0001840062387562
2020,CHN,Nickel,compound,integrated,-0.1462920681610973,-0.0018865942269455,-0.1848952656146444,0.0001740172461992
2020,KOR,Nickel,compound,integrated,-0.3070186772315829,-0.0185598457645851,-0.4112564029601299,9.436604644176204e-05
2020,DEU,Nickel,compound,integrated,-0.0735361609211508,-0.0185727654276368,-0.1571369172467506,8.289917095803929e-05
2020,CAN,Nickel,compound,integrated,-0.264345335283639,0.0128863277269821,-0.2486632487344829,7.835620849411239e-05
2020,AUS,Nickel,compound,integrated,-0.2770729872483302,0.011812561210208,-0.5091461607420393,7.782599677008015e-05
2020,MYS,Nickel,compound,integrated,-0.2042110413688523,-0.0112660112971566,-0.0233004114724435,6.676470143949819e-05
2020,IND,Nickel,compound,integrated,-0.1857474759988637,-0.0280805043208048,-0.3367811323078831,4.52555791280931e-05
2020,USA,Nickel,compound,integrated,-0.1165431581638812,-0.0135720989315941,-0.2394407413590187,4.439283315839718e-05
2020,PHL,Nickel,compound,integrated,-0.1217823540400655,-0.0122153097141521,-0.4121897559673463,3.958313965964524e-05
2020,NOR,Nickel,material,direct_partner,-0.6355233921651504,-0.2296829689067119,-0.3627302678859613,0.0064372682081375
2020,JPN,Nickel,material,direct_partner,-0.3248737181949091,-0.1862014221705041,0.278153084307574,0.005529671475744
2020,CHN,Nickel,material,direct_partner,-0.1474833329849731,-0.0359815231923422,0.174183492414829,0.0048610395016602
2020,FIN,Nickel,material,direct_partner,-0.8683227223895831,-0.3258388082557155,0.5445264528612916,0.0036096639239816
2020,ZAF,Nickel,material,direct_partner,-0.8793465971420117,-0.3341516940008699,0.4746927042189504,0.0035662386658684
2020,GBR,Nickel,material,direct_partner,-0.4211459903074284,-0.2232378500240575,-0.2161321994231834,0.0019898461390763
2020,CAN,Nickel,material,direct_partner,-0.5448389026838725,-0.2049905669159106,-0.6159226171020111,0.0019879671714633
2020,KOR,Nickel,material,direct_partner,-0.2316421031389906,-0.1321077029071436,0.284310202408932,0.0003423469232588
2020,FRA,Nickel,material,direct_partner,-0.8455605540728305,-0.2870767583723694,-0.4885355665381645,0.0003304878056215
2020,NLD,Nickel,material,direct_partner,-0.4609686006046858,-0.1630632056818601,-0.2101458550550811,0.000237715460101
2020,ESP,Nickel,material,direct_partner,-0.8791084472399269,-0.4377522578141273,-0.4745387307173949,7.220319565330669e-05
2020,SGP,Nickel,material,direct_partner,-0.1355954489558149,-0.0481353327997486,0.2287705804258342,5.9207781800850645e-05
2020,NOR,Nickel,material,integrated,-0.5578232105416978,-0.2138423705350615,-0.6670075136483519,0.0064372682081375
2020,JPN,Nickel,material,integrated,-0.2476834517352465,-0.1424062204515673,-0.0665389153293788,0.005529671475744
2020,CHN,Nickel,material,integrated,-0.0908597479422559,-0.0151834101086116,-0.196968856981337,0.0048610395016602
2020,FIN,Nickel,material,integrated,-0.5752137187819537,-0.2210704142454805,-5.655428815237163e-07,0.0036096639239816
2020,ZAF,Nickel,material,integrated,-0.7884419360878747,-0.2827208878397355,-5.647157796659636e-06,0.0035662386658684
2020,GBR,Nickel,material,integrated,-0.3422508275257877,-0.1996603954974384,-0.5522507924534157,0.0019898461390763
2020,CAN,Nickel,material,integrated,-0.5406579233816388,-0.1967336558988306,-0.7579307723137172,0.0019879671714633
2020,KOR,Nickel,material,integrated,-0.1614926236124397,-0.0955278668688257,-0.0734134442510017,0.0003423469232588
2020,FRA,Nickel,material,integrated,-0.805018125377819,-0.28238281757481,-0.6933713938273554,0.0003304878056215
2020,NLD,Nickel,material,integrated,-0.3882914893292201,-0.1448740753594211,-0.539991014057069,0.000237715460101
2020,ESP,Nickel,material,integrated,-0.8559592950122593,-0.4312483801892763,-0.6116129621936677,7.220319565330669e-05
2020,SGP,Nickel,material,integrated,-0.1095324582178699,-0.0564845140785201,0.0596604244612579,5.9207781800850645e-05
2020,CHN,Nickel,metal,direct_partner,-0.1672372612185168,-0.0051277810702593,0.125865867846051,0.0068296100220961
2020,NLD,Nickel,metal,direct_partner,-0.1889560756905322,0.0008495820324423,0.3528962500451157,0.0045839317275914
2020,USA,Nickel,metal,direct_partner,-0.3590679437050957,-0.0043011046854974,0.1679241441360967,0.0043354523244908
2020,DEU,Nickel,metal,direct_partner,-0.1916781480523969,-0.0117964687589758,0.4679364252103007,0.0024381434708624
2020,JPN,Nickel,metal,direct_partner,-0.1901685936546992,0.0033278366035318,0.3091300662137486,0.0015968416310437
2020,ITA,Nickel,metal,direct_partner,-0.2346379282214308,-0.0147662343908713,0.3514912734535791,0.0014431638749907
2020,KOR,Nickel,metal,direct_partner,-0.1756985135437837,0.004379231122708,0.1895709898437179,0.0013955371614953
2020,IND,Nickel,metal,direct_partner,-0.0667965749503438,-0.0002483707293427,0.0932078017398464,0.0013954958155064
2020,SGP,Nickel,metal,direct_partner,-0.1660860625499983,-0.0033359513647288,-0.0640061090590765,0.0011374585322269
2020,FRA,Nickel,metal,direct_partner,-0.3384751379522309,-0.0208637316092655,0.4054423808363176,0.0011330249847938
2020,SWE,Nickel,metal,direct_partner,-0.1339580789608589,0.0018613862899991,0.3756915302779176,0.0008154241371716
2020,ARE,Nickel,metal,direct_partner,-0.2604051937591753,-0.0106473506361327,-8.038014698286133e-14,0.0007066869445676
2020,ESP,Nickel,metal,direct_partner,-0.0818880259206034,0.0006065901035034,-0.0271966043881238,0.0006910881848522
2020,BEL,Nickel,metal,direct_partner,-0.2117760304836569,-0.0140584877051573,0.3719493745754311,0.0006443978966532
2020,AUT,Nickel,metal,direct_partner,-0.1308126827146873,-0.0078553917714966,-0.049605997243227,0.0005316706224792
2020,GBR,Nickel,metal,direct_partner,-0.1834112770535379,-0.0029504191824133,0.5429504345258093,0.0003032780403972
2020,TUR,Nickel,metal,direct_partner,-0.1865438069030215,-0.0107715350580123,-0.0460066857645703,0.0002895123959804
2020,MYS,Nickel,metal,direct_partner,-0.1232301079901451,-0.0035080709143462,-0.0504025534598164,0.0002415461190955
2020,BRA,Nickel,metal,direct_partner,-0.2844652679956554,-0.0001812663956374,-0.4405136799637099,0.0002388546809033
2020,POL,Nickel,metal,direct_partner,-0.1810246226522118,-0.015024989029006,0.5063358726326006,0.0002125648322601
2020,CHE,Nickel,metal,direct_partner,-0.7332015145153414,-0.0323129485933709,-0.4276556335007021,0.0001883520775311
2020,SVN,Nickel,metal,direct_partner,-0.1325912564799446,-0.0024885734311069,0.0316270350059008,0.0001819661039502
2020,UKR,Nickel,metal,direct_partner,-0.2759491827681568,-0.0040291944250343,-0.3232672728049218,0.0001472521919593
2020,IDN,Nickel,metal,direct_partner,-0.2772825583224876,-0.015018077095335,-0.3057818702392209,0.0001362980928824
2020,CZE,Nickel,metal,direct_partner,-0.1136264792635753,-0.002962406125073,0.2951895914354742,9.214929625221284e-05
2020,IRN,Nickel,metal,direct_partner,-0.3163657596955967,-0.0112089893058647,0.4125891299846612,8.535094502471572e-05
2020,THA,Nickel,metal,direct_partner,-0.1304529450865823,-0.0046453144781186,0.2615453542888596,7.619560096701192e-05
2020,AUS,Nickel,metal,direct_partner,-0.6071920924505237,-0.0113212212612903,0.3304434967602331,6.415958924169041e-05
2020,MEX,Nickel,metal,direct_partner,-0.3137659978101251,-5.231744356180845e-05,-0.048568352686805,5.773423146176864e-05
2020,FIN,Nickel,metal,direct_partner,-0.206233678465267,-0.0130437714140903,0.318099662700316,5.4385781871028766e-05
2020,VNM,Nickel,metal,direct_partner,-0.0916857292731203,-0.00360779412537,0.2099299321581091,4.625842657644306e-05
2020,HKG,Nickel,metal,direct_partner,-0.1875933313032232,-0.0016551439537308,0.1313089074267726,4.1050037286872376e-05
2020,CAN,Nickel,metal,direct_partner,-0.1526961564955954,-0.0090874957551931,-0.1716529176511865,4.0611501235234e-05
2020,CHN,Nickel,metal,integrated,-0.0812197010856648,-0.0134544405868351,-0.4312757079500385,0.0068296100220961
2020,NLD,Nickel,metal,integrated,-0.0766749239410074,0.0107719033170818,-0.2982482888319217,0.0045839317275914
2020,USA,Nickel,metal,integrated,-0.1998677414693523,-0.008670220640926,-0.2935962786270739,0.0043354523244908
2020,DEU,Nickel,metal,integrated,-0.0687233157180192,-0.0019830783509086,-0.156734780581579,0.0024381434708624
2020,JPN,Nickel,metal,integrated,-0.0779778870271499,-0.0034287960342347,-0.3825830327570512,0.0015968416310437
2020,ITA,Nickel,metal,integrated,-0.1518224600755021,0.0069395953803094,-0.1681879596945966,0.0014431638749907
2020,KOR,Nickel,metal,integrated,-0.0781904758173287,-0.0037274919071977,-0.4223866461745098,0.0013955371614953
2020,IND,Nickel,metal,integrated,-0.0197456869013155,-0.0093407756717428,-0.2055668735842069,0.0013954958155064
2020,SGP,Nickel,metal,integrated,-0.112882372594454,-0.0073521446993762,-0.185498991484672,0.0011374585322269
2020,FRA,Nickel,metal,integrated,-0.1578614951086469,-0.0104595569078092,-0.0520336805803858,0.0011330249847938
2020,SWE,Nickel,metal,integrated,-0.0473404124910312,0.0105358538142201,-0.1695158614069992,0.0008154241371716
2020,ARE,Nickel,metal,integrated,-0.2273549451533686,-0.0139566787255247,-6.648015471455437e-13,0.0007066869445676
2020,ESP,Nickel,metal,integrated,-0.0548149831377147,0.0021590544641117,-0.1553747350206209,0.0006910881848522
2020,BEL,Nickel,metal,integrated,-0.0831498060886513,-0.0042799527232181,-0.2503730217912849,0.0006443978966532
2020,AUT,Nickel,metal,integrated,-0.0961221153884072,-0.0067655354582927,-0.1767264427600088,0.0005316706224792
2020,GBR,Nickel,metal,integrated,-0.0604011939919117,0.0062243474210281,-0.0957491689376348,0.0003032780403972
2020,TUR,Nickel,metal,integrated,-0.1517042667578232,-0.0145969058544736,-0.0617821399722279,0.0002895123959804
2020,MYS,Nickel,metal,integrated,-0.0741562604858819,-0.0070965486195791,-0.1610034298627747,0.0002415461190955
2020,BRA,Nickel,metal,integrated,-0.2405794978109133,-0.0046653976329543,-0.5407174203270537,0.0002388546809033
2020,POL,Nickel,metal,integrated,-0.0680927113587498,-0.0052974945255617,-0.0385370776209766,0.0002125648322601
2020,CHE,Nickel,metal,integrated,-0.6820572882678916,-0.0332259265141949,-0.5513907679808246,0.0001883520775311
2020,SVN,Nickel,metal,integrated,-0.1013623722247646,-8.289204947428686e-05,-0.1291996541851673,0.0001819661039502
2020,UKR,Nickel,metal,integrated,-0.2371473396349972,-0.0074827943906246,-0.4243690625515443,0.0001472521919593
2020,IDN,Nickel,metal,integrated,-0.2294642062837785,-0.0193814428096141,-0.5803388074277236,0.0001362980928824
2020,CZE,Nickel,metal,integrated,-0.0468062460663642,0.0068519916214261,-0.2868955756314522,9.214929625221284e-05
2020,IRN,Nickel,metal,integrated,-0.1909120836339989,0.0036222794734666,-0.0906479326269091,8.535094502471572e-05
2020,THA,Nickel,metal,integrated,-0.0410007251041806,-0.0022302697088993,-0.3944789839227695,7.619560096701192e-05
2020,AUS,Nickel,metal,integrated,-0.4641848726668867,-0.0115501082695969,-0.110727842741045,6.415958924169041e-05
2020,MEX,Nickel,metal,integrated,-0.239633258516458,-0.0034737214857145,-0.4349151286081054,5.773423146176864e-05
2020,FIN,Nickel,metal,integrated,-0.0876220186595675,-0.0045357238831542,-0.2415488685959271,5.4385781871028766e-05
2020,VNM,Nickel,metal,integrated,-0.0372902647942469,-0.0116821288868414,-0.3831979876437805,4.625842657644306e-05
2020,HKG,Nickel,metal,integrated,-0.0870970499844865,-0.0090497758179205,-0.472110881511857,4.1050037286872376e-05
2020,CAN,Nickel,metal,integrated,-0.1158000412373242,-0.0133310072286348,-0.3455257799849807,4.0611501235234e-05
2020,CHN,Nickel,ore,direct_partner,-0.3220359418800823,-0.2841394408974881,0.1783234410509977,0.0102631136688307
2020,CAN,Nickel,ore,direct_partner,-0.6121238323217133,-0.539470327303413,0.1038275149352415,0.0008761775524218
2020,FIN,Nickel,ore,direct_partner,-0.4766559137328201,-0.4206841503027718,-0.0650703644535213,0.0007509261029778
2020,KOR,Nickel,ore,direct_partner,-0.8702858063844692,-0.7849091601792897,0.1780528543203701,0.0007466680488713
2020,JPN,Nickel,ore,direct_partner,-0.5674369105086702,-0.5098698235104536,0.2089335313260125,0.0006282177702754
2020,MKD,Nickel,ore,direct_partner,-0.752968688054063,-0.672010233445199,-0.27745793499834,0.0003741503389648
2020,UKR,Nickel,ore,direct_partner,-0.4928357944142997,-0.4434994176961971,-0.1009606060080879,0.0002653202907188
2020,GRC,Nickel,ore,direct_partner,-0.8075704598730626,-0.7218289248613334,-0.3457933385188801,0.0001179506628312
2020,BEL,Nickel,ore,direct_partner,-0.8921461779259946,-0.8033471128683785,-0.0771183335131719,0.0001026251312223
2020,ZAF,Nickel,ore,direct_partner,-0.8587214744748443,-0.7673002994945629,0.3563064194544828,9.902591638131472e-05
2020,CHN,Nickel,ore,integrated,-0.2582450717226907,-0.2283321558073058,-0.0951229362634917,0.0102631136688307
2020,CAN,Nickel,ore,integrated,-0.5105587399561243,-0.4466737469199642,-0.1657786954872325,0.0008761775524218
2020,FIN,Nickel,ore,integrated,-0.458908644284885,-0.3956489652254349,-0.3758215618240762,0.0007509261029778
2020,KOR,Nickel,ore,integrated,-0.7672023852319025,-0.6859101557223454,-0.0130581592000729,0.0007466680488713
2020,JPN,Nickel,ore,integrated,-0.4955146067527639,-0.4449616060329003,-0.0006121756000314,0.0006282177702754
2020,MKD,Nickel,ore,integrated,-0.7130186779620477,-0.6883831972932839,-0.7276707399373414,0.0003741503389648
2020,UKR,Nickel,ore,integrated,-0.4413117052274373,-0.4437222143568675,-0.5698021007703031,0.0002653202907188
2020,GRC,Nickel,ore,integrated,-0.7732719545760675,-0.7409145189865507,-0.7995515776922795,0.0001179506628312
2020,BEL,Nickel,ore,integrated,-0.756389165923878,-0.7504470141288099,-0.9996745329159528,0.0001026251312223
2020,ZAF,Nickel,ore,integrated,-0.7986743206603177,-0.7068313858871738,-0.0153737494888222,9.902591638131472e-05
2021,JPN,Nickel,compound,direct_partner,-0.2661097892081671,-0.0228212084025898,0.0479834914763593,0.0006645267681467
2021,CHN,Nickel,compound,direct_partner,-0.2014847660007439,-0.0319617424924996,0.4456826997677892,0.0005611735765104
2021,BEL,Nickel,compound,direct_partner,-0.1651947971643797,-0.0163864429619755,0.5313168990872456,0.0001784998474477
2021,CAN,Nickel,compound,direct_partner,-0.263974316575666,-0.0056936390896872,-0.0055211794653364,8.993909329385225e-05
2021,KOR,Nickel,compound,direct_partner,-0.217921630369066,-0.0014111063290146,-0.1732044208768979,6.717163085228537e-05
2021,USA,Nickel,compound,direct_partner,-0.1205844652304085,-0.0054018642569972,0.2031130332011251,6.618391772258144e-05
2021,MYS,Nickel,compound,direct_partner,-0.1874744117089232,-0.0105014615759681,0.0821068711773183,6.385076531708144e-05
2021,DEU,Nickel,compound,direct_partner,-0.1419212469735161,-0.0112186559541906,0.4178065283742947,6.19865269348455e-05
2021,PHL,Nickel,compound,direct_partner,-0.219417459861085,-0.0115548438575696,-0.1361241311961119,4.716572316814703e-05
2021,GBR,Nickel,compound,direct_partner,-0.282403627688178,-0.0372411590340463,0.4659099203603531,4.468595709495661e-05
2021,IND,Nickel,compound,direct_partner,-0.162181022251829,0.0013599100672131,-0.1141690853388007,3.862145910080798e-05
2021,ITA,Nickel,compound,direct_partner,-0.3191367924182996,-0.0038344448187399,0.4770560029198454,3.721746021325782e-05
2021,SWE,Nickel,compound,direct_partner,-0.3163419968279814,-0.0426223174624171,-0.4257701596411134,3.4286362135047234e-05
2021,TUR,Nickel,compound,direct_partner,-0.1543769429908644,-0.0082639091495393,-0.4504217839646598,2.654977153999793e-05
2021,JPN,Nickel,compound,integrated,-0.2075688675463428,-0.0155577657292058,-0.1997837090872357,0.0006645267681467
2021,CHN,Nickel,compound,integrated,-0.0867643343982053,-0.000986150703722,-0.0759504166385258,0.0005611735765104
2021,BEL,Nickel,compound,integrated,-0.1103540225147465,-0.0096638477542,-0.1005772172549994,0.0001784998474477
2021,CAN,Nickel,compound,integrated,-0.1897792369851412,0.0052533960132097,-0.2621739239136884,8.993909329385225e-05
2021,KOR,Nickel,compound,integrated,-0.1791021094968446,0.0031009813177637,-0.1478217141729751,6.717163085228537e-05
2021,USA,Nickel,compound,integrated,-0.0598337385557118,0.0017358287097089,-0.1310796937677713,6.618391772258144e-05
2021,MYS,Nickel,compound,integrated,-0.1753572260234309,-0.0090135801234315,0.0181826747709263,6.385076531708144e-05
2021,DEU,Nickel,compound,integrated,-0.0867250148925635,-0.0109768974834485,-0.1643148585448896,6.19865269348455e-05
2021,PHL,Nickel,compound,integrated,-0.1598706442223148,-0.001637395510932,-0.2446913983319683,4.716572316814703e-05
2021,GBR,Nickel,compound,integrated,-0.2423467390994565,-0.0351838494381029,-0.0968879790530472,4.468595709495661e-05
2021,IND,Nickel,compound,integrated,-0.1369100865054731,0.0047268059560303,-0.1534503125654001,3.862145910080798e-05
2021,ITA,Nickel,compound,integrated,-0.2752924333323197,-0.0002478872858084,-0.0531367404364596,3.721746021325782e-05
2021,SWE,Nickel,compound,integrated,-0.2575756892925148,-0.0452032046238399,-0.9305863716304345,3.4286362135047234e-05
2021,TUR,Nickel,compound,integrated,-0.1292392880831972,-0.0036429425020236,-0.5981034249669135,2.654977153999793e-05
2021,NOR,Nickel,material,direct_partner,-0.6834963929647582,-0.2291315315774813,-0.5043042941357647,0.0060435316036066
2021,CHN,Nickel,material,direct_partner,-0.09520779771237,-0.0284865554356942,0.1727876436794149,0.0054858543228002
2021,JPN,Nickel,material,direct_partner,-0.2945474891351579,-0.1815668187309913,0.2069345760875404,0.0049531836557335
2021,FIN,Nickel,material,direct_partner,-0.8240523635510865,-0.2825209007223518,0.4355423356223085,0.003221662924882
2021,CAN,Nickel,material,direct_partner,-0.6193298508639469,-0.1930447786884159,-0.5493705253091401,0.0017589739176355
2021,GBR,Nickel,material,direct_partner,-0.6391820762931476,-0.3481646956876176,-0.2707040734675493,0.0009877245160042
2021,FRA,Nickel,material,direct_partner,-0.8029585636204661,-0.2555510098670734,-0.5817516911062821,0.0004030458437234
2021,NLD,Nickel,material,direct_partner,-0.4352380793597624,-0.1329035674032708,-0.2276593645951906,0.0002106744016207
2021,KOR,Nickel,material,direct_partner,-0.2204209504257024,-0.0908858923109652,-0.1669983183558638,0.0001997638706455
2021,ESP,Nickel,material,direct_partner,-0.6017631608364745,-0.3343988098921385,-0.302040917525624,9.743388336793747e-05
2021,ITA,Nickel,material,direct_partner,-0.2416802502312552,-0.1638659764368911,0.0469737383726887,4.151570744657292e-05
2021,NOR,Nickel,material,integrated,-0.649785327744574,-0.2306612214834817,-0.6929947150441759,0.0060435316036066
2021,CHN,Nickel,material,integrated,-0.0264887513804736,0.000880163584596,-0.1664298183952485,0.0054858543228002
2021,JPN,Nickel,material,integrated,-0.2188198675166281,-0.1390461584497742,-0.0539769263948055,0.0049531836557335
2021,FIN,Nickel,material,integrated,-0.5592885054320189,-0.2158300486292837,-2.0157656390086425e-06,0.003221662924882
2021,CAN,Nickel,material,integrated,-0.6408142887812099,-0.1915089915687866,-0.8030529324129773,0.0017589739176355
2021,GBR,Nickel,material,integrated,-0.5200740985319783,-0.3124717170791861,-0.6525726391550449,0.0009877245160042
2021,FRA,Nickel,material,integrated,-0.7890277144166873,-0.2608254810466482,-0.6928273052891347,0.0004030458437234
2021,NLD,Nickel,material,integrated,-0.4014270177384663,-0.126439461404024,-0.5877282214165124,0.0002106744016207
2021,KOR,Nickel,material,integrated,-0.1836266677963134,-0.0708508146180637,-0.3820664441440834,0.0001997638706455
2021,ESP,Nickel,material,integrated,-0.5937507835246456,-0.3289391487927634,-0.4510036891621056,9.743388336793747e-05
2021,ITA,Nickel,material,integrated,-0.2725704217705402,-0.1634147119449452,-0.2341144854301823,4.151570744657292e-05
2021,CHN,Nickel,metal,direct_partner,-0.1172960822670852,-0.0020966960233572,0.1300324273002956,0.0165626925668544
2021,NLD,Nickel,metal,direct_partner,-0.191201062874101,-0.0093309023036775,0.2723637504948358,0.0040057032251542
2021,USA,Nickel,metal,direct_partner,-0.2214546412622866,8.619158809547445e-05,0.174116511397722,0.003657904985406
2021,JPN,Nickel,metal,direct_partner,-0.140078482131415,0.0045262024582666,0.231546081097729,0.0020890314010255
2021,KOR,Nickel,metal,direct_partner,-0.1331041033970846,-0.0010210276723774,0.1397361438524262,0.0019932649327139
2021,DEU,Nickel,metal,direct_partner,-0.0846046785415662,-0.0093477811382019,0.356425238750963,0.0019818262868063
2021,IND,Nickel,metal,direct_partner,-0.0538042356802611,0.0026311615604968,0.0237740949943667,0.0017754924423403
2021,ITA,Nickel,metal,direct_partner,-0.1805877427045049,-0.0013227237542327,0.3079915279761308,0.0015542010119213
2021,FRA,Nickel,metal,direct_partner,-0.2601597054513377,-0.0259833317689658,0.294738192078315,0.0011335848215662
2021,BEL,Nickel,metal,direct_partner,-0.3199523782214204,-0.0043987378468934,0.3114904069000093,0.0009089329510201
2021,ARE,Nickel,metal,direct_partner,-0.2042775640588276,-0.0143080289423735,-1.067257393572163e-12,0.0008174985616504
2021,SWE,Nickel,metal,direct_partner,-0.1359465911271035,-0.0048968595597972,0.3512522698643895,0.0007488019518151
2021,ESP,Nickel,metal,direct_partner,-0.1261453359524009,-7.54550366216522e-05,0.0505353411588476,0.0007040850030429
2021,GBR,Nickel,metal,direct_partner,-0.1366784724899648,-0.0004218977879247,0.3769202514546931,0.0003757583838864
2021,BRA,Nickel,metal,direct_partner,-0.2119061801982592,0.0010105318622525,-0.2638884809548236,0.0003667406512756
2021,AUT,Nickel,metal,direct_partner,-0.1477252913937494,-0.0122847530372473,-0.1423108020053367,0.0003003344729705
2021,TUR,Nickel,metal,direct_partner,-0.1508859559250472,-0.0121392724969695,0.0537374798156147,0.000282145910434
2021,IDN,Nickel,metal,direct_partner,-0.128371907411893,-0.0084699119282146,0.1288541082337816,0.000189872814034
2021,SVN,Nickel,metal,direct_partner,-0.2043641655863695,-0.0186912577735246,-0.050630637979371,0.0001766237306676
2021,POL,Nickel,metal,direct_partner,-0.1160128399349877,-0.012424623872151,0.3714596803803157,0.0001765353468016
2021,SGP,Nickel,metal,direct_partner,-0.1254964027196565,0.0017582944698696,0.0190730402010071,0.0001567721610126
2021,AUS,Nickel,metal,direct_partner,-0.3663129909740386,0.0034590755148964,-0.0838818413160232,0.0001551136560634
2021,IRN,Nickel,metal,direct_partner,-0.2444257769753487,-0.0123649936845963,0.5342052528151857,0.0001194437511183
2021,MEX,Nickel,metal,direct_partner,-0.2890332353908973,-0.001980430209563,0.3472596398590414,0.0001183140102515
2021,CZE,Nickel,metal,direct_partner,-0.0880894978363786,-0.0094317726440224,0.2230139404437187,0.0001121885811541
2021,THA,Nickel,metal,direct_partner,-0.1179945672382272,-0.0084817748555539,0.3599752567347832,0.0001000380009285
2021,UKR,Nickel,metal,direct_partner,-0.1817400762905452,-0.0015490156449265,-0.2157982646536415,9.289589823542046e-05
2021,MYS,Nickel,metal,direct_partner,-0.0894603818971327,-0.0036012182624587,-0.0308146910992399,9.012901940100696e-05
2021,HKG,Nickel,metal,direct_partner,-0.234949164334682,-0.0011073636449448,-0.1604687841467725,8.609243981958803e-05
2021,VNM,Nickel,metal,direct_partner,-0.0980415078529285,0.0003316876507306,0.2040228222823589,5.090836867830212e-05
2021,CHE,Nickel,metal,direct_partner,-0.1689231069394982,-0.0169841174409815,0.0448842698653986,4.7503584800847344e-05
2021,CAN,Nickel,metal,direct_partner,-0.1772683423789381,-0.0305434407880282,-0.3021892927772068,4.363946186257247e-05
2021,FIN,Nickel,metal,direct_partner,-0.444498408127166,-0.0032006779299935,0.2133576046746489,3.8138172163716734e-05
2021,ARG,Nickel,metal,direct_partner,-0.1103180434835501,-0.0031737614415237,-0.3373913096654504,3.4537224580555024e-05
2021,EGY,Nickel,metal,direct_partner,-0.1434283876193656,-0.0167939034788501,0.1740504224283958,2.8929963762359747e-05
2021,PAK,Nickel,metal,direct_partner,-0.1160389817530803,-0.0177705640462967,-0.3215275649810174,2.835326728186352e-05
2021,CHN,Nickel,metal,integrated,-0.0621427647120687,-0.0043634949233523,-0.1401378007699408,0.0165626925668544
2021,NLD,Nickel,metal,integrated,-0.079977652684845,0.002833574641177,-0.3148666478374097,0.0040057032251542
2021,USA,Nickel,metal,integrated,-0.1552949804390485,-0.0058467307401604,-0.1810657931508414,0.003657904985406
2021,JPN,Nickel,metal,integrated,-0.0589229248781775,0.0039346962507689,-0.2421405883975994,0.0020890314010255
2021,KOR,Nickel,metal,integrated,-0.0696321601375728,-0.0020420164282265,-0.188092494493297,0.0019932649327139
2021,DEU,Nickel,metal,integrated,-0.0215298452871907,0.0001166410651429,-0.1880254101277542,0.0019818262868063
2021,IND,Nickel,metal,integrated,-0.0047569011404518,-0.0072747335799174,-0.2197308827329451,0.0017754924423403
2021,ITA,Nickel,metal,integrated,-0.1198517268508845,0.0215815646397672,-0.1726636232636608,0.0015542010119213
2021,FRA,Nickel,metal,integrated,-0.1164351720264805,-0.0186697909027417,-0.0237928732940316,0.0011335848215662
2021,BEL,Nickel,metal,integrated,-0.23032820419723,-0.0038706113510817,-0.1755753845668052,0.0009089329510201
2021,ARE,Nickel,metal,integrated,-0.205135665530542,-0.017218693967974,-3.091971123581061e-13,0.0008174985616504
2021,SWE,Nickel,metal,integrated,-0.0461228749104876,0.0034955659617922,-0.0705324809421262,0.0007488019518151
2021,ESP,Nickel,metal,integrated,-0.1115240582975028,0.0057618248246019,-0.083749354701631,0.0007040850030429
2021,GBR,Nickel,metal,integrated,-0.0375630153688106,0.0057862508240093,-0.1841461945713215,0.0003757583838864
2021,BRA,Nickel,metal,integrated,-0.2024313196160375,-0.0002757292261905,-0.4133510182338747,0.0003667406512756
2021,AUT,Nickel,metal,integrated,-0.1384501930979653,-0.0099163612118841,-0.2184183679643481,0.0003003344729705
2021,TUR,Nickel,metal,integrated,-0.1421016593290142,-0.0146753846248209,-0.0360987372652835,0.000282145910434
2021,IDN,Nickel,metal,integrated,-0.086577905745424,-0.014061402293192,-0.1927396855451589,0.000189872814034
2021,SVN,Nickel,metal,integrated,-0.2007828006200912,-0.0153168784234179,-0.2023915153145452,0.0001766237306676
2021,POL,Nickel,metal,integrated,-0.037055514519486,-0.0033127706525982,-0.0629073463560061,0.0001765353468016
2021,SGP,Nickel,metal,integrated,-0.0865176376359218,-0.0046455353470176,-0.1502766051033085,0.0001567721610126
2021,AUS,Nickel,metal,integrated,-0.4169150049029924,0.00074166030586,-0.485747885479258,0.0001551136560634
2021,IRN,Nickel,metal,integrated,-0.1439987070577308,0.01405191693856,-0.1108986800404404,0.0001194437511183
2021,MEX,Nickel,metal,integrated,-0.0582768369143437,0.0036818239541678,-0.186385694246655,0.0001183140102515
2021,CZE,Nickel,metal,integrated,-0.0252766745318156,0.0001338835223705,-0.3129474784041718,0.0001121885811541
2021,THA,Nickel,metal,integrated,-0.00503685014722,-0.0056343760205112,-0.3309271986482667,0.0001000380009285
2021,UKR,Nickel,metal,integrated,-0.182155305170842,-0.002820572228662,-0.344060368698177,9.289589823542046e-05
2021,MYS,Nickel,metal,integrated,-0.0389577450439873,-0.0071363803190325,-0.1685262448055045,9.012901940100696e-05
2021,HKG,Nickel,metal,integrated,-0.1790078487400268,-0.0001139545417505,-0.3045894909934677,8.609243981958803e-05
2021,VNM,Nickel,metal,integrated,-0.0554214918587103,-0.000399889323924,-0.2165621541659846,5.090836867830212e-05
2021,CHE,Nickel,metal,integrated,-0.1599131339684497,-0.0100802860224124,-0.1193133793806049,4.7503584800847344e-05
2021,CAN,Nickel,metal,integrated,-0.1539375981658938,-0.0329188498721044,-0.486218316768946,4.363946186257247e-05
2021,FIN,Nickel,metal,integrated,-0.3207551359039705,-0.0039058393714573,-0.0480510503793971,3.8138172163716734e-05
2021,ARG,Nickel,metal,integrated,-0.074308195492067,-0.0070039038572351,-0.4827899644895237,3.4537224580555024e-05
2021,EGY,Nickel,metal,integrated,-0.1370517471520599,-0.0184717539023275,0.0726147904070771,2.8929963762359747e-05
2021,PAK,Nickel,metal,integrated,-0.0857923610805526,-0.0225097157600857,-0.5206383663660981,2.835326728186352e-05
2021,CHN,Nickel,ore,direct_partner,-0.2662264620317725,-0.2312524104298243,0.1298721788548918,0.0065861625586084
2021,CAN,Nickel,ore,direct_partner,-0.4082965358462037,-0.3056563047930832,-0.0252841326328953,0.0010030733352368
2021,KOR,Nickel,ore,direct_partner,-0.8288664337944447,-0.7447479167802415,0.1732001329032877,0.0008916536225198
2021,JPN,Nickel,ore,direct_partner,-0.4265553521971115,-0.381982514948827,0.2115931206471218,0.0007310453200748
2021,FIN,Nickel,ore,direct_partner,-0.2956433222757585,-0.2559549993759594,0.1229794979181169,0.0006321001684
2021,MKD,Nickel,ore,direct_partner,-0.6070198561526985,-0.5383590657979991,-0.2931116537695825,0.0002814584998511
2021,UKR,Nickel,ore,direct_partner,-0.886113109458914,-0.7916630562428155,-0.3110229405341919,0.0001574622807497
2021,GRC,Nickel,ore,direct_partner,-0.5554089984252949,-0.4914416713580096,-0.3808089524924054,0.0001508686181895
2021,CHN,Nickel,ore,integrated,-0.1937644504687128,-0.1674642961507058,-0.1417474837857418,0.0065861625586084
2021,CAN,Nickel,ore,integrated,-0.3541847120239837,-0.2576608405686112,-0.2435767665252496,0.0010030733352368
2021,KOR,Nickel,ore,integrated,-0.6815994966441623,-0.6044491952182753,-1.6627250669813274e-05,0.0008916536225198
2021,JPN,Nickel,ore,integrated,-0.3474044350659334,-0.3103813754545663,-0.0003084281040697,0.0007310453200748
2021,FIN,Nickel,ore,integrated,-0.2693838995902884,-0.2303599091105355,-0.1817121289651485,0.0006321001684
2021,MKD,Nickel,ore,integrated,-0.6051769142083394,-0.5568639371614603,-0.6805388156363681,0.0002814584998511
2021,UKR,Nickel,ore,integrated,-0.8650273424355259,-0.8097708293950343,-0.8323865580681526,0.0001574622807497
2021,GRC,Nickel,ore,integrated,-0.5606928686782515,-0.5053802887427324,-0.7425503325892961,0.0001508686181895
2022,CHN,Nickel,compound,direct_partner,-0.3137348106709832,-0.0226513079727733,0.2343169836292091,0.0014071134580169
2022,JPN,Nickel,compound,direct_partner,-0.2804812288931909,-0.0282353516353235,0.0247105007536429,0.0005708083275739
2022,BEL,Nickel,compound,direct_partner,-0.1942019088178742,-0.0181921278744957,0.5324223616547556,0.0002703917630457
2022,USA,Nickel,compound,direct_partner,-0.3101590926444827,-0.0450939668364857,0.2445413120560724,0.0001553701826807
2022,CAN,Nickel,compound,direct_partner,-0.2902327019973046,-0.0119960975896372,-0.240631759080734,0.0001057069805369
2022,IND,Nickel,compound,direct_partner,-0.3273673360488685,-0.0323362593830331,0.2005743682973897,0.0001020807939692
2022,KOR,Nickel,compound,direct_partner,-0.3434314493172296,-0.0235277573613592,-0.3616822980740726,8.61998623772668e-05
2022,DEU,Nickel,compound,direct_partner,-0.1577083310769697,-0.0120588493155463,0.4464874993338477,6.35408696328729e-05
2022,PHL,Nickel,compound,direct_partner,-0.3019070635407539,-0.0639909194870039,0.1990831064999316,5.549903653775055e-05
2022,MYS,Nickel,compound,direct_partner,-0.3166096689631168,-0.0248774155051431,0.0381748134857072,5.213154498562131e-05
2022,ITA,Nickel,compound,direct_partner,-0.2900367259526402,-0.0219545930658317,0.586124304920913,4.858891888594978e-05
2022,SWE,Nickel,compound,direct_partner,-0.2923067702003982,-0.0405516519890354,-0.2980837216096845,4.558582970323751e-05
2022,FRA,Nickel,compound,direct_partner,-0.3087663960785254,-0.0544774767853897,-0.0924010828830554,3.283951411318184e-05
2022,GBR,Nickel,compound,direct_partner,-0.4008929982488493,-0.0335542618709547,0.5721808491990071,2.562355991025971e-05
2022,TUR,Nickel,compound,direct_partner,-0.1663076050694456,-0.008686349982185,-0.4324250603398658,2.425948100604332e-05
2022,IDN,Nickel,compound,direct_partner,-0.1686149502565195,-0.0305883075073067,0.3670866482442274,2.409104271045273e-05
2022,CZE,Nickel,compound,direct_partner,-0.1596101639249122,-0.0181712024309611,0.5247959825653556,2.265650266121045e-05
2022,THA,Nickel,compound,direct_partner,-0.1505773472748246,-0.0197294615329955,0.345418507296401,2.0824809980524773e-05
2022,CHN,Nickel,compound,integrated,-0.1528028877547844,-0.0020752071539342,-0.2294661609465096,0.0014071134580169
2022,JPN,Nickel,compound,integrated,-0.1918465036398976,-0.0213609164783191,-0.1429679146523065,0.0005708083275739
2022,BEL,Nickel,compound,integrated,-0.1188867015616174,-0.010976405422451,-0.1114636208115685,0.0002703917630457
2022,USA,Nickel,compound,integrated,-0.1584241728648411,-0.0161528981376222,-0.170330840759192,0.0001553701826807
2022,CAN,Nickel,compound,integrated,-0.2367514572855003,0.0033034284431659,-0.3330410657826427,0.0001057069805369
2022,IND,Nickel,compound,integrated,-0.1362771515473904,-0.0210993434754191,-0.1015629207291124,0.0001020807939692
2022,KOR,Nickel,compound,integrated,-0.3155709198264261,-0.0191085813260658,-0.1736967441197376,8.61998623772668e-05
2022,DEU,Nickel,compound,integrated,-0.087701900902991,-0.0105319145524566,-0.1490505064328369,6.35408696328729e-05
2022,PHL,Nickel,compound,integrated,-0.1473234800284265,-0.034972801366541,-0.212339351678779,5.549903653775055e-05
2022,MYS,Nickel,compound,integrated,-0.3212270305810241,-0.0180138672029071,-0.0437426905476568,5.213154498562131e-05
2022,ITA,Nickel,compound,integrated,-0.2334829441294326,-0.0150702454085951,-0.0051116425236023,4.858891888594978e-05
2022,SWE,Nickel,compound,integrated,-0.187108117992286,-0.0363510429439828,-0.8964737681045415,4.558582970323751e-05
2022,FRA,Nickel,compound,integrated,-0.26288273172774,-0.0473251438392175,-0.5157404521425906,3.283951411318184e-05
2022,GBR,Nickel,compound,integrated,-0.3503578530077594,-0.0231969932814303,-0.0441431881820845,2.562355991025971e-05
2022,TUR,Nickel,compound,integrated,-0.1307662751760213,-0.0019978768613723,-0.6200355286217192,2.425948100604332e-05
2022,IDN,Nickel,compound,integrated,-0.0291242124940165,0.0018192133969013,-0.094887117049624,2.409104271045273e-05
2022,CZE,Nickel,compound,integrated,-0.0850233926255774,-0.012241817993679,-0.0639979261074409,2.265650266121045e-05
2022,THA,Nickel,compound,integrated,-0.0785659777540868,0.0073632720871865,-0.2313124214640443,2.0824809980524773e-05
2022,CHN,Nickel,material,direct_partner,-0.3192584836380078,-0.2018012255261098,0.2329004591411222,0.013381865413901
2022,NOR,Nickel,material,direct_partner,-0.5572716028596463,-0.1607956958366173,-0.3407870683300135,0.0057918108080144
2022,JPN,Nickel,material,direct_partner,-0.299315769180312,-0.1794301566081448,0.2873838477519172,0.0048146632636809
2022,FIN,Nickel,material,direct_partner,-0.7723475788458025,-0.273802649959838,0.5550149040242303,0.0035843076274881
2022,ZAF,Nickel,material,direct_partner,-0.780104290665397,-0.2503825376420614,0.4951503973182383,0.0020075315171792
2022,GBR,Nickel,material,direct_partner,-0.7059545365248242,-0.4003402947310218,-0.2274265113923933,0.0007340130683565
2022,FRA,Nickel,material,direct_partner,-0.5940400715347263,-0.1520966789089113,-0.3615444795921254,0.0004588421770019
2022,KOR,Nickel,material,direct_partner,-0.2287159947072236,-0.1203033806320504,0.2240144455073512,0.0003824272860843
2022,CAN,Nickel,material,direct_partner,-0.3759073807972948,-0.0973534103269902,-0.6179943434299209,0.0003327881482294
2022,USA,Nickel,material,direct_partner,-0.4044539028661509,-0.1117212951725456,0.0966622578159255,2.844212102911918e-05
2022,CUB,Nickel,material,direct_partner,-0.7781406462025747,-0.2230536780388058,-0.6435741893501248,2.3931145751998424e-05
2022,CHN,Nickel,material,integrated,-0.1765298635203651,-0.1106192300225625,-0.0950044080067435,0.013381865413901
2022,NOR,Nickel,material,integrated,-0.476653163453967,-0.1829437627390725,-0.6405553088071932,0.0057918108080144
2022,JPN,Nickel,material,integrated,-0.1676355887687443,-0.0978182290899816,-0.0578525632688245,0.0048146632636809
2022,FIN,Nickel,material,integrated,-0.5395632581124941,-0.2313032668328874,-3.318723489709501e-06,0.0035843076274881
2022,ZAF,Nickel,material,integrated,-0.5205979720238992,-0.1271914103157849,-1.899889549976332e-05,0.0020075315171792
2022,GBR,Nickel,material,integrated,-0.5832302892803338,-0.4042206262336883,-0.7543968094845698,0.0007340130683565
2022,FRA,Nickel,material,integrated,-0.6033561668353004,-0.1979930524553888,-0.4505368705102403,0.0004588421770019
2022,KOR,Nickel,material,integrated,-0.1440499598580799,-0.0775077924179865,-0.1669811895697187,0.0003824272860843
2022,CAN,Nickel,material,integrated,-0.3323191312079662,-0.0882644418991835,-0.5541950191275504,0.0003327881482294
2022,USA,Nickel,material,integrated,-0.3507295952110442,-0.0538626042799309,-0.1394167252944041,2.844212102911918e-05
2022,CUB,Nickel,material,integrated,-0.7572892705804384,-0.2667407613788051,-0.7850977142277422,2.3931145751998424e-05
2022,CHN,Nickel,metal,direct_partner,-0.1219571262662808,0.0012083644605552,0.1420072917120166,0.0078663070025221
2022,USA,Nickel,metal,direct_partner,-0.1571021402406441,-0.0006788978194042,0.1103260327316271,0.0046580248155714
2022,NLD,Nickel,metal,direct_partner,-0.118946758744782,0.0056412703507252,0.0597037675166727,0.0031314623506531
2022,DEU,Nickel,metal,direct_partner,-0.1394205010508046,-0.0093964496052175,0.3537733550746398,0.0028649629531219
2022,JPN,Nickel,metal,direct_partner,-0.1457893991305335,0.0065414258653699,0.2387924129252068,0.0025027929471879
2022,KOR,Nickel,metal,direct_partner,-0.1176035968258258,0.0101889490042748,0.1925513552630101,0.0017810616043174
2022,IND,Nickel,metal,direct_partner,-0.0667158742211415,0.0024091559077419,0.001368699369341,0.0015104494923644
2022,ITA,Nickel,metal,direct_partner,-0.3348856276004098,-0.0043619535866237,0.4114055368821571,0.0015065373019568
2022,FRA,Nickel,metal,direct_partner,-0.2840656422512024,-0.0351679238889372,0.2869643468559484,0.0012690643271873
2022,BEL,Nickel,metal,direct_partner,-0.2822798948726682,-0.0051914878031961,0.2368054474554866,0.0010312899995801
2022,SWE,Nickel,metal,direct_partner,-0.1184821815350326,0.0005478174321405,0.2470567784787999,0.0007009971179725
2022,ESP,Nickel,metal,direct_partner,-0.1707180881214938,-0.0001985863623868,-0.0011623407300754,0.0006616957598167
2022,GBR,Nickel,metal,direct_partner,-0.1103568248820537,0.0045118227318797,0.2292586781388956,0.0005010653233199
2022,AUT,Nickel,metal,direct_partner,-0.10710870687158,-0.006090265725318,-0.0776572460068417,0.0003972962314524
2022,BRA,Nickel,metal,direct_partner,-0.1529099056961821,0.0006561915597654,-0.327286766668068,0.0003590673622873
2022,TUR,Nickel,metal,direct_partner,-0.1142040786818598,-0.0074506025751201,-0.0496542041901012,0.0003437178660465
2022,SGP,Nickel,metal,direct_partner,-0.1223652770167112,-0.0058307181588905,-0.04183757765241,0.000293575776343
2022,MYS,Nickel,metal,direct_partner,-0.0668675471342216,-0.0050472057529162,0.0252340693513737,0.0002197784280316
2022,POL,Nickel,metal,direct_partner,-0.1555455503640125,-0.0053044464640242,0.3014502681416291,0.0001628630540699
2022,SVN,Nickel,metal,direct_partner,-0.1141947417038316,-0.0109980473036555,-0.075386124116457,0.0001473698737749
2022,ARE,Nickel,metal,direct_partner,-0.23915072024201,-0.0273920979731489,-4.657940699814844e-12,0.0001193994769186
2022,IRN,Nickel,metal,direct_partner,-0.2313575567222618,-0.0093885139020853,0.5062274528446606,9.628220332339342e-05
2022,CZE,Nickel,metal,direct_partner,-0.1093062669429039,-0.0033899829909445,0.2712484074628779,8.580432028628112e-05
2022,MEX,Nickel,metal,direct_partner,-0.1893464191733014,-0.0077003778818476,0.4127367644421049,8.49417077807767e-05
2022,THA,Nickel,metal,direct_partner,-0.1277629376544322,-0.0067076206213297,0.4283364484986582,8.178607070771822e-05
2022,VNM,Nickel,metal,direct_partner,-0.0870594369936592,-0.0113772594985883,0.0561869834501983,8.137304330734554e-05
2022,FIN,Nickel,metal,direct_partner,-0.2136078944711069,-0.0041946100236336,0.0695086926852522,6.899100108710705e-05
2022,HKG,Nickel,metal,direct_partner,-0.4899009832103466,-0.0111043298858838,-0.2552512996559638,6.522874730520895e-05
2022,CHE,Nickel,metal,direct_partner,-0.1477084908933455,-0.0206824361777578,-0.0127904189661942,5.844614184870204e-05
2022,CAN,Nickel,metal,direct_partner,-0.2273352916153578,-0.0278373097467529,-0.2232191360277228,5.826954726023508e-05
2022,UKR,Nickel,metal,direct_partner,-0.1310288412550251,-0.0024078134124235,-0.2980383843384633,3.624154628541919e-05
2022,AUS,Nickel,metal,direct_partner,-0.3932728635113791,-0.0186650281068209,0.5629377075734191,3.245707720880916e-05
2022,SRB,Nickel,metal,direct_partner,-0.2967377159419333,-0.0129016562241692,-0.2339243447931723,3.0762794510890605e-05
2022,IDN,Nickel,metal,direct_partner,-0.0994815095012646,-0.0158329557733105,0.2009321258012487,2.9232808439594264e-05
2022,ARG,Nickel,metal,direct_partner,-0.0830976816670347,0.0017845700099054,0.0030650252609501,2.8745653178299205e-05
2022,DNK,Nickel,metal,direct_partner,-0.203177599648432,-0.022275162772505,0.0193990783254038,2.660657595129491e-05
2022,EGY,Nickel,metal,direct_partner,-0.1249157559012995,-0.010656111660346,-0.0542194982665011,1.96858627414585e-05
2022,CHN,Nickel,metal,integrated,-0.0550743709123903,-0.0022913300770475,-0.2284075237384284,0.0078663070025221
2022,USA,Nickel,metal,integrated,-0.09980719855007,-0.0049891204226162,-0.2379457576271371,0.0046580248155714
2022,NLD,Nickel,metal,integrated,-0.0602024318239418,0.0092999756149348,-0.4296137905564109,0.0031314623506531
2022,DEU,Nickel,metal,integrated,-0.042356052947907,-0.005542944539466,-0.1721637945077566,0.0028649629531219
2022,JPN,Nickel,metal,integrated,-0.0456743159066018,0.0043165224676767,-0.3128407334894194,0.0025027929471879
2022,KOR,Nickel,metal,integrated,-0.0497466873305066,0.0066148945539186,-0.2727677244610036,0.0017810616043174
2022,IND,Nickel,metal,integrated,-0.0155056576648136,-0.0058489289746153,-0.2593032292258467,0.0015104494923644
2022,ITA,Nickel,metal,integrated,-0.1910106036241396,0.0183087740140633,-0.1122946931100968,0.0015065373019568
2022,FRA,Nickel,metal,integrated,-0.1063258298006369,-0.0231856035639443,-0.0064180862951132,0.0012690643271873
2022,BEL,Nickel,metal,integrated,-0.1607102316860525,-0.0027335621672255,-0.2506832856789207,0.0010312899995801
2022,SWE,Nickel,metal,integrated,-0.0322470459222962,0.0048378075720096,-0.1906976362763446,0.0007009971179725
2022,ESP,Nickel,metal,integrated,-0.1500490225685668,0.0023311047395441,-0.1049544054393469,0.0006616957598167
2022,GBR,Nickel,metal,integrated,-0.0344579595001904,0.0081692710395152,-0.3115156495766454,0.0005010653233199
2022,AUT,Nickel,metal,integrated,-0.0871184529461486,-0.0049287807248079,-0.1568797745639561,0.0003972962314524
2022,BRA,Nickel,metal,integrated,-0.1271127188010805,-0.000301794855854,-0.4763666210673412,0.0003590673622873
2022,TUR,Nickel,metal,integrated,-0.0885385522437442,-0.0096922013617324,-0.1212030166841272,0.0003437178660465
2022,SGP,Nickel,metal,integrated,-0.0855582903830112,-0.0049097940783496,-0.1759901933002564,0.000293575776343
2022,MYS,Nickel,metal,integrated,-0.0204531804005021,-0.007904286371046,-0.0875284682280328,0.0002197784280316
2022,POL,Nickel,metal,integrated,-0.0545302095360112,-0.0014595546248828,-0.1024435580612292,0.0001628630540699
2022,SVN,Nickel,metal,integrated,-0.0950937645711271,-0.0096056192930932,-0.1532714861928914,0.0001473698737749
2022,ARE,Nickel,metal,integrated,-0.237367505196312,-0.0264165530871507,-1.3220535777236364e-12,0.0001193994769186
2022,IRN,Nickel,metal,integrated,-0.1671084853326277,0.0199516967219001,-0.1291914475995242,9.628220332339342e-05
2022,CZE,Nickel,metal,integrated,-0.0376861340022149,0.0011938681736229,-0.2487021361494497,8.580432028628112e-05
2022,MEX,Nickel,metal,integrated,-0.0305133112838254,0.0016691093349442,-0.1968585862981591,8.49417077807767e-05
2022,THA,Nickel,metal,integrated,-0.0146298628849734,0.0165692021753558,-0.3080629447651271,8.178607070771822e-05
2022,VNM,Nickel,metal,integrated,-0.0462577978564238,-0.0153085946886782,-0.2153990870940427,8.137304330734554e-05
2022,FIN,Nickel,metal,integrated,-0.1014444818685064,-0.0019339629416539,-0.2858790477886429,6.899100108710705e-05
2022,HKG,Nickel,metal,integrated,-0.3471879631997116,-0.0065781259116942,-0.7045870515277911,6.522874730520895e-05
2022,CHE,Nickel,metal,integrated,-0.1315701879390894,-0.0169889691837692,-0.1113416391602991,5.844614184870204e-05
2022,CAN,Nickel,metal,integrated,-0.2092187785027336,-0.0262079169135079,-0.4505955635493148,5.826954726023508e-05
2022,UKR,Nickel,metal,integrated,-0.1112254315225997,-0.0046441641081322,-0.3780101948387277,3.624154628541919e-05
2022,AUS,Nickel,metal,integrated,-0.2565841452127418,-0.0106024533010286,-0.0659490022772956,3.245707720880916e-05
2022,SRB,Nickel,metal,integrated,-0.3141033684120132,-0.0099699264509224,-0.4036594917233312,3.0762794510890605e-05
2022,IDN,Nickel,metal,integrated,-0.050199384287525,-0.0179128035631919,-0.1898302093912674,2.9232808439594264e-05
2022,ARG,Nickel,metal,integrated,-0.0484404056786503,0.0029987807294898,-0.2093379255565194,2.8745653178299205e-05
2022,DNK,Nickel,metal,integrated,-0.1136837248176558,-0.0215476776770459,-0.3243964047308764,2.660657595129491e-05
2022,EGY,Nickel,metal,integrated,-0.1040748820398159,-0.0118391041912818,-0.1335748245511682,1.96858627414585e-05
2022,CHN,Nickel,ore,direct_partner,-0.1368042394144185,-0.1168803023437757,0.0649627632612229,0.0062354442840206
2022,CAN,Nickel,ore,direct_partner,-0.3387690844326627,-0.2975082829796165,0.0425510720743687,0.001011663623245
2022,KOR,Nickel,ore,direct_partner,-0.7584124236997112,-0.6817277274600082,0.283001972168701,0.000737876129462
2022,FIN,Nickel,ore,direct_partner,-0.3809541086866181,-0.3377138439566173,0.0783490360660708,0.0006210483123373
2022,JPN,Nickel,ore,direct_partner,-0.4930509615450641,-0.4440479648207576,0.2848097774429296,0.0005520297444266
2022,MKD,Nickel,ore,direct_partner,-0.5659109582521341,-0.5032393280996759,-0.3980869483825924,0.0001141602637191
2022,GRC,Nickel,ore,direct_partner,-0.7939920566605497,-0.7090306725661543,-0.4446404424836536,5.621308450418652e-05
2022,UKR,Nickel,ore,direct_partner,-0.8968038796724239,-0.8019535469836074,-0.4416558340367055,2.7072260597385828e-05
2022,CHN,Nickel,ore,integrated,-0.1101148466115446,-0.0974148435434122,-0.1577717489989627,0.0062354442840206
2022,CAN,Nickel,ore,integrated,-0.2860199597376824,-0.24687931342807,-0.2373761281139064,0.001011663623245
2022,KOR,Nickel,ore,integrated,-0.6318041170826756,-0.5593855093727413,-0.0183640545044417,0.000737876129462
2022,FIN,Nickel,ore,integrated,-0.3530966760823014,-0.3018678435366961,-0.1916507631357803,0.0006210483123373
2022,JPN,Nickel,ore,integrated,-0.4145184180734289,-0.3683205893584271,-0.0001770320720982,0.0005520297444266
2022,MKD,Nickel,ore,integrated,-0.5752609364323686,-0.5073650250393508,-0.6909177291600241,0.0001141602637191
2022,GRC,Nickel,ore,integrated,-0.7968942470445406,-0.7146645852025219,-0.7645025076302139,5.621308450418652e-05
2022,UKR,Nickel,ore,integrated,-0.8779187129243962,-0.8004794810332578,-0.8336810451923375,2.7072260597385828e-05
2023,CHN,Nickel,compound,direct_partner,-0.1787477679146731,-0.0197582920137078,0.2442213810894441,0.001826875768759
2023,JPN,Nickel,compound,direct_partner,-0.3398600297633332,-0.0125196284619188,0.05953548976395,0.0004640481098384
2023,KOR,Nickel,compound,direct_partner,-0.2222692418652977,0.022252348553793,-0.257859738098335,0.0003180407066971
2023,BEL,Nickel,compound,direct_partner,-0.2135200580544062,-0.0315541827937658,0.672860002394316,0.0002432408029535
2023,USA,Nickel,compound,direct_partner,-0.2458011786136147,-0.0169707157477781,0.1389270755406399,0.0001713343922694
2023,IND,Nickel,compound,direct_partner,-0.2029945973153544,0.0099707908093978,0.1052911171551302,0.0001127303404547
2023,SWE,Nickel,compound,direct_partner,-0.234040506923166,0.0138062050008102,0.0417693234992367,9.789765249225042e-05
2023,CAN,Nickel,compound,direct_partner,-0.2020112016097675,0.0055982841055883,-0.2813738931881018,8.800705855883614e-05
2023,AUS,Nickel,compound,direct_partner,-0.4057933881950156,0.0228772955024742,-0.3402894181801891,6.85277013179999e-05
2023,PHL,Nickel,compound,direct_partner,-0.3042232892081642,-0.0248965819381195,-0.3507156244635093,6.267511193124081e-05
2023,MYS,Nickel,compound,direct_partner,-0.2852236455641782,0.0013903629431878,0.0241170689890063,6.234007734477913e-05
2023,DEU,Nickel,compound,direct_partner,-0.1611934817726213,-0.0120885283924125,0.4660539757179244,5.714405776789994e-05
2023,ITA,Nickel,compound,direct_partner,-0.4958444974276865,-0.056814259299349,0.7083146353489885,3.260871359041907e-05
2023,SGP,Nickel,compound,direct_partner,-0.1379910857265424,-0.0012381915516687,0.0067004421472454,3.157273831972964e-05
2023,THA,Nickel,compound,direct_partner,-0.1512863701976162,-0.0031834624973195,0.3360758325257313,2.5489010744752177e-05
2023,FRA,Nickel,compound,direct_partner,-0.2829583408536323,-0.0450956015687588,0.0546243727587901,2.546628817546769e-05
2023,GBR,Nickel,compound,direct_partner,-0.3805593565972128,-0.0149396287295092,0.431725607523876,2.532049129258352e-05
2023,CHN,Nickel,compound,integrated,-0.0517058793469899,-0.0025350326154334,-0.20939028033446,0.001826875768759
2023,JPN,Nickel,compound,integrated,-0.2089722973457268,0.001917352199115,-0.2873300272105105,0.0004640481098384
2023,KOR,Nickel,compound,integrated,-0.1765789442236673,0.0110320697756535,-0.3414608264271868,0.0003180407066971
2023,BEL,Nickel,compound,integrated,-0.1723277769277517,-0.0288640775979025,-0.0758930309075037,0.0002432408029535
2023,USA,Nickel,compound,integrated,-0.1249093298169286,0.0002972575825936,-0.2127227747891785,0.0001713343922694
2023,IND,Nickel,compound,integrated,-0.1192817533461677,0.0119640142724868,-0.1330359933351675,0.0001127303404547
2023,SWE,Nickel,compound,integrated,-0.1821420699542588,0.0085507130108298,-0.6128332989885696,9.789765249225042e-05
2023,CAN,Nickel,compound,integrated,-0.1786164188047434,-0.0098307102842269,-0.3852668451577385,8.800705855883614e-05
2023,AUS,Nickel,compound,integrated,-0.3904500532435255,-0.0116766719552717,-0.4917857691800615,6.85277013179999e-05
2023,PHL,Nickel,compound,integrated,-0.2399132511309643,-0.0279620433700011,-0.5052725694696053,6.267511193124081e-05
2023,MYS,Nickel,compound,integrated,-0.2921725421570493,-0.0061761289422216,-0.1519263546703655,6.234007734477913e-05
2023,DEU,Nickel,compound,integrated,-0.1218338562800434,-0.0156151941120749,-0.2039557966466889,5.714405776789994e-05
2023,ITA,Nickel,compound,integrated,-0.4616240273649827,-0.0328726753519384,-0.0007570730112345,3.260871359041907e-05
2023,SGP,Nickel,compound,integrated,-0.0989167230631977,-0.0105278673078947,-0.1397009917763056,3.157273831972964e-05
2023,THA,Nickel,compound,integrated,-0.0420991492119704,0.0081903123234459,-0.2706451520411994,2.5489010744752177e-05
2023,FRA,Nickel,compound,integrated,-0.2714376053770341,-0.0416882531150353,-0.4566898764651125,2.546628817546769e-05
2023,GBR,Nickel,compound,integrated,-0.3345015969309624,-0.0179819945833827,-0.2640121105806673,2.532049129258352e-05
2023,CHN,Nickel,material,direct_partner,-0.398471326067588,-0.2635801076855992,0.2628886268730028,0.0155339362270023
2023,NOR,Nickel,material,direct_partner,-0.3465129478741452,-0.1212881372209902,-0.1433930485404845,0.0054802000500782
2023,JPN,Nickel,material,direct_partner,-0.3117077411229067,-0.2096667581001979,0.3084453337691619,0.0051460347147521
2023,FIN,Nickel,material,direct_partner,-0.7955682060423308,-0.2796033179434769,0.521788044893146,0.0023076122075214
2023,ZAF,Nickel,material,direct_partner,-0.7989397419747681,-0.2609999223627915,0.5229375931174116,0.0020774767070129
2023,GBR,Nickel,material,direct_partner,-0.7967465269151606,-0.4586682895330014,-0.2516362972531698,0.0007949510740156
2023,NLD,Nickel,material,direct_partner,-0.6343456108249679,-0.3863564357002981,-0.232226198582083,0.0003661715120889
2023,CAN,Nickel,material,direct_partner,-0.362156593808687,-0.0838624131972341,-0.5654226777308532,0.0003647151922765
2023,FRA,Nickel,material,direct_partner,-0.7988984270974604,-0.224207024304978,-0.5269626420391531,0.000348287819688
2023,KOR,Nickel,material,direct_partner,-0.2363295741707329,-0.0761291735117982,0.1826838404304471,0.0003156077406771
2023,USA,Nickel,material,direct_partner,-0.5586991272424664,-0.1155674889205809,-0.4607137315126628,8.338186829493407e-05
2023,SWE,Nickel,material,direct_partner,-0.3854702687500044,-0.0585094270790391,0.4883439866630217,5.476768917036188e-05
2023,CHN,Nickel,material,integrated,-0.2488683679877534,-0.154856851858763,-0.0693692165861312,0.0155339362270023
2023,NOR,Nickel,material,integrated,-0.239602788335497,-0.1294314672335405,-0.5090927479847631,0.0054802000500782
2023,JPN,Nickel,material,integrated,-0.1855421570278171,-0.1249298190334355,-0.0689813250748358,0.0051460347147521
2023,FIN,Nickel,material,integrated,-0.5923273082850059,-0.2475948656340033,-3.260523498120971e-08,0.0023076122075214
2023,ZAF,Nickel,material,integrated,-0.515891669232454,-0.1225623482458647,-2.1229288910675355e-05,0.0020774767070129
2023,GBR,Nickel,material,integrated,-0.6319042628650221,-0.4533720367257479,-0.8374639362559778,0.0007949510740156
2023,NLD,Nickel,material,integrated,-0.5067307596700867,-0.3807925529821468,-0.7951583786211244,0.0003661715120889
2023,CAN,Nickel,material,integrated,-0.3253685058389982,-0.0904276194691103,-0.4864879036197477,0.0003647151922765
2023,FRA,Nickel,material,integrated,-0.833613044513157,-0.2933219211221403,-0.5602794104029563,0.000348287819688
2023,KOR,Nickel,material,integrated,-0.1802959352998986,-0.061960702671105,-0.1247525516249285,0.0003156077406771
2023,USA,Nickel,material,integrated,-0.5617947386630997,-0.119127832043911,-0.3962272987810386,8.338186829493407e-05
2023,SWE,Nickel,material,integrated,-0.294963966174215,-0.0533980764975632,-0.0001812663465176,5.476768917036188e-05
2023,USA,Nickel,metal,direct_partner,-0.2179611390592586,-0.0006972838648573,0.2342908008121802,0.0047530818228002
2023,CHN,Nickel,metal,direct_partner,-0.163842296992047,7.819646442830397e-05,0.0251356878427733,0.0043730223482609
2023,NLD,Nickel,metal,direct_partner,-0.1015219585203177,0.0153344267560042,0.0047299551467799,0.0038024266459517
2023,DEU,Nickel,metal,direct_partner,-0.1074134119277661,0.0057646376943343,0.3245743464228233,0.0024131100055872
2023,JPN,Nickel,metal,direct_partner,-0.1819138401487049,0.0197052856744835,0.2831393562210825,0.0021016076764015
2023,KOR,Nickel,metal,direct_partner,-0.1346352702088963,0.0241855111131693,0.1744559173980884,0.00184084025059
2023,IND,Nickel,metal,direct_partner,-0.0858607802549853,0.010407925316504,-0.0361826653291709,0.0015147411389388
2023,ITA,Nickel,metal,direct_partner,-0.2849579950191597,-0.0261443961791083,0.2771572967797653,0.0014969078951561
2023,FRA,Nickel,metal,direct_partner,-0.0866098964535517,0.0089398029684253,0.2059774450867599,0.0012658301980454
2023,BEL,Nickel,metal,direct_partner,-0.1966183678262942,-0.0274417016961729,0.406917766611983,0.0011384255295503
2023,SWE,Nickel,metal,direct_partner,-0.1402852369562973,0.0149895476803674,-0.0366911026873035,0.0007361854562061
2023,SGP,Nickel,metal,direct_partner,-0.1538545560476436,0.004994722407025,-0.0519828277001336,0.0007321099631821
2023,ESP,Nickel,metal,direct_partner,-0.0897404635225915,0.004665949393164,0.0072318932826297,0.0006917865046879
2023,AUT,Nickel,metal,direct_partner,-0.1753599819506692,0.0038180111698024,-0.1302272733645216,0.0004241000251792
2023,GBR,Nickel,metal,direct_partner,-0.1356355138265296,0.0096509749353328,0.2672132868000738,0.0003271480178027
2023,BRA,Nickel,metal,direct_partner,-0.1704582591864201,0.0097593342949414,-0.2990610561928568,0.0003253605905293
2023,TUR,Nickel,metal,direct_partner,-0.1435942293696152,-0.0046623595968038,-0.0646511675410063,0.0003143227764581
2023,MYS,Nickel,metal,direct_partner,-0.1027396468114824,0.0028148528850379,-0.0345735741840741,0.0002016190292678
2023,FIN,Nickel,metal,direct_partner,-0.2846377792896906,-0.0331116319208424,0.1909964743789821,0.000151765308886
2023,MEX,Nickel,metal,direct_partner,-0.1312561264020735,0.0056748491419246,0.06685227604957,0.0001221521643562
2023,SVN,Nickel,metal,direct_partner,-0.0893059317302703,8.848103545405772e-05,-0.1063536471904651,0.0001220386978104
2023,POL,Nickel,metal,direct_partner,-0.1021827430752272,-0.0028239432772487,0.2510671287195762,0.000112780795343
2023,CZE,Nickel,metal,direct_partner,-0.2289666572452399,-0.0176470680847429,0.4301063143740987,0.00010088997159
2023,THA,Nickel,metal,direct_partner,-0.1744118062312558,-0.008218945375093,0.5190666777775489,8.589138295564706e-05
2023,VNM,Nickel,metal,direct_partner,-0.0857692076229133,0.0056682819815961,0.2358665922725165,8.113722664499476e-05
2023,AUS,Nickel,metal,direct_partner,-0.6227916481896774,-0.0216171243340508,0.528240249625537,7.69325167732992e-05
2023,IRN,Nickel,metal,direct_partner,-0.4784478234917516,-0.0162355645000151,0.3602903059614226,7.043553187449707e-05
2023,ARE,Nickel,metal,direct_partner,-0.0989090045897327,0.0102526157227078,-4.440892098500626e-16,5.6725945354998e-05
2023,CAN,Nickel,metal,direct_partner,-0.1105983616511577,0.0035333385904365,-0.2124635657216087,3.359544617761771e-05
2023,UKR,Nickel,metal,direct_partner,-0.1903565128379621,-0.0068877848309053,-0.3206063073510271,3.205495128450385e-05
2023,PAK,Nickel,metal,direct_partner,-0.1506560646694778,-0.0130328726432195,-0.2983449134496722,3.057856321328689e-05
2023,SRB,Nickel,metal,direct_partner,-0.3551584150038997,-0.0120814186411009,-0.1588223253440241,3.0190465408322277e-05
2023,CHE,Nickel,metal,direct_partner,-0.1876634018585474,-0.0229413840458622,0.1365631857016724,2.9736363054003955e-05
2023,DNK,Nickel,metal,direct_partner,-0.3914184412244963,-0.0442380006532344,-0.2972543067193824,2.7457902981180868e-05
2023,HKG,Nickel,metal,direct_partner,-0.1482635024582619,-0.0030698721586854,0.0038294561533976,2.672742003087179e-05
2023,EGY,Nickel,metal,direct_partner,-0.1046328987855457,-0.0111824180212359,-0.0145420350221654,2.6622204837446504e-05
2023,ARG,Nickel,metal,direct_partner,-0.1001625002601745,0.0109043398988318,0.0578541849818335,2.4793518711933986e-05
2023,SAU,Nickel,metal,direct_partner,-0.3286585557829905,-0.0201374684879321,-0.3703504806434727,2.1017893796255133e-05
2023,IDN,Nickel,metal,direct_partner,-0.1022030716356697,-0.0120380310240363,0.3150276173931089,2.098846021060084e-05
2023,USA,Nickel,metal,integrated,-0.0767863004096477,-0.0156631853995102,-0.253151697430497,0.0047530818228002
2023,CHN,Nickel,metal,integrated,-0.0890800413532693,-0.0105713765913415,-0.381600276559086,0.0043730223482609
2023,NLD,Nickel,metal,integrated,-0.0470660976585934,0.0140673112923017,-0.3939939598235317,0.0038024266459517
2023,DEU,Nickel,metal,integrated,-0.0250056436510707,0.0124627347514902,-0.2182545854015292,0.0024131100055872
2023,JPN,Nickel,metal,integrated,-0.0387347516132391,0.016304303106862,-0.4249463036450456,0.0021016076764015
2023,KOR,Nickel,metal,integrated,-0.051454605056199,0.0155033550405725,-0.3590848395568181,0.00184084025059
2023,IND,Nickel,metal,integrated,-0.0381490091363002,-0.0023033639957075,-0.2888531212369996,0.0015147411389388
2023,ITA,Nickel,metal,integrated,-0.1565815578528566,0.0163389901432152,-0.1385681162982956,0.0014969078951561
2023,FRA,Nickel,metal,integrated,-0.0491029204767174,0.0106133688563657,-0.1123775748941921,0.0012658301980454
2023,BEL,Nickel,metal,integrated,-0.0813284560020639,-0.0202872338350469,-0.135177783577878,0.0011384255295503
2023,SWE,Nickel,metal,integrated,-0.0733564880625199,0.0121295566300107,-0.3861440601070628,0.0007361854562061
2023,SGP,Nickel,metal,integrated,-0.1147421282353768,-0.0007145156337136,-0.2065544965583565,0.0007321099631821
2023,ESP,Nickel,metal,integrated,-0.0678382115847603,0.0049136075248536,-0.1219838122454292,0.0006917865046879
2023,AUT,Nickel,metal,integrated,-0.1543725807715949,0.0057535034308424,-0.2104078747907284,0.0004241000251792
2023,GBR,Nickel,metal,integrated,-0.0290494754798146,0.0165118132356003,-0.2937092441479478,0.0003271480178027
2023,BRA,Nickel,metal,integrated,-0.1367636932954271,0.0028985137702019,-0.4411896631263443,0.0003253605905293
2023,TUR,Nickel,metal,integrated,-0.1211375843620662,-0.0108170328129244,-0.1217277800082043,0.0003143227764581
2023,MYS,Nickel,metal,integrated,-0.0644804204588659,-0.0016973812492363,-0.134672415742284,0.0002016190292678
2023,FIN,Nickel,metal,integrated,-0.1298149066384344,-0.0209246792448889,-0.2576036847537975,0.000151765308886
2023,MEX,Nickel,metal,integrated,-0.0722644736885983,0.0039089372533827,-0.3096037704884978,0.0001221521643562
2023,SVN,Nickel,metal,integrated,-0.064074250355265,-0.0014942404571436,-0.2009051149686766,0.0001220386978104
2023,POL,Nickel,metal,integrated,-0.0281541010455405,0.0049320132338614,-0.1983490533959286,0.000112780795343
2023,CZE,Nickel,metal,integrated,-0.11023074675161,-0.0104927036783427,-0.1099628848855795,0.00010088997159
2023,THA,Nickel,metal,integrated,-0.0393406631535181,0.0145128025939347,-0.2166153391116246,8.589138295564706e-05
2023,VNM,Nickel,metal,integrated,-0.0388259398149047,-0.0022749437253783,-0.345873219713569,8.113722664499476e-05
2023,AUS,Nickel,metal,integrated,-0.4832630360451768,-0.029504201748415,-0.0668936142614248,7.69325167732992e-05
2023,IRN,Nickel,metal,integrated,-0.3091705493264064,0.0125162783700218,-0.0616286768760255,7.043553187449707e-05
2023,ARE,Nickel,metal,integrated,-0.0651720123399076,-0.0010970694296192,-3.3306690738754696e-16,5.6725945354998e-05
2023,CAN,Nickel,metal,integrated,-0.0771597653986832,-0.0063046313017574,-0.3978792235611158,3.359544617761771e-05
2023,UKR,Nickel,metal,integrated,-0.1672383817027275,-0.0119954693935709,-0.3866460790413906,3.205495128450385e-05
2023,PAK,Nickel,metal,integrated,-0.1246557529503651,-0.021310081619433,-0.5420980609736679,3.057856321328689e-05
2023,SRB,Nickel,metal,integrated,-0.3456201639799951,-0.0124942448132681,-0.260860156319079,3.0190465408322277e-05
2023,CHE,Nickel,metal,integrated,-0.1485944927570661,-0.0060494481985061,-0.1109426560240708,2.9736363054003955e-05
2023,DNK,Nickel,metal,integrated,-0.3084861493034317,-0.0410839392274974,-0.6037051122857988,2.7457902981180868e-05
2023,HKG,Nickel,metal,integrated,-0.0851616910720156,-0.0133481642080821,-0.3749197348325541,2.672742003087179e-05
2023,EGY,Nickel,metal,integrated,-0.0790826813327871,-0.0190999782804941,-0.0545973598237564,2.6622204837446504e-05
2023,ARG,Nickel,metal,integrated,-0.0609250210418926,0.0084284275408295,-0.1822380267985916,2.4793518711933986e-05
2023,SAU,Nickel,metal,integrated,-0.3178438557724884,-0.0205400753760588,-0.4656318299388401,2.1017893796255133e-05
2023,IDN,Nickel,metal,integrated,-0.0328245687960519,-0.0297541257924533,-0.1548625680287597,2.098846021060084e-05
2023,CHN,Nickel,ore,direct_partner,-0.3074673439909394,-0.2733811536369425,0.116583006786847,0.0069541840078386
2023,CAN,Nickel,ore,direct_partner,-0.172062562317676,-0.1263937202745244,0.070115752676598,0.0018676399932651
2023,KOR,Nickel,ore,direct_partner,-0.7134419382074073,-0.639246775443662,0.2150100165154694,0.0006690490545449
2023,FIN,Nickel,ore,direct_partner,-0.3499745316486524,-0.3040037875577044,-0.2209314095825507,0.0004940794273914
2023,JPN,Nickel,ore,direct_partner,-0.5500413932146128,-0.4939183337643926,0.2337769615402963,0.0002253284293699
2023,CHE,Nickel,ore,direct_partner,-0.8191315092065012,-0.7280956647557414,-0.4155716918454909,0.0001807940035194
2023,ZAF,Nickel,ore,direct_partner,-0.741061159431918,-0.6608211614195452,0.395437687957837,6.47639455589589e-05
2023,MKD,Nickel,ore,direct_partner,-0.8121010141419165,-0.7224583665158554,-0.4121352411585794,5.003964542231447e-05
2023,IDN,Nickel,ore,direct_partner,-0.866343821688171,-0.7873463682466972,0.2375376521704655,3.332466471362779e-05
2023,GRC,Nickel,ore,direct_partner,-0.4613064141524129,-0.3857118329635242,-0.2274405439400493,3.0968506495502995e-05
2023,BEL,Nickel,ore,direct_partner,-0.8174215314142258,-0.7297368488014967,-0.2029972007760782,2.930481397830493e-05
2023,CHN,Nickel,ore,integrated,-0.2207981069579919,-0.1928769769828502,-0.1572329554813453,0.0069541840078386
2023,CAN,Nickel,ore,integrated,-0.1386594038570632,-0.1136876628970206,-0.1690006680449964,0.0018676399932651
2023,KOR,Nickel,ore,integrated,-0.5674138254860915,-0.498405873482512,-0.0016670763748822,0.0006690490545449
2023,FIN,Nickel,ore,integrated,-0.3335214312063202,-0.2813391229799151,-0.4370967451927191,0.0004940794273914
2023,JPN,Nickel,ore,integrated,-0.443524638569069,-0.3921672871031509,-6.338798864943633e-05,0.0002253284293699
2023,CHE,Nickel,ore,integrated,-0.8671657765166724,-0.7557153353853812,-0.6249896681588276,0.0001807940035194
2023,ZAF,Nickel,ore,integrated,-0.6809987772916507,-0.5886324694241025,-0.0613604646858898,6.47639455589589e-05
2023,MKD,Nickel,ore,integrated,-0.8120313711597713,-0.744940380805742,-0.6793779821512195,5.003964542231447e-05
2023,IDN,Nickel,ore,integrated,-0.7970107513327075,-0.7253813283112114,-0.0003019174959187,3.332466471362779e-05
2023,GRC,Nickel,ore,integrated,-0.471348391495216,-0.3862741377610713,-0.4952363877436155,3.0968506495502995e-05
2023,BEL,Nickel,ore,integrated,-0.7161111212072483,-0.6450165132554248,-0.9533802190681836,2.930481397830493e-05
2024,USA,PGM,metal,direct_partner,-0.2210950283538915,-0.0592456780159146,-0.191912589954238,0.0138963617998188
2024,CHN,PGM,metal,direct_partner,-0.2368644820245894,-0.0928012522971218,0.3354226536063384,0.0122292452391594
2024,JPN,PGM,metal,direct_partner,-0.3930338815800384,-0.1204425277523997,0.4420274115658701,0.0097155011631929
2024,DEU,PGM,metal,direct_partner,-0.1123947553019384,-0.0511726390130763,0.0194250662763753,0.0090468108022783
2024,GBR,PGM,metal,direct_partner,-0.1715298004093811,-0.0956881942990409,-0.0902115779195965,0.007761101682867
2024,CHE,PGM,metal,direct_partner,-0.095644415506203,0.0342396372167229,0.0890086510477591,0.0062371554396705
2024,IND,PGM,metal,direct_partner,-0.3372710704148355,-0.0163807177294775,-0.0796900479465705,0.0046410295420256
2024,ITA,PGM,metal,direct_partner,-0.1117972455642705,-0.0168641011643899,0.0203873982561703,0.0038474935131032
2024,KOR,PGM,metal,direct_partner,-0.1431175544225827,-0.0888003766932993,0.2243751080652036,0.0028789158753685
2024,MKD,PGM,metal,direct_partner,0.0,0.0,0.0,0.0027520234446078
2024,BEL,PGM,metal,direct_partner,-0.3033910475061421,-0.0049223381388578,0.3990779913068005,0.001333949180806
2024,POL,PGM,metal,direct_partner,-0.3382468354436209,-1.1102230246251563e-16,0.0239639715994907,0.0011039269454851
2024,IRL,PGM,metal,direct_partner,-0.1856056846652947,-0.0594113514010636,-0.2680334947602604,0.0003265978489773
2024,AUT,PGM,metal,direct_partner,-0.2699148760098318,-0.0449507251523894,0.1813876763115917,0.0002312212479216
2024,ESP,PGM,metal,direct_partner,-0.1092084200062162,-0.0288614003373059,0.1726058650662284,0.0002271199747156
2024,FRA,PGM,metal,direct_partner,-0.150856024211428,-0.0036312029787044,0.1247168484775351,0.0001747727154029
2024,ARG,PGM,metal,direct_partner,-0.2157550702674896,-0.0486488320673197,-0.1980100325500884,0.0001701728048426
2024,NOR,PGM,metal,direct_partner,-0.1512155629344555,-0.0355384983310246,0.0844539458257452,8.973478418583991e-05
2024,NLD,PGM,metal,direct_partner,-0.3980197619498958,-0.040951470645389,0.2074045424093292,8.177474790585568e-05
2024,SGP,PGM,metal,direct_partner,-0.2031327115072038,0.0800863302493466,-2.220446049250313e-16,5.07053290477671e-05
2024,CZE,PGM,metal,direct_partner,-0.464544074204266,-0.0463865887854044,0.3588647749096301,5.03619565556778e-05
2024,AUS,PGM,metal,direct_partner,-0.1644965098078555,0.0449251782213475,0.0832657547657048,4.047115700839379e-05
2024,PRT,PGM,metal,direct_partner,-0.4583489417481884,-5.551115123125783e-17,-0.4371769069482299,3.662972812953448e-05
2024,USA,PGM,metal,integrated,-0.2081645422245243,-0.0809477718546997,-0.5173665903123192,0.0138963617998188
2024,CHN,PGM,metal,integrated,-0.1457282824094622,-0.1162548957139323,-0.0675539309781192,0.0122292452391594
2024,JPN,PGM,metal,integrated,-0.1919598639953956,-0.138407305391992,-0.2162432233438469,0.0097155011631929
2024,DEU,PGM,metal,integrated,-0.0525968319358993,-0.0387792073982791,-0.4202590039086596,0.0090468108022783
2024,GBR,PGM,metal,integrated,-0.1059792191927028,-0.0833593129117798,-0.5045452652461537,0.007761101682867
2024,CHE,PGM,metal,integrated,-0.0414223107823555,0.0473941753809071,-0.2199127415138424,0.0062371554396705
2024,IND,PGM,metal,integrated,-0.2879001316148624,-0.0327794037332423,-0.3262888198130409,0.0046410295420256
2024,ITA,PGM,metal,integrated,-0.064183706282314,-0.0098321693841985,-0.26173005095405,0.0038474935131032
2024,KOR,PGM,metal,integrated,0.0215777051141191,-0.1065979796142024,-0.3198281865042184,0.0028789158753685
2024,MKD,PGM,metal,integrated,2.220446049250313e-16,0.0,1.1102230246251563e-16,0.0027520234446078
2024,BEL,PGM,metal,integrated,-0.2129862116371857,0.0096945259293253,-0.0347012339213689,0.001333949180806
2024,POL,PGM,metal,integrated,-0.3070955940213205,5.551115123125783e-17,7.67091515866995e-15,0.0011039269454851
2024,IRL,PGM,metal,integrated,-0.1541180235446528,-0.0832086357232044,-0.3897628158772189,0.0003265978489773
2024,AUT,PGM,metal,integrated,-0.1494387553742313,0.0020341374850378,-0.0564767233065235,0.0002312212479216
2024,ESP,PGM,metal,integrated,-0.0708282184534672,3.685834595368309e-05,-0.0174499254469015,0.0002271199747156
2024,FRA,PGM,metal,integrated,-0.0714207836727406,0.0310767106777194,-0.1033053272604042,0.0001747727154029
2024,ARG,PGM,metal,integrated,-0.1315713455616762,-0.0796542034997679,-0.434911875382089,0.0001701728048426
2024,NOR,PGM,metal,integrated,-0.0834538586215623,5.9006223321889095e-06,-0.1543437836384626,8.973478418583991e-05
2024,NLD,PGM,metal,integrated,-0.3132992567412052,0.0040070973548698,-0.0134027421239866,8.177474790585568e-05
2024,SGP,PGM,metal,integrated,-0.1670098799721362,0.0456061599007201,1.1102230246251563e-16,5.07053290477671e-05
2024,CZE,PGM,metal,integrated,-0.3821120507783908,0.0002735298788965,-7.762633684127841e-05,5.03619565556778e-05
2024,AUS,PGM,metal,integrated,-0.071873062834104,0.0054336421291287,-0.2311557116590381,4.047115700839379e-05
2024,PRT,PGM,metal,integrated,-0.471342797294093,1.1102230246251563e-16,-0.5940648100682485,3.662972812953448e-05
2012,USA,PGM,metal,direct_partner,-0.1414431686596576,-0.0442872639549178,-0.214726708953669,0.017299064451816
2012,JPN,PGM,metal,direct_partner,-0.2959830546864979,-0.0826553248515472,0.4664037559833462,0.0115274107396584
2012,DEU,PGM,metal,direct_partner,-0.0914668465500913,-0.0237969220725758,0.0738121650264226,0.0115273032237586
2012,CHE,PGM,metal,direct_partner,-0.1232978188316983,-0.028570462058266,-0.1662610127281064,0.0106283894203845
2012,CHN,PGM,metal,direct_partner,-0.0805382457296138,-0.0618617086978615,0.1725656058477025,0.0100963190026602
2012,GBR,PGM,metal,direct_partner,-0.1188382585385136,-0.0555673323169943,-0.0078095643707658,0.0067059403020555
2012,KOR,PGM,metal,direct_partner,-0.1423968507726031,-0.0498039852340791,0.2893182308893065,0.0027437629237084
2012,ITA,PGM,metal,direct_partner,-0.1397035401207896,-0.0390001940458693,-0.121289313299258,0.0018371921204349
2012,IND,PGM,metal,direct_partner,-0.1269624792362275,-0.0035176530917002,-0.0349662709128681,0.000809572233134
2012,ZAF,PGM,metal,direct_partner,-0.5545963226028667,0.0059639676425438,0.3544866886372642,0.0008067521680602
2012,IRL,PGM,metal,direct_partner,-0.2811858705462591,-0.0273854973226976,-0.4490678560519948,0.0004808258432593
2012,BEL,PGM,metal,direct_partner,-0.1753333444931791,-0.0103752949304756,0.3850193053811456,0.000463956388214
2012,CZE,PGM,metal,direct_partner,-0.163847050879311,0.0299764808201255,0.3117640816438617,0.0003672917761907
2012,LTU,PGM,metal,direct_partner,-0.3288719795024122,0.0,-0.2907798072831717,0.0003268669305748
2012,FRA,PGM,metal,direct_partner,-0.1033549786071406,-0.0151214702003714,0.1059913851168191,0.0002219222951046
2012,ARG,PGM,metal,direct_partner,-0.4396276567196887,-0.056199781849094,-0.2610678172047609,0.0001942493715165
2012,ESP,PGM,metal,direct_partner,-0.3944478863318917,-0.0393978392740569,0.2880165260466024,0.0001907084991376
2012,NLD,PGM,metal,direct_partner,-0.2624639107095737,-0.0436544204206436,0.2443389785063437,0.0001552599683444
2012,SGP,PGM,metal,direct_partner,-0.4717856526892277,0.0205667525803388,-2.220446049250313e-16,0.0001393365977374
2012,POL,PGM,metal,direct_partner,-0.4220778707919493,0.0,6.384158748934313e-12,0.00013044761496
2012,THA,PGM,metal,direct_partner,-0.5195815661492441,-0.0417296067057134,0.4780364375404372,0.0001114411340364
2012,AUT,PGM,metal,direct_partner,-0.499493546381805,-0.051246477652162,0.1573172366329701,5.6595662297955176e-05
2012,AUS,PGM,metal,direct_partner,-0.3105589775180386,0.0111996137962618,-0.050538890671566,5.250475512716561e-05
2012,ISR,PGM,metal,direct_partner,-0.6713450029478214,0.0155300158570735,-0.4014939027463267,4.9963500904326056e-05
2012,USA,PGM,metal,integrated,-0.1014876304741897,-0.0555631122810151,-0.4847571143870566,0.017299064451816
2012,JPN,PGM,metal,integrated,-0.0188798950785484,-0.0764873041856079,-0.2713463878398438,0.0115274107396584
2012,DEU,PGM,metal,integrated,-0.0353469327476249,-0.0029653732626258,-0.3719792055818628,0.0115273032237586
2012,CHE,PGM,metal,integrated,-0.0880081367427319,-0.0170201209913657,-0.3842695254826127,0.0106283894203845
2012,CHN,PGM,metal,integrated,0.0041784405599043,-0.0637214383394928,-0.2456664183958766,0.0100963190026602
2012,GBR,PGM,metal,integrated,-0.0548170971020916,-0.0453188446159612,-0.4552871665191539,0.0067059403020555
2012,KOR,PGM,metal,integrated,0.0488039654610872,-0.0470193271014428,-0.3057498030063303,0.0027437629237084
2012,ITA,PGM,metal,integrated,-0.0876261148152425,-0.0238784539690141,-0.368352052281652,0.0018371921204349
2012,IND,PGM,metal,integrated,-0.086318891040529,0.0067472822007545,-0.2680549712791836,0.000809572233134
2012,ZAF,PGM,metal,integrated,-0.2345000538666535,-0.0134960461366968,-0.1622377693521146,0.0008067521680602
2012,IRL,PGM,metal,integrated,-0.2705088928197338,-0.0215848315182553,-0.5245825620208592,0.0004808258432593
2012,BEL,PGM,metal,integrated,-0.1060552415987046,0.0038956376240327,-0.0153620609654363,0.000463956388214
2012,CZE,PGM,metal,integrated,-0.0763362147122707,0.0744494953641594,-8.490379441734783e-05,0.0003672917761907
2012,LTU,PGM,metal,integrated,-0.1995562126666843,1.1102230246251563e-16,-0.5694761868475728,0.0003268669305748
2012,FRA,PGM,metal,integrated,-0.0440012057818482,0.0218241869180284,-0.0769531151529711,0.0002219222951046
2012,ARG,PGM,metal,integrated,-0.4371088083465638,-0.0617242259660116,-0.3020462535920192,0.0001942493715165
2012,ESP,PGM,metal,integrated,-0.2768585920543168,0.0052096628305875,-0.0327249908881979,0.0001907084991376
2012,NLD,PGM,metal,integrated,-0.1880288115765127,0.0025467441289415,-0.0080011646806632,0.0001552599683444
2012,SGP,PGM,metal,integrated,-0.4505806405715009,0.0322068553055888,1.1102230246251563e-16,0.0001393365977374
2012,POL,PGM,metal,integrated,-0.3820378479222698,0.0,9.90847652999875e-15,0.00013044761496
2012,THA,PGM,metal,integrated,-0.217705533742513,-0.0645548348388586,-0.1307969468802217,0.0001114411340364
2012,AUT,PGM,metal,integrated,-0.3955447457212711,0.0008090008794086,-0.0358688826550563,5.6595662297955176e-05
2012,AUS,PGM,metal,integrated,-0.2934028118579566,-0.0048293372410598,-0.3889448389404363,5.250475512716561e-05
2012,ISR,PGM,metal,integrated,-0.6014257341757664,0.0680217584887295,-0.7455198962070297,4.9963500904326056e-05
2013,USA,PGM,metal,direct_partner,-0.1313645436022449,-0.0442491676796988,-0.1941838729872246,0.0150470482051987
2013,JPN,PGM,metal,direct_partner,-0.3897867890276822,-0.1185710561385002,0.5140280564807735,0.0146032152554358
2013,DEU,PGM,metal,direct_partner,-0.0956789949984224,-0.0501825986897503,0.1133963341969506,0.0110538284895808
2013,CHE,PGM,metal,direct_partner,-0.1245345620567888,-0.0312190086151532,-0.1292545671086885,0.0103789935879988
2013,CHN,PGM,metal,direct_partner,-0.0698335475260637,-0.0322534974322565,0.0500419384242966,0.0089392573804671
2013,GBR,PGM,metal,direct_partner,-0.120064577568738,-0.0509624571543224,0.0248858209145334,0.0083973785457136
2013,KOR,PGM,metal,direct_partner,-0.1389256658561677,-0.067204434640467,0.2966478689679417,0.0027478519782438
2013,ITA,PGM,metal,direct_partner,-0.1320947695955767,0.0209208474620219,0.0012509927583682,0.001415215511263
2013,ZAF,PGM,metal,direct_partner,-0.5089085587060562,0.0060787929965844,0.2631596843056017,0.0007936668077813
2013,BEL,PGM,metal,direct_partner,-0.5361840886412764,-0.0174573562203827,0.4855772255149906,0.0007561276884597
2013,IND,PGM,metal,direct_partner,-0.1790805805028179,-0.0317917691468913,-0.1058240305527724,0.0006757975590052
2013,IRL,PGM,metal,direct_partner,-0.5280721595279981,-0.0186840911929377,-0.5702541404578529,0.000630918653397
2013,ARG,PGM,metal,direct_partner,-0.4591262704091194,-0.0505851882886571,-0.2329198234727275,0.0002901446749009
2013,CZE,PGM,metal,direct_partner,-0.2257998536988064,-0.0302064221560591,0.3307668095333381,0.0002574398867561
2013,FRA,PGM,metal,direct_partner,-0.1812659219823944,-0.0198115612195557,0.1397879518872722,0.0002273632709367
2013,ESP,PGM,metal,direct_partner,-0.4229727948245696,-0.0413958236664419,0.2675931652392853,0.0002185149510113
2013,AUT,PGM,metal,direct_partner,-0.1948277494941003,-0.0525081554645254,-0.2036943928485914,0.0001241248059496
2013,SWE,PGM,metal,direct_partner,-0.3325710169858039,0.110247189943443,0.4964129166082983,0.0001033568212436
2013,AUS,PGM,metal,direct_partner,-0.0890035472013403,0.0250863313124743,-0.0391056719962371,8.316875123415958e-05
2013,NOR,PGM,metal,direct_partner,-0.4271443348519662,-0.042939564566346,0.2439266087284777,7.814830970922476e-05
2013,SGP,PGM,metal,direct_partner,-0.4358842487860711,0.0764902010628725,1.1102230246251563e-16,5.289078824665728e-05
2013,THA,PGM,metal,direct_partner,-0.258509657937402,-0.0194490765546327,0.3030898834515786,4.862500054307321e-05
2013,USA,PGM,metal,integrated,-0.0917605835592247,-0.0538734104691953,-0.4545785999665603,0.0150470482051987
2013,JPN,PGM,metal,integrated,-0.1013929211836361,-0.0950774406162807,-0.2329784493311353,0.0146032152554358
2013,DEU,PGM,metal,integrated,-0.0393425633273951,-0.0337309394006557,-0.3266959725913791,0.0110538284895808
2013,CHE,PGM,metal,integrated,-0.0785134458053684,-0.0160710256979395,-0.3728878820020282,0.0103789935879988
2013,CHN,PGM,metal,integrated,-0.0225685186708214,-0.0306259965088394,-0.2543245618240901,0.0089392573804671
2013,GBR,PGM,metal,integrated,-0.0503025344302439,-0.0421334340028847,-0.4253000145916462,0.0083973785457136
2013,KOR,PGM,metal,integrated,0.047908072949391,-0.0542773688424885,-0.2936442618110582,0.0027478519782438
2013,ITA,PGM,metal,integrated,-0.072812864648034,0.0400900883314002,-0.2934644266105226,0.001415215511263
2013,ZAF,PGM,metal,integrated,-0.3336547857599067,-0.0024191446578183,-0.1462972638911059,0.0007936668077813
2013,BEL,PGM,metal,integrated,-0.4166997828756101,8.939019381942748e-05,-0.0241685751590704,0.0007561276884597
2013,IND,PGM,metal,integrated,-0.1308451218805535,-0.0113781099924263,-0.3537981427539501,0.0006757975590052
2013,IRL,PGM,metal,integrated,-0.5117642130506588,0.0059161779423063,-0.6201469879980479,0.000630918653397
2013,ARG,PGM,metal,integrated,-0.4589119186883993,-0.0524008422244471,-0.2448739502557368,0.0002901446749009
2013,CZE,PGM,metal,integrated,-0.1246170487601047,0.023996263697779,-0.0001112420665306,0.0002574398867561
2013,FRA,PGM,metal,integrated,-0.1001860560477191,0.0218286907001397,-0.0723361501938408,0.0002273632709367
2013,ESP,PGM,metal,integrated,-0.3036109077025866,0.0023344953947876,-0.0452706915623834,0.0002185149510113
2013,AUT,PGM,metal,integrated,-0.1000293719582202,0.0004809493498435,-0.3933347661858329,0.0001241248059496
2013,SWE,PGM,metal,integrated,-0.1820123198899873,0.0987824225134033,-0.002011667586355,0.0001033568212436
2013,AUS,PGM,metal,integrated,-0.0564545136004031,0.0095292444684071,-0.3407804482096085,8.316875123415958e-05
2013,NOR,PGM,metal,integrated,-0.2690146962483291,0.0070203952134735,-0.0222578374383895,7.814830970922476e-05
2013,SGP,PGM,metal,integrated,-0.4081156670678434,0.0878490742389889,-2.220446049250313e-16,5.289078824665728e-05
2013,THA,PGM,metal,integrated,-0.0620236676710163,-0.0438649543173139,-0.3345060368871486,4.862500054307321e-05
2014,USA,PGM,metal,direct_partner,-0.0812972066071282,-0.0274729226863481,-0.2118319299424893,0.0162597129105374
2014,JPN,PGM,metal,direct_partner,-0.3433861645199243,-0.1027282114308436,0.4702658992797677,0.0117814109309321
2014,DEU,PGM,metal,direct_partner,-0.0920003604599968,-0.0425083404907699,0.1123734819156406,0.0110940737581493
2014,CHN,PGM,metal,direct_partner,-0.1264303244252228,-0.0704681856940869,0.283908207106244,0.0091898548780508
2014,GBR,PGM,metal,direct_partner,-0.1493341080402329,-0.044056183226579,-0.0796869614588897,0.007834319517508
2014,CHE,PGM,metal,direct_partner,-0.0836140097188296,-0.0058921420967253,0.0527981398838769,0.0058235277679222
2014,MKD,PGM,metal,direct_partner,-1.1102230246251563e-16,-1.1102230246251563e-16,-1.1102230246251563e-16,0.0036163862844783
2014,KOR,PGM,metal,direct_partner,-0.0746453113386748,-0.0286485173491269,0.1476569937422183,0.0031609672060862
2014,ITA,PGM,metal,direct_partner,-0.1565713347832069,0.0165956708767193,-0.0480206948339048,0.002999861651481
2014,ZAF,PGM,metal,direct_partner,-0.3249711127278053,0.0362503705993392,0.1042042708879371,0.000943112235117
2014,BEL,PGM,metal,direct_partner,-0.6056362260632953,-0.0129853209531062,0.5226714167597174,0.0008169698308071
2014,IND,PGM,metal,direct_partner,-0.0959504913077769,0.0040234897381277,-0.0567505417558922,0.0006294464634442
2014,IRL,PGM,metal,direct_partner,-0.685920346799343,-0.0131162605741387,-0.6059908394375653,0.0005594518535525
2014,ARG,PGM,metal,direct_partner,-0.5062362078410996,-0.0526947875627862,-0.2944637085026506,0.0003795942073058
2014,SGP,PGM,metal,direct_partner,-0.3520734091475723,0.0541878985340494,-2.220446049250313e-16,0.0003615752966564
2014,ESP,PGM,metal,direct_partner,-0.3056023748480646,-0.0312759502324508,0.1582466612417866,0.0002994737506559
2014,FRA,PGM,metal,direct_partner,-0.1216540459825963,-0.0026601601609024,0.078371406476421,0.0002358554287642
2014,POL,PGM,metal,direct_partner,-0.137777746593407,1.1102230246251563e-16,7.464554268688658e-13,0.0002263614441259
2014,CZE,PGM,metal,direct_partner,-0.2596745840697356,-0.036660058135538,0.3185611206130656,0.0001773382111485
2014,AUT,PGM,metal,direct_partner,-0.2108410888081563,-0.0390581047862656,-0.0493026947847957,0.0001255373809354
2014,NLD,PGM,metal,direct_partner,-0.1681605513485866,-0.0341550908775682,0.2656433904106898,0.0001146766453438
2014,NOR,PGM,metal,direct_partner,-0.3238998787167864,-0.0339769256116005,0.2919155718051742,6.535169376070514e-05
2014,SWE,PGM,metal,direct_partner,-0.1377743822568687,0.0444231863964668,0.4483635424450355,6.312341298870645e-05
2014,AUS,PGM,metal,direct_partner,-0.2204276726358836,0.0287861632276655,0.1278149491921089,6.068700591417434e-05
2014,THA,PGM,metal,direct_partner,-0.1738117871864314,0.011457968991474,0.2352537743734249,5.311329093830956e-05
2014,TUR,PGM,metal,direct_partner,-0.4888601087799506,-0.0060298570071976,-0.2955000836081106,5.129386647198295e-05
2014,USA,PGM,metal,integrated,-0.0472988419402045,-0.0292442750990535,-0.3891609294669266,0.0162597129105374
2014,JPN,PGM,metal,integrated,-0.0639873994940002,-0.0791067444864579,-0.2906710280678594,0.0117814109309321
2014,DEU,PGM,metal,integrated,-0.039335864824735,-0.025665199848867,-0.3137060516221129,0.0110940737581493
2014,CHN,PGM,metal,integrated,0.0112543610654256,-0.0685099676944329,-0.2823213918928781,0.0091898548780508
2014,GBR,PGM,metal,integrated,-0.0731258668698016,-0.0299995200491782,-0.5377067241241119,0.007834319517508
2014,CHE,PGM,metal,integrated,-0.0324533554549295,0.0076698541089409,-0.2468140811511145,0.0058235277679222
2014,MKD,PGM,metal,integrated,-1.1102230246251563e-16,-1.1102230246251563e-16,-1.1102230246251563e-16,0.0036163862844783
2014,KOR,PGM,metal,integrated,0.0042613157021055,-0.0261810488620579,-0.2307384415072596,0.0031609672060862
2014,ITA,PGM,metal,integrated,-0.0856441387593747,0.0296332365508901,-0.3502840777200859,0.002999861651481
2014,ZAF,PGM,metal,integrated,-0.2348010314941197,0.0325572449027964,-0.1993139625560668,0.000943112235117
2014,BEL,PGM,metal,integrated,-0.4775476830714583,-6.661338147750939e-16,-0.007934830900899,0.0008169698308071
2014,IND,PGM,metal,integrated,-0.0604212664822481,0.0131861947953154,-0.2861437826052081,0.0006294464634442
2014,IRL,PGM,metal,integrated,-0.6725812235313927,0.0146962850839357,-0.5991864107249676,0.0005594518535525
2014,ARG,PGM,metal,integrated,-0.5052287278269522,-0.0498067629602786,-0.2685474328680702,0.0003795942073058
2014,SGP,PGM,metal,integrated,-0.3295260246303712,0.0673763631799031,0.0,0.0003615752966564
2014,ESP,PGM,metal,integrated,-0.1977922602432739,0.0019342460980357,-0.1412291291568723,0.0002994737506559
2014,FRA,PGM,metal,integrated,-0.0452563827227404,0.0303083711868725,-0.1341941032783322,0.0002358554287642
2014,POL,PGM,metal,integrated,-0.1274144161892024,2.220446049250313e-16,1.5339199513250108e-14,0.0002263614441259
2014,CZE,PGM,metal,integrated,-0.1869685990282147,0.0001079550958167,-0.0001429614775563,0.0001773382111485
2014,AUT,PGM,metal,integrated,-0.1175370866465931,0.0001820024124026,-0.230064001563139,0.0001255373809354
2014,NLD,PGM,metal,integrated,-0.0851514533515509,0.0016628329885399,-0.0064457966581271,0.0001146766453438
2014,NOR,PGM,metal,integrated,-0.1593210466891194,0.0034346084443004,-0.013404808087895,6.535169376070514e-05
2014,SWE,PGM,metal,integrated,-0.0285258410441597,0.0328276364346338,-0.0235950214683972,6.312341298870645e-05
2014,AUS,PGM,metal,integrated,-0.1514063086153369,0.0169481066342623,-0.3049492550179363,6.068700591417434e-05
2014,THA,PGM,metal,integrated,-0.029314425334552,-0.0057605396201854,-0.305039011962868,5.311329093830956e-05
2014,TUR,PGM,metal,integrated,-0.4206959284759253,0.0084130076685943,-0.4499266090898409,5.129386647198295e-05
2015,USA,PGM,metal,direct_partner,-0.1592740629091153,-0.0602090808264005,-0.0983911645545869,0.0141985675399199
2015,JPN,PGM,metal,direct_partner,-0.4067417539540257,-0.1237686811182565,0.5017617065273198,0.0122595237826175
2015,DEU,PGM,metal,direct_partner,-0.1305010543851465,-0.0646631730054677,0.0188120678686444,0.0120151106459668
2015,CHN,PGM,metal,direct_partner,-0.3812603842395416,-0.156552668264237,0.4177896570625839,0.0116195484102647
2015,GBR,PGM,metal,direct_partner,-0.2038278456493553,-0.0945251836089186,-0.2212465754182884,0.0087179730695076
2015,CHE,PGM,metal,direct_partner,-0.0962016204499267,0.0238349384558018,-0.0606641402941676,0.0036039970024971
2015,MKD,PGM,metal,direct_partner,0.0,0.0,0.0,0.0034224944571742
2015,ITA,PGM,metal,direct_partner,-0.1333777860827695,-0.0052036683649861,-0.1627942834668407,0.0031932069130288
2015,KOR,PGM,metal,direct_partner,-0.0767819477966371,-0.0204216949848711,0.2460061167075221,0.0026916840660213
2015,BEL,PGM,metal,direct_partner,-0.4270696698495029,0.0179149737633877,0.3152581582824528,0.0010207375106135
2015,IND,PGM,metal,direct_partner,-0.1052833082758475,-0.0249298640676006,0.1297694105964446,0.0007949342941549
2015,IRL,PGM,metal,direct_partner,-0.5437220678721537,-0.0004961197149462,-0.568137613321245,0.0007212831318948
2015,FRA,PGM,metal,direct_partner,-0.0934590018056332,-0.0060339327530068,0.0319613935836448,0.0004145185546071
2015,CAN,PGM,metal,direct_partner,-0.0659297502417256,0.0035015344736795,-0.1099182425227793,0.0003627133349671
2015,ZAF,PGM,metal,direct_partner,-0.7284038946354403,-0.0205398545192063,0.5486363824085819,0.0003614741856623
2015,ARG,PGM,metal,direct_partner,-0.3383376222456476,-0.0489116874007867,-0.2072553056449961,0.0003492197640594
2015,SGP,PGM,metal,direct_partner,-0.3088790652899167,0.0358891279492771,0.0,0.0002252837407001
2015,SAU,PGM,metal,direct_partner,-0.4571368325132628,-0.0855935748488951,0.004774253805282,0.000189164745835
2015,ESP,PGM,metal,direct_partner,-0.2261551451699668,-0.0404829019994205,0.3122694932365582,0.0001857530755219
2015,AUT,PGM,metal,direct_partner,-0.2828246251702371,-0.0517695179888711,-0.4272247836720237,0.0001379262694012
2015,NLD,PGM,metal,direct_partner,-0.2616369072643552,-0.0301510965696997,0.1463978516434966,0.0001122172364185
2015,CZE,PGM,metal,direct_partner,-0.1360006764718355,-0.038685991745359,0.2182456918084608,0.0001118281765378
2015,AUS,PGM,metal,direct_partner,-0.1533982500028782,0.0304533105238299,-0.0475193115473455,8.347704969276934e-05
2015,NOR,PGM,metal,direct_partner,-0.4180190648963672,-0.0406526942366769,0.2534450702646544,8.072986526134268e-05
2015,THA,PGM,metal,direct_partner,-0.2765091260903104,0.0239831686702537,0.5027541026156903,4.971010075037911e-05
2015,USA,PGM,metal,integrated,-0.1362641581955931,-0.0659026930660603,-0.178648440430476,0.0141985675399199
2015,JPN,PGM,metal,integrated,-0.2077125436947398,-0.1108744644086354,-0.214585492180059,0.0122595237826175
2015,DEU,PGM,metal,integrated,-0.072535690621625,-0.0416131437547812,-0.3817353917225627,0.0120151106459668
2015,CHN,PGM,metal,integrated,-0.1707927837827468,-0.1182636408382034,-0.181112540156012,0.0116195484102647
2015,GBR,PGM,metal,integrated,-0.1347494311646355,-0.0830938592990963,-0.6035898354393334,0.0087179730695076
2015,CHE,PGM,metal,integrated,-0.047746454805917,0.0539995720005275,-0.3123275711248718,0.0036039970024971
2015,MKD,PGM,metal,integrated,0.0,0.0,0.0,0.0034224944571742
2015,ITA,PGM,metal,integrated,-0.0831201871364113,0.029763512161008,-0.3929458036477682,0.0031932069130288
2015,KOR,PGM,metal,integrated,0.0464541286100219,-0.0186925232221822,-0.2331443744005975,0.0026916840660213
2015,BEL,PGM,metal,integrated,-0.3223218480334537,0.0366999036609622,-0.131099058057542,0.0010207375106135
2015,IND,PGM,metal,integrated,-0.0789750332224485,-0.0167170960139095,-0.0898257669113424,0.0007949342941549
2015,IRL,PGM,metal,integrated,-0.5313669074248251,0.0210719858358406,-0.572311689254252,0.0007212831318948
2015,FRA,PGM,metal,integrated,-0.0468310962887162,0.0312246771679283,-0.106849172910808,0.0004145185546071
2015,CAN,PGM,metal,integrated,-0.0373623479547717,-0.0246814360752122,-0.3541332646305776,0.0003627133349671
2015,ZAF,PGM,metal,integrated,-0.0115421942980492,-0.0012592778739489,-0.0375096867210618,0.0003614741856623
2015,ARG,PGM,metal,integrated,-0.3360212457952555,-0.055600664207325,-0.2465522643952193,0.0003492197640594
2015,SGP,PGM,metal,integrated,-0.2891019229624222,0.0512344083628268,2.220446049250313e-16,0.0002252837407001
2015,SAU,PGM,metal,integrated,-0.4164909639079414,-0.0471044755817942,-0.1550642313242811,0.000189164745835
2015,ESP,PGM,metal,integrated,-0.1345736797932308,0.0024353946352296,-0.0518586746234356,0.0001857530755219
2015,AUT,PGM,metal,integrated,-0.1922858905682631,0.0004097825514917,-0.6166897682538408,0.0001379262694012
2015,NLD,PGM,metal,integrated,-0.1899249325782783,0.0197000307434818,-0.0651231648289586,0.0001122172364185
2015,CZE,PGM,metal,integrated,-0.0878471499672029,-0.0045031513850444,-0.0185987942020432,0.0001118281765378
2015,AUS,PGM,metal,integrated,-0.1425467007774734,0.0154511655260135,-0.2124599885858843,8.347704969276934e-05
2015,NOR,PGM,metal,integrated,-0.2875702378381778,0.0042412653740752,-0.0130142418447723,8.072986526134268e-05
2015,THA,PGM,metal,integrated,-0.1474549290105389,-0.0018292130529635,-0.0657025149028536,4.971010075037911e-05
2016,DEU,PGM,metal,direct_partner,-0.1006485693492884,-0.0518251973069691,0.0096402685575485,0.0132936589307369
2016,JPN,PGM,metal,direct_partner,-0.4259874521372441,-0.1333110194188335,0.5023847784983758,0.0130186039194491
2016,USA,PGM,metal,direct_partner,-0.1736438983448307,-0.0466649288739137,-0.1438263015499137,0.0128905608875177
2016,CHN,PGM,metal,direct_partner,-0.2930857245175295,-0.1307699190079402,0.4295311676090978,0.0093173184166761
2016,GBR,PGM,metal,direct_partner,-0.1447241252264482,-0.0455550680461394,-0.1123988807934752,0.0080287312495822
2016,ITA,PGM,metal,direct_partner,-0.1600721797277547,-0.0265012067655338,-0.1186988887546665,0.0058891391126551
2016,MKD,PGM,metal,direct_partner,0.0,0.0,0.0,0.0041961124010992
2016,CHE,PGM,metal,direct_partner,-0.0792777155081185,0.0159183745473958,-0.0064898381212134,0.0037077495173923
2016,KOR,PGM,metal,direct_partner,-0.1138906949766908,-0.0252982967968412,0.1394920908595951,0.0017775387711881
2016,BEL,PGM,metal,direct_partner,-0.5029426264969492,-0.0167269118658825,0.411991804878969,0.0007286993789103
2016,IRL,PGM,metal,direct_partner,-0.5783304161258326,-0.0145531344622731,-0.6040980069259145,0.0006917189408315
2016,IND,PGM,metal,direct_partner,-0.1354940792655286,-0.0341876841381389,0.1086713368613569,0.0006814363954392
2016,SGP,PGM,metal,direct_partner,-0.2637246026841238,0.0519197364258895,-3.3306690738754696e-16,0.0004189099301219
2016,POL,PGM,metal,direct_partner,-0.7172179033259232,-1.1102230246251563e-16,3.239642650926874e-13,0.0004009680271681
2016,ZAF,PGM,metal,direct_partner,-0.4770331655709469,-0.0042130054368055,0.3117009531547525,0.000342344597803
2016,CAN,PGM,metal,direct_partner,-0.2571447358447006,0.0004502094901809,-0.171735689185549,0.0003201842886796
2016,AUT,PGM,metal,direct_partner,-0.2490954113638533,-0.0443805198192195,0.070011706486594,0.0003160505922878
2016,ARG,PGM,metal,direct_partner,-0.325267288534591,-0.0419286771113047,-0.2044440777831366,0.0002290038250674
2016,FRA,PGM,metal,direct_partner,-0.1748023537998452,-0.0279227151104572,0.1376334267391671,0.0002043374437799
2016,NLD,PGM,metal,direct_partner,-0.3459280469704959,-0.0438050161070848,0.2269952381955644,0.0001709723084166
2016,ESP,PGM,metal,direct_partner,-0.2544176957872304,-0.0359256415754212,0.2964164549974482,0.0001491497575378
2016,AUS,PGM,metal,direct_partner,-0.122362929968678,0.0015521498549748,-0.1815367465171157,8.20941509916152e-05
2016,NOR,PGM,metal,direct_partner,-0.0518221947875875,-0.0260624363114502,0.1723760375671565,6.779407974429939e-05
2016,DEU,PGM,metal,integrated,-0.0467185774696245,-0.0273541925791314,-0.3875962172314758,0.0132936589307369
2016,JPN,PGM,metal,integrated,-0.2555921696135439,-0.1301534680612923,-0.2087356115475495,0.0130186039194491
2016,USA,PGM,metal,integrated,-0.1492133008845927,-0.0611533286770502,-0.3240513559867741,0.0128905608875177
2016,CHN,PGM,metal,integrated,-0.1284980916460382,-0.1128674810215127,-0.1643718243230869,0.0093173184166761
2016,GBR,PGM,metal,integrated,-0.0746197779594935,-0.0341205683963543,-0.4905999196811857,0.0080287312495822
2016,ITA,PGM,metal,integrated,-0.0897885483754081,-0.0011594446041118,-0.3598727279076743,0.0058891391126551
2016,MKD,PGM,metal,integrated,1.1102230246251563e-16,0.0,1.1102230246251563e-16,0.0041961124010992
2016,CHE,PGM,metal,integrated,-0.0307683805659865,0.0364165023333593,-0.2483399458819856,0.0037077495173923
2016,KOR,PGM,metal,integrated,-0.0375158753651221,-0.0289471784661156,-0.2255539732717736,0.0017775387711881
2016,BEL,PGM,metal,integrated,-0.4009680212416834,-0.0010179747132538,-0.0115959322642396,0.0007286993789103
2016,IRL,PGM,metal,integrated,-0.5776090905119311,-0.0142619282717675,-0.6215480192651232,0.0006917189408315
2016,IND,PGM,metal,integrated,-0.1130980528016884,-0.0320284571822671,-0.1147275942964389,0.0006814363954392
2016,SGP,PGM,metal,integrated,-0.2471375297249183,0.0477673011118298,0.0,0.0004189099301219
2016,POL,PGM,metal,integrated,-0.6791515010794877,1.6653345369377348e-16,3.700788151158529e-15,0.0004009680271681
2016,ZAF,PGM,metal,integrated,-0.1623324339304064,0.0010614437318611,-0.119798219948763,0.000342344597803
2016,CAN,PGM,metal,integrated,-0.1753673631505016,-0.0280699696959216,-0.516653356598052,0.0003201842886796
2016,AUT,PGM,metal,integrated,-0.1347976369039928,9.255231602078862e-05,-0.1332911299743397,0.0003160505922878
2016,ARG,PGM,metal,integrated,-0.3120017188806488,-0.0538883996615545,-0.2984850959752864,0.0002290038250674
2016,FRA,PGM,metal,integrated,-0.1202363125398081,0.0111886794533064,-0.0391268462942537,0.0002043374437799
2016,NLD,PGM,metal,integrated,-0.2743629483126057,0.0025281595272869,-0.0086016101977747,0.0001709723084166
2016,ESP,PGM,metal,integrated,-0.1798811231710974,0.0021686420707706,-0.0285455623565191,0.0001491497575378
2016,AUS,PGM,metal,integrated,-0.1127774019422511,-0.0150803331365647,-0.3614881779752634,8.20941509916152e-05
2016,NOR,PGM,metal,integrated,-0.0012853169839586,0.002418890671084,-0.0073295784577772,6.779407974429939e-05
2017,USA,PGM,metal,direct_partner,-0.1717185421883095,-0.0374034151087246,-0.1187121154206602,0.0146844451184399
2017,DEU,PGM,metal,direct_partner,-0.1074087243621828,-0.0198704038815697,-0.0343598706464906,0.0143158268259292
2017,JPN,PGM,metal,direct_partner,-0.3690986986859004,-0.1027661033193279,0.4422396045945754,0.0118403414841661
2017,GBR,PGM,metal,direct_partner,-0.0973498474763173,-0.0451382140688835,-0.0613068287573241,0.0083589792607343
2017,CHN,PGM,metal,direct_partner,-0.2267669234043332,-0.106161863513329,0.3142535504260838,0.0081986956390525
2017,ITA,PGM,metal,direct_partner,-0.1577424545438807,0.0075423311369938,-0.2095005700600756,0.0052952197458159
2017,MKD,PGM,metal,direct_partner,0.0,0.0,0.0,0.0038438763906906
2017,CHE,PGM,metal,direct_partner,-0.0730820119455976,0.024135047081927,-0.0228778177046827,0.0031721655133222
2017,KOR,PGM,metal,direct_partner,-0.120482891479339,-0.0310193676319605,0.0439350669298721,0.002171048381325
2017,IND,PGM,metal,direct_partner,-0.1066329979911641,-0.0488030550925909,0.0596750618278955,0.0009953980803094
2017,BEL,PGM,metal,direct_partner,-0.5094257338161129,0.0002431666049086,0.4026631962395851,0.000800496025162
2017,IRL,PGM,metal,direct_partner,-0.4444142756913046,7.549190567057717e-06,-0.6301181426751832,0.0007025384528509
2017,SGP,PGM,metal,direct_partner,-0.2194411107150257,0.0603896758632965,0.0,0.0005672315627363
2017,POL,PGM,metal,direct_partner,-0.6355119602558221,-5.551115123125783e-17,3.7509074303028773e-13,0.0005382403377269
2017,FRA,PGM,metal,direct_partner,-0.054455677555997,-0.0240442457428208,0.0929631520810737,0.0002944423697648
2017,ZAF,PGM,metal,direct_partner,-0.2978760894671266,0.0100416526382214,0.1941026300119214,0.0002875265620675
2017,ARG,PGM,metal,direct_partner,-0.3972457810014042,-0.0482830160842925,-0.2022945268581205,0.0002806534017069
2017,ESP,PGM,metal,direct_partner,-0.3356164896800027,-0.0410226743464161,0.3003357709431515,0.0001469747829199
2017,AUT,PGM,metal,direct_partner,-0.1638446457081572,-0.04182098698243,-0.2163102794900868,0.0001331292373905
2017,NLD,PGM,metal,direct_partner,-0.2486029092171961,-0.0364627512507964,0.2017212110407856,7.480147547409905e-05
2017,ARE,PGM,metal,direct_partner,-0.2322101458372434,0.020840747858727,0.0,7.285890921838279e-05
2017,THA,PGM,metal,direct_partner,-0.2281609812391202,-0.0144744415876418,0.3742110491333071,5.028555834363817e-05
2017,PRT,PGM,metal,direct_partner,-0.2393228670894085,5.551115123125783e-17,-0.098329404554093,5.015436397605403e-05
2017,NOR,PGM,metal,direct_partner,-0.3306976929611075,-0.0363382417939316,0.2616954843051497,4.77474439531418e-05
2017,USA,PGM,metal,integrated,-0.1546061632143197,-0.0527995183286255,-0.2230744938288755,0.0146844451184399
2017,DEU,PGM,metal,integrated,-0.0404014904417358,-0.0026742826378059,-0.435005802616813,0.0143158268259292
2017,JPN,PGM,metal,integrated,-0.1678589531366288,-0.0761658773024612,-0.2740094024963136,0.0118403414841661
2017,GBR,PGM,metal,integrated,-0.0307147231396415,-0.0411334143627449,-0.4524556018034972,0.0083589792607343
2017,CHN,PGM,metal,integrated,-0.0934215175690696,-0.0827149951528024,-0.2236474115531843,0.0081986956390525
2017,ITA,PGM,metal,integrated,-0.0851615048787167,0.0325063600436526,-0.4030771789425443,0.0052952197458159
2017,MKD,PGM,metal,integrated,-2.220446049250313e-16,0.0,-1.1102230246251563e-16,0.0038438763906906
2017,CHE,PGM,metal,integrated,-0.0339664242788327,0.0491427853081037,-0.2481820409676453,0.0031721655133222
2017,KOR,PGM,metal,integrated,-0.0756865434590913,-0.0259232578738916,-0.2019101475906834,0.002171048381325
2017,IND,PGM,metal,integrated,-0.0836980917194278,-0.0390652506232908,-0.1612269391118141,0.0009953980803094
2017,BEL,PGM,metal,integrated,-0.3969970962130917,-0.0014162461743558,-0.0134478731129801,0.000800496025162
2017,IRL,PGM,metal,integrated,-0.4022906532368801,0.0213671934648698,-0.6277461011083139,0.0007025384528509
2017,SGP,PGM,metal,integrated,-0.1899017027130106,0.070773613514476,0.0,0.0005672315627363
2017,POL,PGM,metal,integrated,-0.6084641019374457,-1.6653345369377348e-16,4.224993976382962e-15,0.0005382403377269
2017,FRA,PGM,metal,integrated,-0.0299341972060975,0.0047937962693167,-0.0184260398509398,0.0002944423697648
2017,ZAF,PGM,metal,integrated,-0.1570622344917228,-2.7109241660050465e-05,-0.1272995096796624,0.0002875265620675
2017,ARG,PGM,metal,integrated,-0.3999736382307364,-0.0506078004419601,-0.215067213952892,0.0002806534017069
2017,ESP,PGM,metal,integrated,-0.2744818666676061,0.0002301674820843,-0.0354291252341693,0.0001469747829199
2017,AUT,PGM,metal,integrated,-0.0534343653449631,7.17064440047821e-05,-0.4192802234387486,0.0001331292373905
2017,NLD,PGM,metal,integrated,-0.1529160839543411,0.0101216882045822,-0.0336596986993093,7.480147547409905e-05
2017,ARE,PGM,metal,integrated,-0.2099096076153629,0.036644747463549,-1.1102230246251563e-16,7.285890921838279e-05
2017,THA,PGM,metal,integrated,-0.1396474330403234,-0.0418256089701328,-0.1820705303080277,5.028555834363817e-05
2017,PRT,PGM,metal,integrated,-0.2050977498444064,0.0,-0.2817444405932814,5.015436397605403e-05
2017,NOR,PGM,metal,integrated,-0.1712691838595085,0.0021344264453476,-0.006936046480816,4.77474439531418e-05
2018,USA,PGM,metal,direct_partner,-0.1360224702513428,-0.0251751961561959,-0.1094818632286398,0.0167526637670993
2018,DEU,PGM,metal,direct_partner,-0.0826060269645422,-0.0048523313242394,-0.0203839895071014,0.0140857657216604
2018,JPN,PGM,metal,direct_partner,-0.3092482179969398,-0.0903450070267969,0.3118561597349394,0.0117246267110651
2018,GBR,PGM,metal,direct_partner,-0.107217837092181,-0.0445002471437721,-0.1856531923557839,0.0086094640936959
2018,CHN,PGM,metal,direct_partner,-0.2410706184784018,-0.1099674122829519,0.2866314297432344,0.0073711915793744
2018,ITA,PGM,metal,direct_partner,-0.1256568896244156,0.0074370799143384,-0.2536793177842176,0.0043091726851961
2018,MKD,PGM,metal,direct_partner,-2.220446049250313e-16,-1.1102230246251563e-16,-1.1102230246251563e-16,0.0036933627528971
2018,CHE,PGM,metal,direct_partner,-0.0936707639618902,0.0204830236671491,-0.0916479347999522,0.0034457422178784
2018,KOR,PGM,metal,direct_partner,-0.1122340569474302,-0.0247342215010165,-0.0633270223943393,0.0019304826982705
2018,BEL,PGM,metal,direct_partner,-0.4753330250423803,0.0070120682301899,0.4537560215685326,0.0009742736630642
2018,POL,PGM,metal,direct_partner,-0.5396225820191715,-3.3306690738754696e-16,1.9753106218478242e-13,0.0007190612524414
2018,IND,PGM,metal,direct_partner,-0.1120752960910808,-0.0234122325838241,-0.0989523727317879,0.0006379244102326
2018,IRL,PGM,metal,direct_partner,-0.3429781455085846,-0.0065674462194204,-0.6783910261807419,0.0006237690851474
2018,ZAF,PGM,metal,direct_partner,-0.1343659801868728,0.0392688101165749,-0.0133758496136295,0.0003707478238097
2018,ARG,PGM,metal,direct_partner,-0.4508054370043907,-0.0653667920027394,-0.2997564863363492,0.0002927371751317
2018,ESP,PGM,metal,direct_partner,-0.4229283618283448,-0.0551642767215347,0.463862118096965,0.0002573331411791
2018,ARE,PGM,metal,direct_partner,-0.2030252355624559,-0.0324988851502769,-0.0013703527874922,0.0002209261941957
2018,FRA,PGM,metal,direct_partner,-0.1001750193474433,-0.031166197913431,0.1096095079054081,0.0002041823587061
2018,AUT,PGM,metal,direct_partner,-0.1755768155717866,-0.0480483144685733,-0.0522010598472432,0.0001639257134593
2018,SGP,PGM,metal,direct_partner,-0.1700373363675677,0.060098523346484,-2.220446049250313e-16,0.000159732462328
2018,THA,PGM,metal,direct_partner,-0.2477551483778368,-0.0301321584812246,0.370174166296666,8.065148925408638e-05
2018,NLD,PGM,metal,direct_partner,-0.2252457250131877,-0.0489130837166949,0.264885888067741,6.187215345766692e-05
2018,ISR,PGM,metal,direct_partner,-0.7849860772297186,-0.0186560234187226,-0.3290400318658915,5.375321437271611e-05
2018,MYS,PGM,metal,direct_partner,-0.5263887495654054,-0.0609293322215807,0.0110664024011117,5.04285109611566e-05
2018,PRT,PGM,metal,direct_partner,-0.2448490612555088,-1.1102230246251563e-16,-0.0205348163583292,4.83278249428407e-05
2018,NOR,PGM,metal,direct_partner,-0.1394707142616502,-0.0327017650515223,0.1084654241600248,4.263288221849671e-05
2018,AUS,PGM,metal,direct_partner,-0.1367301776847355,0.0218014025472067,-0.0051379102031642,3.8325341036489606e-05
2018,USA,PGM,metal,integrated,-0.1243596003942105,-0.0382491716937549,-0.2266409987132664,0.0167526637670993
2018,DEU,PGM,metal,integrated,-0.0218410208597626,0.0175440058666283,-0.4470004941390483,0.0140857657216604
2018,JPN,PGM,metal,integrated,-0.1051796987776887,-0.0750163602173124,-0.3165204420353584,0.0117246267110651
2018,GBR,PGM,metal,integrated,-0.0297873634151689,-0.0285803840583062,-0.5705441352675111,0.0086094640936959
2018,CHN,PGM,metal,integrated,-0.0977670192144021,-0.0914408238379408,-0.1942387491132555,0.0073711915793744
2018,ITA,PGM,metal,integrated,-0.0821779570656854,0.0310198557473138,-0.395191997331999,0.0043091726851961
2018,MKD,PGM,metal,integrated,0.0,0.0,0.0,0.0036933627528971
2018,CHE,PGM,metal,integrated,-0.0593640621286402,0.0438819070151857,-0.2687253425155465,0.0034457422178784
2018,KOR,PGM,metal,integrated,-0.0663014720337089,-0.0274613572300437,-0.2907250319133619,0.0019304826982705
2018,BEL,PGM,metal,integrated,-0.3542407788732186,0.0107061491123377,-0.0708855801067529,0.0009742736630642
2018,POL,PGM,metal,integrated,-0.4805664458629711,-3.3306690738754696e-16,5.661770641494871e-15,0.0007190612524414
2018,IND,PGM,metal,integrated,-0.081804598249925,-0.0278122858510086,-0.2879402975762419,0.0006379244102326
2018,IRL,PGM,metal,integrated,-0.3090170191580588,-0.0058832855433441,-0.7227434366757577,0.0006237690851474
2018,ZAF,PGM,metal,integrated,-0.0670641140008462,0.0272818087523252,-0.2340701751019496,0.0003707478238097
2018,ARG,PGM,metal,integrated,-0.4295952270992178,-0.0722469269881905,-0.3546363269898588,0.0002927371751317
2018,ESP,PGM,metal,integrated,-0.3688840051353342,1.039952899001273e-05,-0.006267084352787,0.0002573331411791
2018,ARE,PGM,metal,integrated,-0.1879046462086369,-0.0271758898501942,-0.0013703527875955,0.0002209261941957
2018,FRA,PGM,metal,integrated,-0.0601996464017972,0.0067882603018553,-0.0217409458226139,0.0002041823587061
2018,AUT,PGM,metal,integrated,-0.0534124247491377,3.130183114263829e-06,-0.2408905983018836,0.0001639257134593
2018,SGP,PGM,metal,integrated,-0.150876998685931,0.0560503820021177,1.1102230246251563e-16,0.000159732462328
2018,THA,PGM,metal,integrated,-0.1658748142924855,-0.0594161495966448,-0.0906776805501724,8.065148925408638e-05
2018,NLD,PGM,metal,integrated,-0.1223966246532509,0.0046980328046721,-0.0158797914581659,6.187215345766692e-05
2018,ISR,PGM,metal,integrated,-0.6838887098819644,0.0401488089063812,-0.7975529843616189,5.375321437271611e-05
2018,MYS,PGM,metal,integrated,-0.547215209568164,-0.043146743106728,-0.1418230957979473,5.04285109611566e-05
2018,PRT,PGM,metal,integrated,-0.2193541546783229,-1.1102230246251563e-16,-0.2334981203670779,4.83278249428407e-05
2018,NOR,PGM,metal,integrated,-0.0860983402841865,0.0028718334651109,-0.008647309891907,4.263288221849671e-05
2018,AUS,PGM,metal,integrated,-0.1252149725443697,0.0007039090374561,-0.2854240343934088,3.8325341036489606e-05
2019,USA,PGM,metal,direct_partner,-0.106974562126387,-0.0216281514010998,-0.0344599296271069,0.0159848701155182
2019,DEU,PGM,metal,direct_partner,-0.1032299026224491,-0.0154030494657125,0.1649839358594833,0.014136983034304
2019,JPN,PGM,metal,direct_partner,-0.3075365627145078,-0.0795535346939497,0.3537590287743362,0.0112641545398233
2019,GBR,PGM,metal,direct_partner,-0.0420379015467635,-0.0003927989729402,0.0426657312760663,0.0108850204460196
2019,CHN,PGM,metal,direct_partner,-0.0610026719349475,-0.0421115638662304,0.2022927691128828,0.006563231110898
2019,ITA,PGM,metal,direct_partner,-0.1572357265410409,0.0364494037568338,-0.3964590713377172,0.0040948405273473
2019,CHE,PGM,metal,direct_partner,-0.0786264301386272,0.029540006233779,-0.1047650981703148,0.0039501446555737
2019,MKD,PGM,metal,direct_partner,0.0,0.0,0.0,0.0038594816249031
2019,KOR,PGM,metal,direct_partner,-0.0992520578744089,-0.0279873525085402,0.1183759740027297,0.002713496438915
2019,BEL,PGM,metal,direct_partner,-0.5370212273733517,0.0116784464922244,0.4103982733637259,0.0010150490854937
2019,IND,PGM,metal,direct_partner,-0.2112259578009866,-0.0629250794093946,0.082212186903833,0.0005947580759546
2019,IRL,PGM,metal,direct_partner,-0.4904389469301011,-0.0009384819281475,-0.48670603531637,0.0003955716553522
2019,ARG,PGM,metal,direct_partner,-0.498432155831701,-0.0655050704131012,-0.2968147878152144,0.0003621656036679
2019,FRA,PGM,metal,direct_partner,-0.1936993886325331,-0.0271807538956448,0.1118353963108932,0.0001809462843204
2019,ESP,PGM,metal,direct_partner,-0.2045789154728494,-0.0451629926537288,0.3731178028999277,0.0001574827842819
2019,ZAF,PGM,metal,direct_partner,-0.526579986870412,-0.0512477857171819,-0.2142431704267268,0.0001458606371464
2019,THA,PGM,metal,direct_partner,-0.4281236736968796,-0.0442732779629341,0.5891538490365038,0.0001433086537617
2019,SGP,PGM,metal,direct_partner,-0.4189347885196582,0.0141719957307298,1.1102230246251563e-16,0.000118304283215
2019,AUT,PGM,metal,direct_partner,-0.1804549601497702,-0.0441004739568648,-0.0931586578777403,0.000117930045826
2019,NLD,PGM,metal,direct_partner,-0.2863453699915254,-0.0489215357130877,0.1987123448462958,8.776829559008267e-05
2019,CZE,PGM,metal,direct_partner,-0.2857821466760557,0.0537555346431239,0.2436821297194699,7.522440116971879e-05
2019,AUS,PGM,metal,direct_partner,-0.176838789433476,0.0176587944981508,0.0252190112562546,4.565873669115876e-05
2019,NOR,PGM,metal,direct_partner,-0.2557163863051982,-0.0408385355653034,0.1600929012532781,3.082588730303557e-05
2019,USA,PGM,metal,integrated,-0.1051219799613327,-0.0299274606357788,-0.1187067977126316,0.0159848701155182
2019,DEU,PGM,metal,integrated,-0.027706692162201,0.0020359192274568,-0.2041212984917494,0.014136983034304
2019,JPN,PGM,metal,integrated,-0.0580388941751864,-0.0629780607097433,-0.3197158540969045,0.0112641545398233
2019,GBR,PGM,metal,integrated,0.0167457454747192,0.0062012735242961,-0.3356904188524359,0.0108850204460196
2019,CHN,PGM,metal,integrated,0.0090144148761201,-0.0519777106897944,-0.2268199478693057,0.006563231110898
2019,ITA,PGM,metal,integrated,-0.1206168498848593,0.0668504463461921,-0.5727771552049177,0.0040948405273473
2019,CHE,PGM,metal,integrated,-0.0316248324456678,0.0579304857347676,-0.2614309811894695,0.0039501446555737
2019,MKD,PGM,metal,integrated,0.0,0.0,0.0,0.0038594816249031
2019,KOR,PGM,metal,integrated,-0.0591338324997149,-0.0306973311543616,-0.1498267460166565,0.002713496438915
2019,BEL,PGM,metal,integrated,-0.4131152931624143,0.0117615752051338,-0.0553244843075753,0.0010150490854937
2019,IND,PGM,metal,integrated,-0.1404593111639845,-0.055276887958829,-0.2452591637846904,0.0005947580759546
2019,IRL,PGM,metal,integrated,-0.4805480736435634,-0.0020521885129283,-0.708924570954128,0.0003955716553522
2019,ARG,PGM,metal,integrated,-0.4880139720536677,-0.0706526587112894,-0.3355620256587394,0.0003621656036679
2019,FRA,PGM,metal,integrated,-0.1579639548156015,0.0159339875146109,-0.0546416711935326,0.0001809462843204
2019,ESP,PGM,metal,integrated,-0.1602555510008667,8.476432082793472e-06,-0.013730377360313,0.0001574827842819
2019,ZAF,PGM,metal,integrated,-0.3682087833854168,-0.0558614980595951,-0.6424382155326636,0.0001458606371464
2019,THA,PGM,metal,integrated,-0.3204836356712377,-0.0781384954207074,-0.0556777811419428,0.0001433086537617
2019,SGP,PGM,metal,integrated,-0.4021308853257442,0.019389008860834,2.220446049250313e-16,0.000118304283215
2019,AUT,PGM,metal,integrated,-0.0754513326687935,0.0036793583162977,-0.280035927633565,0.000117930045826
2019,NLD,PGM,metal,integrated,-0.2093136811744143,0.0023712047843607,-0.0078966836155353,8.776829559008267e-05
2019,CZE,PGM,metal,integrated,-0.1956273072936848,0.103591067691381,-4.316247896325733e-05,7.522440116971879e-05
2019,AUS,PGM,metal,integrated,-0.1913907399489213,0.0020626959984414,-0.2182668154633598,4.565873669115876e-05
2019,NOR,PGM,metal,integrated,-0.132124938660163,0.0056580609983772,-0.0187410333958362,3.082588730303557e-05
2020,USA,PGM,metal,direct_partner,-0.0822967191797899,-0.022735755687592,0.0202121484169019,0.0157330403206818
2020,DEU,PGM,metal,direct_partner,-0.0576249539057611,-0.0217848435250356,0.2157042908667753,0.0120822914189783
2020,GBR,PGM,metal,direct_partner,-0.0368426503323288,-0.0011404064726008,0.0142182049350191,0.0116872399170693
2020,JPN,PGM,metal,direct_partner,-0.1960665495730978,-0.075474177021646,0.2425922884710431,0.0115309242447158
2020,CHN,PGM,metal,direct_partner,-0.0324677342552215,-0.0084166188286172,0.072462663796676,0.0086762389174581
2020,ITA,PGM,metal,direct_partner,-0.0522906183546886,0.0393591544314567,-0.1875962002736551,0.0045593627235944
2020,CHE,PGM,metal,direct_partner,-0.0424774189815067,0.0226523091019336,-0.1048239334333724,0.0045090693727465
2020,KOR,PGM,metal,direct_partner,-0.0131009024715899,-0.0092015728601584,-0.0555886598071169,0.0026214744448623
2020,MKD,PGM,metal,direct_partner,2.220446049250313e-16,0.0,1.1102230246251563e-16,0.0020613852518102
2020,POL,PGM,metal,direct_partner,-0.6067034605577984,1.6653345369377348e-16,3.7640578154089706e-13,0.0010418451245701
2020,BEL,PGM,metal,direct_partner,-0.217856178705113,0.0319458407166827,0.3202750168691302,0.0004559970749609
2020,IND,PGM,metal,direct_partner,-0.1124402419747699,0.0057687318804932,-0.0497816695269874,0.0004251192119281
2020,ZAF,PGM,metal,direct_partner,-0.2447233114008546,0.0200631055344773,-0.1307479457132405,0.0003856330265427
2020,IRL,PGM,metal,direct_partner,-0.4052532709144206,-0.0079285518520633,-0.5528502821759402,0.0002224733566118
2020,FRA,PGM,metal,direct_partner,-0.1696663512313523,-0.0427359217151074,0.2021120147133147,0.0001807073273087
2020,ARG,PGM,metal,direct_partner,-0.4461088127377064,-0.0702379681725657,-0.3727750989267077,0.0001692904038527
2020,AUT,PGM,metal,direct_partner,-0.203961168813108,-0.062680318860559,0.2159944967434581,0.000127897442059
2020,NLD,PGM,metal,direct_partner,-0.2699998387072668,-0.0547433312020848,0.2502971081725734,9.291864454688686e-05
2020,ESP,PGM,metal,direct_partner,-0.1398261391206838,-0.0534218827909275,0.4514088247876079,8.929324332707403e-05
2020,THA,PGM,metal,direct_partner,-0.1108174661748351,-0.0383399756184997,0.1693574879369652,7.529110055263627e-05
2020,SGP,PGM,metal,direct_partner,-0.3004014570039849,0.0655349499728654,1.1102230246251563e-16,6.49577562995214e-05
2020,NOR,PGM,metal,direct_partner,-0.1825789595384189,-0.0511188690523403,0.0713331570813342,6.096790579531885e-05
2020,VNM,PGM,metal,direct_partner,-0.1212811409327469,-0.039075343053564,0.2783658363842257,3.0530389314694375e-05
2020,AUS,PGM,metal,direct_partner,-0.1369012103015314,-0.0151363797521616,-0.0849186999552452,2.0269635989061564e-05
2020,ARE,PGM,metal,direct_partner,-0.0793242406352033,-0.0255247777242163,-0.0137977190728546,1.8858667500138965e-05
2020,USA,PGM,metal,integrated,-0.0970392959945076,-0.0306267928549787,-0.0633513206382885,0.0157330403206818
2020,DEU,PGM,metal,integrated,0.019605697219998,0.0031377088487702,-0.1853308228673626,0.0120822914189783
2020,GBR,PGM,metal,integrated,0.0207441971992568,0.0065327903699964,-0.3192417746549969,0.0116872399170693
2020,JPN,PGM,metal,integrated,-0.0027793988601921,-0.0775706864565368,-0.2914481483599708,0.0115309242447158
2020,CHN,PGM,metal,integrated,0.0126885797685868,-0.0161927525116862,-0.2212672308350313,0.0086762389174581
2020,ITA,PGM,metal,integrated,-0.016694696023032,0.0642436102631375,-0.3283432160269825,0.0045593627235944
2020,CHE,PGM,metal,integrated,-0.0110886941662946,0.0463174196484448,-0.2484129753880097,0.0045090693727465
2020,KOR,PGM,metal,integrated,0.0214365866580053,-0.0169346345402046,-0.2175877216452632,0.0026214744448623
2020,MKD,PGM,metal,integrated,-2.220446049250313e-16,-1.1102230246251563e-16,-1.1102230246251563e-16,0.0020613852518102
2020,POL,PGM,metal,integrated,-0.549437410808711,-5.551115123125783e-17,1.7504236381689892e-15,0.0010418451245701
2020,BEL,PGM,metal,integrated,-0.0854714401939576,0.0438286510515844,-0.1932887885939097,0.0004559970749609
2020,IND,PGM,metal,integrated,-0.056863446111101,0.0008249365285824,-0.302246125774379,0.0004251192119281
2020,ZAF,PGM,metal,integrated,-0.2810219205779412,0.0011192050696809,-0.4293936320020998,0.0003856330265427
2020,IRL,PGM,metal,integrated,-0.3803326558972555,-0.0211869592152805,-0.7081389902946006,0.0002224733566118
2020,FRA,PGM,metal,integrated,-0.1408889962770068,0.0096206696611287,-0.0319101848003399,0.0001807073273087
2020,ARG,PGM,metal,integrated,-0.3898237669905816,-0.0776479036622643,-0.4911269174030132,0.0001692904038527
2020,AUT,PGM,metal,integrated,-0.1118160687572685,5.457228114791324e-06,-0.0879121574924316,0.000127897442059
2020,NLD,PGM,metal,integrated,-0.2110908696568139,0.0010672435737117,-0.0037606247943893,9.291864454688686e-05
2020,ESP,PGM,metal,integrated,-0.0800999815422145,5.324364367209622e-05,-0.0237588992216338,8.929324332707403e-05
2020,THA,PGM,metal,integrated,-0.0569124436245657,-0.0635594089038582,-0.3059982971724317,7.529110055263627e-05
2020,SGP,PGM,metal,integrated,-0.300568740424476,0.0490226154195667,1.1102230246251563e-16,6.49577562995214e-05
2020,NOR,PGM,metal,integrated,-0.0573144688503945,0.0003313638680366,-0.1565955850485539,6.096790579531885e-05
2020,VNM,PGM,metal,integrated,-0.0171196677005153,-0.0636622774299605,-0.0040253733518157,3.0530389314694375e-05
2020,AUS,PGM,metal,integrated,-0.141620623670715,-0.0268499569054598,-0.3377926567086312,2.0269635989061564e-05
2020,ARE,PGM,metal,integrated,-0.0776805107623861,-0.0286840108868063,-0.0137977191128092,1.8858667500138965e-05
2021,USA,PGM,metal,direct_partner,-0.0832663337452386,-0.0288264064724321,-0.0121253139032881,0.0184039614421476
2021,DEU,PGM,metal,direct_partner,-0.0607090123096394,-0.0280826847339609,0.1650329434857432,0.0129507398988914
2021,JPN,PGM,metal,direct_partner,-0.2657980505340707,-0.0907073529109892,0.2676872348416774,0.0122020234495692
2021,GBR,PGM,metal,direct_partner,-0.0632518254394111,-0.0552859256712466,-0.0707038894642331,0.009958893685778
2021,CHN,PGM,metal,direct_partner,-0.0237613911364438,0.0145039060965541,0.1630587445820525,0.0059494374698256
2021,ITA,PGM,metal,direct_partner,-0.0815928697726708,0.0574696120398662,-0.3281313589407963,0.00449087081715
2021,KOR,PGM,metal,direct_partner,-0.0321406274174512,0.0054618407706065,-0.1432899232559477,0.0034891901819311
2021,CHE,PGM,metal,direct_partner,-0.0498364742154124,0.0419223965705548,-0.0981971329037492,0.0034339204319042
2021,MKD,PGM,metal,direct_partner,2.220446049250313e-16,1.6653345369377348e-16,1.1102230246251563e-16,0.0017350755461509
2021,POL,PGM,metal,direct_partner,-0.3454806900736149,1.6653345369377348e-16,9.368663283920366e-13,0.0015229005396988
2021,BEL,PGM,metal,direct_partner,-0.3259357175094554,0.0727137611601811,0.4616387330859519,0.0008623444599468
2021,IRL,PGM,metal,direct_partner,-0.1455244797058379,0.0447147338804935,-0.3427707422406129,0.0003328131997146
2021,IND,PGM,metal,direct_partner,-0.0788410779286533,0.0319628936076603,-0.0047694933995863,0.0002822765063877
2021,FRA,PGM,metal,direct_partner,-0.0740772334294306,-0.0387114839866449,0.1271304476199598,0.0002298296232012
2021,AUT,PGM,metal,direct_partner,-0.1111633696103531,-0.0583587669485356,0.0659811457330118,0.0001812525272702
2021,ARG,PGM,metal,direct_partner,-0.486893616921062,-0.0793480008129211,-0.3334640693135798,0.0001639499151955
2021,SGP,PGM,metal,direct_partner,-0.3671626522317429,0.1260101183274333,-2.220446049250313e-16,0.0001395116614589
2021,NLD,PGM,metal,direct_partner,-0.2060062286167828,0.0081762752242785,-0.0408028682958394,0.0001316503013376
2021,ARE,PGM,metal,direct_partner,-0.181427919190798,0.0232984919042708,0.0,0.0001307169389239
2021,ESP,PGM,metal,direct_partner,-0.0794218689300913,0.0176639116551914,0.0599312347090831,8.251442031355665e-05
2021,ZAF,PGM,metal,direct_partner,-0.1216683563942091,-0.0040358234770827,0.0252933591231746,7.66563874706962e-05
2021,NOR,PGM,metal,direct_partner,-0.0457004657129227,-0.0219605395509158,-0.0338437346862071,4.203884223368192e-05
2021,PRT,PGM,metal,direct_partner,-0.3395798303424905,-1.1102230246251563e-16,-0.3855857244135698,2.940508342365156e-05
2021,HUN,PGM,metal,direct_partner,-0.2079740298362059,5.551115123125783e-17,0.0,2.7395596833335884e-05
2021,FIN,PGM,metal,direct_partner,-0.1831759213929422,-0.0651757144616627,-0.1329601485211809,2.3773562971070072e-05
2021,AUS,PGM,metal,direct_partner,-0.1259310282449349,-0.003607733104942,-0.0943814141933901,1.861543244787394e-05
2021,MYS,PGM,metal,direct_partner,-0.161474353117184,-0.0609360281996533,0.0095514030034511,1.7252065065814045e-05
2021,VNM,PGM,metal,direct_partner,-0.3939398744598023,-0.0363047375158371,0.6159278413909071,1.406693583303212e-05
2021,USA,PGM,metal,integrated,-0.0944852186770602,-0.0399213856437976,-0.0923277886577139,0.0184039614421476
2021,DEU,PGM,metal,integrated,-0.0007317811652408,-0.0181442290220939,-0.2707092088514763,0.0129507398988914
2021,JPN,PGM,metal,integrated,0.0460250605209441,-0.0591425858451216,-0.2662004678147149,0.0122020234495692
2021,GBR,PGM,metal,integrated,-0.0127025579872206,-0.0424841024756756,-0.3929557852266355,0.009958893685778
2021,CHN,PGM,metal,integrated,0.060742590751162,0.001996258644357,-0.238208147227985,0.0059494374698256
2021,ITA,PGM,metal,integrated,-0.0619648835039632,0.0750379946484925,-0.4126648056060059,0.00449087081715
2021,KOR,PGM,metal,integrated,0.0096804795440335,0.0002713238902417,-0.3046251378592047,0.0034891901819311
2021,CHE,PGM,metal,integrated,-0.0271529016448203,0.0557509781178354,-0.2307886456252104,0.0034339204319042
2021,MKD,PGM,metal,integrated,2.220446049250313e-16,1.6653345369377348e-16,1.1102230246251563e-16,0.0017350755461509
2021,POL,PGM,metal,integrated,-0.3125503600740046,-2.7755575615628914e-16,2.5546065283212195e-14,0.0015229005396988
2021,BEL,PGM,metal,integrated,-0.2733127214915298,0.0414952502393392,-0.1588836746396578,0.0008623444599468
2021,IRL,PGM,metal,integrated,-0.1389352859005247,0.0275798618180644,-0.4468241569092597,0.0003328131997146
2021,IND,PGM,metal,integrated,-0.02847400853161,0.0200229307051557,-0.285955065163726,0.0002822765063877
2021,FRA,PGM,metal,integrated,-0.0146782032542307,0.0046073482159141,-0.0131643012195638,0.0002298296232012
2021,AUT,PGM,metal,integrated,0.0056520867583418,6.107493873863668e-06,-0.143780434981804,0.0001812525272702
2021,ARG,PGM,metal,integrated,-0.4623119659960586,-0.0904487882150021,-0.4222721048654115,0.0001639499151955
2021,SGP,PGM,metal,integrated,-0.406922421714888,0.1114804579580018,-1.1102230246251563e-16,0.0001395116614589
2021,NLD,PGM,metal,integrated,-0.154126231550638,0.0660817228621386,-0.2561443334685738,0.0001316503013376
2021,ARE,PGM,metal,integrated,-0.1618919406155367,0.027367780244746,2.220446049250313e-16,0.0001307169389239
2021,ESP,PGM,metal,integrated,-0.0275833753160532,0.0568350053967759,-0.223455761940839,8.251442031355665e-05
2021,ZAF,PGM,metal,integrated,-0.0579957602210007,-0.0351143285843089,-0.2882891703989929,7.66563874706962e-05
2021,NOR,PGM,metal,integrated,-0.004794884742716,0.0082830423776767,-0.1283935424415854,4.203884223368192e-05
2021,PRT,PGM,metal,integrated,-0.3879355137447112,5.551115123125783e-17,-0.4775672877465239,2.940508342365156e-05
2021,HUN,PGM,metal,integrated,-0.1364790057388481,0.0,0.0,2.7395596833335884e-05
2021,FIN,PGM,metal,integrated,-0.0745713917306838,-0.0316290241344126,-0.3069013453671861,2.3773562971070072e-05
2021,AUS,PGM,metal,integrated,-0.1131410760369384,-0.0241272913348486,-0.3488293424720001,1.861543244787394e-05
2021,MYS,PGM,metal,integrated,-0.1637734224984073,-0.0499636167492469,-0.1169220332060824,1.7252065065814045e-05
2021,VNM,PGM,metal,integrated,-0.3382165030057456,-0.0678327401374666,-0.0127782550856074,1.406693583303212e-05
2022,USA,PGM,metal,direct_partner,-0.0975103686432894,-0.0371988702819035,-0.0636821652377518,0.0171174533496063
2022,JPN,PGM,metal,direct_partner,-0.3502597653446924,-0.1157085225700371,0.4881015129546425,0.0125348706438448
2022,DEU,PGM,metal,direct_partner,-0.0856527502919309,-0.0411291804876999,0.1075352097367454,0.012241222868428
2022,GBR,PGM,metal,direct_partner,-0.087019482188805,-0.0738134257048235,-0.1315062825608887,0.0084106984385528
2022,CHN,PGM,metal,direct_partner,-0.0976852345049305,-0.0453752240908439,0.3062772254139113,0.0072711140737677
2022,ITA,PGM,metal,direct_partner,-0.1043734168122874,0.0416844666403714,-0.315899031068576,0.0044049495220301
2022,KOR,PGM,metal,direct_partner,-0.0785317228546899,-0.0654543158801148,0.2367954545534935,0.0032717609399557
2022,CHE,PGM,metal,direct_partner,-0.056630939989885,0.0182872888960984,-0.0430762187040847,0.0032528729279364
2022,MKD,PGM,metal,direct_partner,0.0,0.0,0.0,0.0020379092157685
2022,BEL,PGM,metal,direct_partner,-0.4348865582802478,-0.0083464049005335,0.3354523435672856,0.0020041258883089
2022,POL,PGM,metal,direct_partner,-0.3282848064211114,1.6653345369377348e-16,1.5118683159601673e-13,0.0016628290178215
2022,IRL,PGM,metal,direct_partner,-0.066596551663275,-0.0364396383361048,0.0042581822600373,0.0008836020271604
2022,ZAF,PGM,metal,direct_partner,-0.2832686133598094,0.0020263242011039,0.467151454046159,0.0003208186762582
2022,IND,PGM,metal,direct_partner,-0.075079709322284,-0.003014863311303,0.1895174838817199,0.0002218167357893
2022,FRA,PGM,metal,direct_partner,-0.1007550330946782,-0.0374637357586641,0.1313276020023102,0.000221539199185
2022,ARG,PGM,metal,direct_partner,-0.4955085097325837,-0.0684083767289234,-0.2927334575451913,0.0002153864866145
2022,ESP,PGM,metal,direct_partner,-0.1010363650797955,-0.0407335166885577,0.2733945864832628,0.0001900439923655
2022,AUT,PGM,metal,direct_partner,-0.140579645878399,-0.0522642667371052,0.0056664916878781,0.0001462217685513
2022,ARE,PGM,metal,direct_partner,-0.160211406652943,-0.0553900951585306,-0.0114985979978979,0.0001295865374192
2022,SGP,PGM,metal,direct_partner,-0.2288748920427281,0.0700801536584081,0.0,0.0001190648958011
2022,NLD,PGM,metal,direct_partner,-0.3724667457362465,-0.0475006159595416,0.1801631911154441,9.454784726764132e-05
2022,NOR,PGM,metal,direct_partner,-0.1024720623446845,-0.0199061974919439,0.0390343757238524,6.036208298460477e-05
2022,PRT,PGM,metal,direct_partner,-0.2870356013026314,0.0,-0.3582641338180293,3.910018454085253e-05
2022,FIN,PGM,metal,direct_partner,-0.3638958641549065,-0.0627660724025353,-0.5124754111969587,3.714871675614937e-05
2022,MYS,PGM,metal,direct_partner,-0.1479417793628141,-0.0545513087065465,0.0187882717684638,1.8832915172680377e-05
2022,VNM,PGM,metal,direct_partner,-0.3891826799797496,-0.0211516592046114,0.6152032495791853,1.5197971188842977e-05
2022,USA,PGM,metal,integrated,-0.0835147388863288,-0.04279706609305,-0.0922466931417627,0.0171174533496063
2022,JPN,PGM,metal,integrated,-0.0821984001050245,-0.0905593301028218,-0.213763223682413,0.0125348706438448
2022,DEU,PGM,metal,integrated,-0.0138694406069156,-0.0204399697752122,-0.2871535193897711,0.012241222868428
2022,GBR,PGM,metal,integrated,-0.0163587735124428,-0.0581410417894343,-0.5007017214724443,0.0084106984385528
2022,CHN,PGM,metal,integrated,-0.0043247785821923,-0.0457346251189736,-0.1937230563392218,0.0072711140737677
2022,ITA,PGM,metal,integrated,-0.0504366995287259,0.079514249931755,-0.4707492789517492,0.0044049495220301
2022,KOR,PGM,metal,integrated,-0.0197392731434375,-0.0621160065904202,-0.0814188345261479,0.0032717609399557
2022,CHE,PGM,metal,integrated,-0.0149484381899029,0.0457209584898545,-0.2322887535270336,0.0032528729279364
2022,MKD,PGM,metal,integrated,0.0,0.0,0.0,0.0020379092157685
2022,BEL,PGM,metal,integrated,-0.3243030515056391,0.0108820799056418,-0.0425100106461571,0.0020041258883089
2022,POL,PGM,metal,integrated,-0.3051200978169047,2.220446049250313e-16,8.930630504606832e-15,0.0016628290178215
2022,IRL,PGM,metal,integrated,-0.0427301699946683,-0.034580298319165,-0.1373762792373262,0.0008836020271604
2022,ZAF,PGM,metal,integrated,-0.0930550747536948,-0.0022990987360495,-0.0982876564299751,0.0003208186762582
2022,IND,PGM,metal,integrated,-0.0597776702868302,-0.0120810307923174,-0.0994950729041452,0.0002218167357893
2022,FRA,PGM,metal,integrated,-0.0352271035765855,0.0051541466731457,-0.0255939858736754,0.000221539199185
2022,ARG,PGM,metal,integrated,-0.4961680548199469,-0.069892873216501,-0.3024354447099021,0.0002153864866145
2022,ESP,PGM,metal,integrated,-0.0529164049440926,3.180521726070529e-05,-0.0093980980948346,0.0001900439923655
2022,AUT,PGM,metal,integrated,-0.036640459889051,0.0030064766654632,-0.2057233444611055,0.0001462217685513
2022,ARE,PGM,metal,integrated,-0.15074932580333,-0.0385543819241261,-0.0114985979962597,0.0001295865374192
2022,SGP,PGM,metal,integrated,-0.2066264683260238,0.0749143049899953,2.220446049250313e-16,0.0001190648958011
2022,NLD,PGM,metal,integrated,-0.3287684240368536,0.0025496305184263,-0.0082234867190982,9.454784726764132e-05
2022,NOR,PGM,metal,integrated,-0.0634688663207501,0.0131216154798594,-0.0710224293196732,6.036208298460477e-05
2022,PRT,PGM,metal,integrated,-0.3235773167063039,0.0,-0.4180039922954814,3.910018454085253e-05
2022,FIN,PGM,metal,integrated,-0.2641350089844833,-0.026538534994388,-0.6740677570875373,3.714871675614937e-05
2022,MYS,PGM,metal,integrated,-0.1388951451830968,-0.0307241227471884,-0.0841137819240298,1.8832915172680377e-05
2022,VNM,PGM,metal,integrated,-0.3302036386970652,-0.0537304572671139,-0.0066882035750424,1.5197971188842977e-05
2023,USA,PGM,metal,direct_partner,-0.1478678897776801,-0.0469789823903671,-0.1057929695279908,0.0160637574341397
2023,CHN,PGM,metal,direct_partner,-0.1171850013634228,-0.0527108562368376,0.2687017381748459,0.0111927623548423
2023,JPN,PGM,metal,direct_partner,-0.3607471961394799,-0.1231351018379711,0.4540274024714469,0.0103534524494751
2023,DEU,PGM,metal,direct_partner,-0.096219968478733,-0.0270519108438675,0.0990448202453753,0.010118912472882
2023,GBR,PGM,metal,direct_partner,-0.2113838744649185,-0.1203380750535769,-0.1897111750678167,0.0081098071050612
2023,ITA,PGM,metal,direct_partner,-0.1065489531478969,0.015515658322101,-0.141628662170224,0.0050843692876758
2023,CHE,PGM,metal,direct_partner,-0.0862522300126255,0.0341469170626577,0.011129718207372,0.0042111186759785
2023,KOR,PGM,metal,direct_partner,-0.0911986266876394,-0.0643150765663079,0.2651175536542469,0.0033172761463105
2023,MKD,PGM,metal,direct_partner,-2.220446049250313e-16,-1.1102230246251563e-16,-1.1102230246251563e-16,0.002656892841282
2023,POL,PGM,metal,direct_partner,-0.3315403423143249,2.7755575615628914e-16,-4.068210091091326e-07,0.0018732585864433
2023,BEL,PGM,metal,direct_partner,-0.4932970196675887,-0.0133979305732161,0.393283546040521,0.001365893014851
2023,IRL,PGM,metal,direct_partner,-0.1792516270500135,-0.0502083786477298,-0.247257958305396,0.0009580403059026
2023,ZAF,PGM,metal,direct_partner,-0.327785543367953,-0.0001927931334494,0.4328598780555454,0.0003108903711324
2023,IND,PGM,metal,direct_partner,-0.1531109944860787,-0.0623423709164365,0.1822961747260443,0.0002818410666199
2023,AUT,PGM,metal,direct_partner,-0.1983108883236797,-0.0484896511004938,0.0630458600037487,0.0002249598005947
2023,FRA,PGM,metal,direct_partner,-0.152062149982069,-0.0322038276005703,0.1241974555452004,0.0002087939730745
2023,ARG,PGM,metal,direct_partner,-0.299502952766984,-0.0544600438990409,-0.2280160789509119,0.0001713553605713
2023,ARE,PGM,metal,direct_partner,-0.1731004515641255,-0.0418120815250674,-0.0106845033307274,0.0001638352755373
2023,NLD,PGM,metal,direct_partner,-0.5486170268855459,-0.0449909041235332,0.180986612508315,9.22162213444882e-05
2023,SGP,PGM,metal,direct_partner,-0.2022790704447506,0.0964077470021995,0.0,5.860693592129269e-05
2023,NOR,PGM,metal,direct_partner,-0.1509066184770106,-0.042151477765063,0.0038647565033491,4.131973752299633e-05
2023,DOM,PGM,metal,direct_partner,-2.220446049250313e-16,-5.551115123125783e-17,-1.1102230246251563e-16,3.5494450680796226e-05
2023,PRT,PGM,metal,direct_partner,-0.3340670003222528,0.0,-0.3684814852568936,2.8223055232355365e-05
2023,USA,PGM,metal,integrated,-0.1466008253178166,-0.0657516448887527,-0.2589867196522422,0.0160637574341397
2023,CHN,PGM,metal,integrated,-0.0352188630732984,-0.0769676207150033,-0.1131240603974341,0.0111927623548423
2023,JPN,PGM,metal,integrated,-0.10500665894087,-0.1332583416360191,-0.2272371207068901,0.0103534524494751
2023,DEU,PGM,metal,integrated,-0.0407083467450154,-0.0050567903801722,-0.3065449786865072,0.010118912472882
2023,GBR,PGM,metal,integrated,-0.1456381136745032,-0.1089570071515402,-0.5583483425644403,0.0081098071050612
2023,ITA,PGM,metal,integrated,-0.0654526671880874,0.0292342744496794,-0.322040886482379,0.0050843692876758
2023,CHE,PGM,metal,integrated,-0.0392728393119396,0.0503074276578798,-0.2235044269781132,0.0042111186759785
2023,KOR,PGM,metal,integrated,0.0357404721187327,-0.0816080110306728,-0.2086167029080808,0.0033172761463105
2023,MKD,PGM,metal,integrated,-2.220446049250313e-16,-1.1102230246251563e-16,-1.1102230246251563e-16,0.002656892841282
2023,POL,PGM,metal,integrated,-0.3055130191516848,1.1102230246251563e-16,-4.0686080777563145e-07,0.0018732585864433
2023,BEL,PGM,metal,integrated,-0.3885726857935551,0.0052286356300747,-0.024022310078508,0.001365893014851
2023,IRL,PGM,metal,integrated,-0.1487989430529276,-0.0716559530775196,-0.3815506963463221,0.0009580403059026
2023,ZAF,PGM,metal,integrated,-0.0281332191924154,-0.0025416993632047,-0.0853273974083897,0.0003108903711324
2023,IND,PGM,metal,integrated,-0.1130264535339779,-0.0788794144956712,-0.0923991922706344,0.0002818410666199
2023,AUT,PGM,metal,integrated,-0.0925023321503373,0.0020538038121128,-0.1316589327233121,0.0002249598005947
2023,FRA,PGM,metal,integrated,-0.1005440324044407,0.0072037680006866,-0.0233115349986169,0.0002087939730745
2023,ARG,PGM,metal,integrated,-0.2001874417902325,-0.0828622339972619,-0.4853297798116001,0.0001713553605713
2023,ARE,PGM,metal,integrated,-0.1612393988767747,-0.0648409439242996,-0.0106845033394272,0.0001638352755373
2023,NLD,PGM,metal,integrated,-0.499043721914758,0.005470612002661,-0.0181581688256607,9.22162213444882e-05
2023,SGP,PGM,metal,integrated,-0.1569742545099371,0.0601719215889659,0.0,5.860693592129269e-05
2023,NOR,PGM,metal,integrated,-0.0816302988883992,-0.0036414978225853,-0.2340652867748917,4.131973752299633e-05
2023,DOM,PGM,metal,integrated,0.0,0.0,0.0,3.5494450680796226e-05
2023,PRT,PGM,metal,integrated,-0.3560415014554914,1.6653345369377348e-16,-0.4822562879636858,2.8223055232355365e-05
