year,exporter,importer,index,longitude,latitude
2021,NOR,USA,0,10.728836,59.902541
2021,NOR,USA,1,10.649872,59.88532
2021,NOR,USA,2,10.546042,59.80694
2021,NOR,USA,3,10.60421,59.682128
2021,NOR,USA,4,10.641289,59.574505
2021,NOR,USA,5,10.562668,59.445773
2021,NOR,USA,6,10.583954,59.265881
2021,NOR,USA,7,10.7,59.1
2021,NOR,USA,8,10.499442,59.008837
2021,NOR,USA,9,10.049246,58.804203
2021,NOR,USA,10,10.009312,58.786051
2021,NOR,USA,11,9.94527,58.756941
2021,NOR,USA,12,9.802224,58.69192
2021,NOR,USA,13,9.6,58.6
2021,NOR,USA,14,8.05,57.95
2021,NOR,USA,15,5.95,58.0
2021,NOR,USA,16,4.598436,58.068003
2021,NOR,USA,17,3.831853,58.106573
2021,NOR,USA,18,0.800855,58.439728
2021,NOR,USA,19,-0.657457,58.531538
2021,NOR,USA,20,-1.247855,58.568708
2021,NOR,USA,21,-1.882382,58.608655
2021,NOR,USA,22,-2.874305,58.649909
2021,NOR,USA,23,-3.397818,58.762202
2021,NOR,USA,24,-4.799483,58.7
2021,NOR,USA,25,-5.2,58.7
2021,NOR,USA,26,-5.720463,58.67623
2021,NOR,USA,27,-5.722863,58.67612
2021,NOR,USA,28,-5.723212,58.676105
2021,NOR,USA,29,-6.489458,58.64111
2021,NOR,USA,30,-10.1362,58.47456
2021,NOR,USA,31,-11.841927,58.396659
2021,NOR,USA,32,-15.775448,57.509738
2021,NOR,USA,33,-17.061319,57.214364
2021,NOR,USA,34,-18.562576,56.869513
2021,NOR,USA,35,-20.002982,56.53398
2021,NOR,USA,36,-25.001623,55.193677
2021,NOR,USA,37,-25.711132,55.003434
2021,NOR,USA,38,-26.9129,54.6812
2021,NOR,USA,39,-30.003101,53.607151
2021,NOR,USA,40,-30.964823,53.272889
2021,NOR,USA,41,-32.596784,52.705674
2021,NOR,USA,42,-33.785385,52.292557
2021,NOR,USA,43,-40.0,50.0
2021,NOR,USA,44,-41.658626,48.508366
2021,NOR,USA,45,-45.109081,45.405304
2021,NOR,USA,46,-45.319011,45.21651
2021,NOR,USA,47,-47.493255,42.807466
2021,NOR,USA,48,-49.417076,40.652855
2021,NOR,USA,49,-50.0,40.0
2021,NOR,USA,50,-55.000024,35.385732
2021,NOR,USA,51,-55.3052,35.1041
2021,NOR,USA,52,-55.856709,34.50451
2021,NOR,USA,53,-55.861059,34.499781
2021,NOR,USA,54,-57.742406,32.454415
2021,NOR,USA,55,-57.765496,32.429312
2021,NOR,USA,56,-60.0,30.0
2021,NOR,USA,57,-60.223798,29.75575
2021,NOR,USA,58,-61.33976,28.537799
2021,NOR,USA,59,-62.306029,27.483223
2021,NOR,USA,60,-64.634,24.9425
2021,NOR,USA,61,-64.647219,24.92641
2021,NOR,USA,62,-66.572194,22.583364
2021,NOR,USA,63,-66.320768,20.154246
2021,NOR,USA,64,-66.441166,20.032
2021,NOR,USA,65,-66.504998,19.967188
2021,NOR,USA,66,-66.605655,19.864985
2021,NOR,USA,67,-66.628548,19.841741
2021,NOR,USA,68,-66.667107,19.80259
2021,NOR,USA,69,-66.754064,19.714298
2021,NOR,USA,70,-66.934172,19.531425
2021,NOR,USA,71,-67.057838,19.40586
2021,NOR,USA,72,-67.097137,19.365958
2021,NOR,USA,73,-67.331093,19.128409
2021,NOR,USA,74,-67.95,18.5
2021,NOR,USA,75,-68.615112,17.952606
2021,NOR,USA,76,-69.75,17.5
2021,NOR,USA,77,-71.173962,16.455021
2021,NOR,USA,78,-71.579995,16.157053
2021,NOR,USA,79,-72.224911,15.683779
2021,NOR,USA,80,-72.249859,15.665471
2021,NOR,USA,81,-73.284043,14.906532
2021,NOR,USA,82,-74.9584,13.6778
2021,NOR,USA,83,-74.970687,13.668227
2021,NOR,USA,84,-80.0,9.75
2021,NOR,USA,85,-79.900612,9.208176
2021,NOR,USA,86,-79.821304,9.173012
2021,NOR,USA,87,-79.803246,9.118307
2021,NOR,USA,88,-79.741379,9.118236
2021,NOR,USA,89,-79.689331,9.10639
2021,NOR,USA,90,-79.641747,9.035982
2021,NOR,USA,91,-79.585922,8.992656
2021,NOR,USA,92,-79.494118,8.796576
2021,NOR,USA,93,-79.5,8.6
2021,NOR,USA,94,-79.672852,7.422389
2021,NOR,USA,95,-80.227822,6.983728
2021,NOR,USA,96,-81.4,6.9
2021,NOR,USA,97,-82.8,7.4167
2021,NOR,USA,98,-87.997356,10.035818
2021,NOR,USA,99,-89.110835,10.580401
2021,NOR,USA,100,-90.991341,11.48884
2021,NOR,USA,101,-99.913376,15.63055
2021,NOR,USA,102,-99.9,16.5
2021,NOR,USA,103,-103.40332,17.983958
2021,NOR,USA,104,-106.489938,20.102998
2021,NOR,USA,105,-109.7,22.5
2021,NOR,USA,106,-112.510986,24.716895
2021,NOR,USA,107,-115.2,27.5
2021,NOR,USA,108,-117.3,32.7
2021,NOR,USA,109,-117.435608,33.167445
2021,NOR,USA,110,-118.1215,33.6276
2021,NOR,USA,111,-118.194489,33.703898
2021,AUS,FIN,0,118.6,-19.6
2021,AUS,FIN,1,116.664478,-20.18796
2021,AUS,FIN,2,114.5,-20.9
2021,AUS,FIN,3,113.379129,-21.524903
2021,AUS,FIN,4,112.686952,-21.910802
2021,AUS,FIN,5,111.835796,-22.385334
2021,AUS,FIN,6,110.809354,-22.957591
2021,AUS,FIN,7,110.632363,-22.913768
2021,AUS,FIN,8,106.4209,-21.871
2021,AUS,FIN,9,100.0,-20.0
2021,AUS,FIN,10,90.0,-20.0
2021,AUS,FIN,11,86.989753,-17.784076
2021,AUS,FIN,12,84.280892,-15.879421
2021,AUS,FIN,13,82.853149,-14.861447
2021,AUS,FIN,14,80.00045,-12.813894
2021,AUS,FIN,15,78.415232,-11.663869
2021,AUS,FIN,16,76.167517,-10.028129
2021,AUS,FIN,17,74.86096,-9.062149
2021,AUS,FIN,18,72.534164,-7.335598
2021,AUS,FIN,19,71.143256,-6.071941
2021,AUS,FIN,20,70.0003,-5.001776
2021,AUS,FIN,21,67.449371,-2.586972
2021,AUS,FIN,22,66.998946,-2.158083
2021,AUS,FIN,23,64.901577,-0.16069
2021,AUS,FIN,24,64.732936,-1.1e-05
2021,AUS,FIN,25,62.291959,2.325
2021,AUS,FIN,26,60.528485,3.996958
2021,AUS,FIN,27,59.99973,4.498272
2021,AUS,FIN,28,57.133366,7.184484
2021,AUS,FIN,29,52.3,11.6
2021,AUS,FIN,30,50.856149,12.884027
2021,AUS,FIN,31,45.0,12.0
2021,AUS,FIN,32,43.746586,12.40439
2021,AUS,FIN,33,43.3,12.7
2021,AUS,FIN,34,42.541058,13.676089
2021,AUS,FIN,35,42.341309,14.509144
2021,AUS,FIN,36,41.000977,17.098792
2021,AUS,FIN,37,38.572998,20.807472
2021,AUS,FIN,38,37.786499,22.210682
2021,AUS,FIN,39,37.0,23.6
2021,AUS,FIN,40,34.5,27.0
2021,AUS,FIN,41,33.233643,28.444544
2021,AUS,FIN,42,32.6,29.7
2021,AUS,FIN,43,32.557983,30.213982
2021,AUS,FIN,44,32.382202,30.318359
2021,AUS,FIN,45,32.310104,31.102922
2021,AUS,FIN,46,32.359877,31.336373
2021,AUS,FIN,47,32.1,31.7
2021,AUS,FIN,48,30.408377,32.316071
2021,AUS,FIN,49,28.905525,32.863395
2021,AUS,FIN,50,28.212434,33.115811
2021,AUS,FIN,51,27.927542,33.219565
2021,AUS,FIN,52,26.306431,33.748752
2021,AUS,FIN,53,25.478721,34.011915
2021,AUS,FIN,54,24.926664,34.187436
2021,AUS,FIN,55,23.0,34.8
2021,AUS,FIN,56,21.407365,35.126694
2021,AUS,FIN,57,17.902084,35.845726
2021,AUS,FIN,58,16.726588,36.086854
2021,AUS,FIN,59,15.2,36.4
2021,AUS,FIN,60,13.263819,36.907095
2021,AUS,FIN,61,12.110644,37.209117
2021,AUS,FIN,62,12.086301,37.215493
2021,AUS,FIN,63,11.827836,37.283186
2021,AUS,FIN,64,11.172235,37.454891
2021,AUS,FIN,65,11.0,37.5
2021,AUS,FIN,66,10.373031,37.482087
2021,AUS,FIN,67,7.5,37.4
2021,AUS,FIN,68,3.1,37.2
2021,AUS,FIN,69,-0.366667,36.666667
2021,AUS,FIN,70,-1.62439,36.473171
2021,AUS,FIN,71,-2.244793,36.377724
2021,AUS,FIN,72,-2.590675,36.324512
2021,AUS,FIN,73,-3.264225,36.220888
2021,AUS,FIN,74,-3.683043,36.156455
2021,AUS,FIN,75,-4.7,36.0
2021,AUS,FIN,76,-5.269383,35.97289
2021,AUS,FIN,77,-5.354867,35.968819
2021,AUS,FIN,78,-5.75,35.95
2021,AUS,FIN,79,-7.26966,36.31906
2021,AUS,FIN,80,-8.219465,36.549727
2021,AUS,FIN,81,-9.25,36.8
2021,AUS,FIN,82,-9.452092,37.781589
2021,AUS,FIN,83,-9.6,38.5
2021,AUS,FIN,84,-9.9844,40.7798
2021,AUS,FIN,85,-9.5,43.0
2021,AUS,FIN,86,-9.14264,43.688493
2021,AUS,FIN,87,-9.019938,43.924891
2021,AUS,FIN,88,-8.49576,44.934776
2021,AUS,FIN,89,-7.954994,45.668797
2021,AUS,FIN,90,-6.698867,47.340067
2021,AUS,FIN,91,-5.5,48.6667
2021,AUS,FIN,92,-5.06401,48.799916
2021,AUS,FIN,93,-4.270518,49.042365
2021,AUS,FIN,94,-4.030414,49.115729
2021,AUS,FIN,95,-3.986163,49.129249
2021,AUS,FIN,96,-3.197043,49.370363
2021,AUS,FIN,97,-2.39189,49.616376
2021,AUS,FIN,98,-1.992006,49.738559
2021,AUS,FIN,99,-1.93365,49.75639
2021,AUS,FIN,100,-1.665743,49.838248
2021,AUS,FIN,101,-1.47977,49.895072
2021,AUS,FIN,102,-1.3,49.95
2021,AUS,FIN,103,-0.671539,50.155459
2021,AUS,FIN,104,-0.545959,50.196513
2021,AUS,FIN,105,-0.343359,50.262748
2021,AUS,FIN,106,0.39288,50.503441
2021,AUS,FIN,107,1.193894,50.765311
2021,AUS,FIN,108,1.3,50.8
2021,AUS,FIN,109,1.498302,50.961124
2021,AUS,FIN,110,1.648479,51.072443
2021,AUS,FIN,111,1.868984,51.235892
2021,AUS,FIN,112,2.3601,51.6089
2021,AUS,FIN,113,2.9,51.9
2021,AUS,FIN,114,3.044362,52.01549
2021,AUS,FIN,115,3.327388,52.241911
2021,AUS,FIN,116,3.900173,52.700139
2021,AUS,FIN,117,4.9,53.5
2021,AUS,FIN,118,5.343228,54.126148
2021,AUS,FIN,119,5.795345,54.764853
2021,AUS,FIN,120,6.475957,55.462156
2021,AUS,FIN,121,6.837383,55.808317
2021,AUS,FIN,122,7.7379,56.6708
2021,AUS,FIN,123,7.983627,56.821663
2021,AUS,FIN,124,8.9354,57.406
2021,AUS,FIN,125,9.952745,57.599859
2021,AUS,FIN,126,10.7333,57.8
2021,AUS,FIN,127,11.4,57.7
2021,AUS,FIN,128,11.988567,56.905254
2021,AUS,FIN,129,12.409118,56.337382
2021,AUS,FIN,130,12.409121,56.337379
2021,AUS,FIN,131,12.629725,56.063887
2021,AUS,FIN,132,12.75,55.9
2021,AUS,FIN,133,12.700195,55.514637
2021,AUS,FIN,134,12.68255,55.305583
2021,AUS,FIN,135,12.974851,55.258099
2021,AUS,FIN,136,13.229812,55.252805
2021,AUS,FIN,137,13.836081,55.240216
2021,AUS,FIN,138,14.374661,55.229033
2021,AUS,FIN,139,15.80658,55.72711
2021,AUS,FIN,140,16.209967,55.954553
2021,AUS,FIN,141,17.0,56.4
2021,AUS,FIN,142,18.118532,56.645032
2021,AUS,FIN,143,20.6,58.2
2021,AUS,FIN,144,22.6,59.5
2021,AUS,FIN,145,24.011424,59.701632
2021,AUS,FIN,146,24.7,59.8
2021,AUS,FIN,147,24.907997,60.112071
2021,ALB,CHN,0,19.3944,41.2626
2021,ALB,CHN,1,19.104583,40.581085
2021,ALB,CHN,2,19.076028,40.513936
2021,ALB,CHN,3,19.058808,40.473442
2021,ALB,CHN,4,19.011287,40.361696
2021,ALB,CHN,5,19.9547,39.8141
2021,ALB,CHN,6,19.9437,39.6324
2021,ALB,CHN,7,20.169,39.3866
2021,ALB,CHN,8,20.3557,39.1144
2021,ALB,CHN,9,20.711914,38.853074
2021,ALB,CHN,10,20.738611,38.783107
2021,ALB,CHN,11,20.804141,38.682764
2021,ALB,CHN,12,20.891514,38.525341
2021,ALB,CHN,13,21.010439,38.456953
2021,ALB,CHN,14,21.1468,38.2266
2021,ALB,CHN,15,21.9041,38.3486
2021,ALB,CHN,16,22.828287,38.02424
2021,ALB,CHN,17,22.947178,37.960508
2021,ALB,CHN,18,23.020113,37.909026
2021,ALB,CHN,19,23.175353,37.880707
2021,ALB,CHN,20,23.401569,37.850922
2021,ALB,CHN,21,23.505426,37.837248
2021,ALB,CHN,22,23.6425,37.8192
2021,ALB,CHN,23,23.885914,37.616154
2021,ALB,CHN,24,23.9657,37.5496
2021,ALB,CHN,25,24.159791,37.356151
2021,ALB,CHN,26,24.236675,37.27952
2021,ALB,CHN,27,24.457626,37.276785
2021,ALB,CHN,28,24.636616,37.152415
2021,ALB,CHN,29,24.917963,36.941755
2021,ALB,CHN,30,25.090282,36.883539
2021,ALB,CHN,31,25.257671,36.849342
2021,ALB,CHN,32,25.395483,36.821188
2021,ALB,CHN,33,25.507264,36.798352
2021,ALB,CHN,34,26.054742,36.512579
2021,ALB,CHN,35,26.587212,36.251066
2021,ALB,CHN,36,26.918874,36.101606
2021,ALB,CHN,37,27.051888,36.047808
2021,ALB,CHN,38,27.337183,35.931621
2021,ALB,CHN,39,27.548237,35.88019
2021,ALB,CHN,40,28.180712,35.299346
2021,ALB,CHN,41,28.881234,34.656009
2021,ALB,CHN,42,28.964326,34.5797
2021,ALB,CHN,43,29.595152,34.000371
2021,ALB,CHN,44,29.703004,33.901323
2021,ALB,CHN,45,30.699385,32.986279
2021,ALB,CHN,46,30.765996,32.925106
2021,ALB,CHN,47,32.1,31.7
2021,ALB,CHN,48,32.359877,31.336373
2021,ALB,CHN,49,32.310104,31.102922
2021,ALB,CHN,50,32.382202,30.318359
2021,ALB,CHN,51,32.557983,30.213982
2021,ALB,CHN,52,32.6,29.7
2021,ALB,CHN,53,33.233643,28.444544
2021,ALB,CHN,54,34.5,27.0
2021,ALB,CHN,55,37.0,23.6
2021,ALB,CHN,56,37.786499,22.210682
2021,ALB,CHN,57,38.572998,20.807472
2021,ALB,CHN,58,41.000977,17.098792
2021,ALB,CHN,59,42.341309,14.509144
2021,ALB,CHN,60,42.541058,13.676089
2021,ALB,CHN,61,43.3,12.7
2021,ALB,CHN,62,43.746586,12.40439
2021,ALB,CHN,63,45.0,12.0
2021,ALB,CHN,64,50.856149,12.884027
2021,ALB,CHN,65,53.61885,13.300009
2021,ALB,CHN,66,55.041504,12.747516
2021,ALB,CHN,67,59.894005,11.083455
2021,ALB,CHN,68,60.825733,10.866984
2021,ALB,CHN,69,62.0601,10.5802
2021,ALB,CHN,70,64.303249,10.031585
2021,ALB,CHN,71,64.698862,9.934828
2021,ALB,CHN,72,64.992809,9.862937
2021,ALB,CHN,73,65.7044,9.6889
2021,ALB,CHN,74,68.858995,8.881605
2021,ALB,CHN,75,69.3291,8.7613
2021,ALB,CHN,76,69.671733,8.6701
2021,ALB,CHN,77,69.999915,8.582747
2021,ALB,CHN,78,70.817426,8.365148
2021,ALB,CHN,79,75.966807,6.966807
2021,ALB,CHN,80,78.019032,6.387793
2021,ALB,CHN,81,80.1,5.8
2021,ALB,CHN,82,81.9,5.9
2021,ALB,CHN,83,85.9479,6.1983
2021,ALB,CHN,84,90.0,6.4664
2021,ALB,CHN,85,94.326449,6.157121
2021,ALB,CHN,86,98.128129,5.811729
2021,ALB,CHN,87,99.763807,4.084523
2021,ALB,CHN,88,100.6,3.2
2021,ALB,CHN,89,101.316415,2.586072
2021,ALB,CHN,90,102.0,2.0
2021,ALB,CHN,91,103.6,1.1
2021,ALB,CHN,92,103.861103,1.171415
2021,ALB,CHN,93,104.145848,1.249295
2021,ALB,CHN,94,104.482294,1.341312
2021,ALB,CHN,95,108.7023,8.3192
2021,ALB,CHN,96,110.027598,10.173186
2021,ALB,CHN,97,110.80697,11.263464
2021,ALB,CHN,98,111.0534,11.6082
2021,ALB,CHN,99,111.478346,12.523981
2021,ALB,CHN,100,112.965,15.7278
2021,ALB,CHN,101,114.338334,17.570129
2021,ALB,CHN,102,115.841059,19.666279
2021,ALB,CHN,103,116.5017,20.601113
2021,ALB,CHN,104,117.437994,21.922538
2021,ALB,CHN,105,118.030487,22.691517
2021,ALB,CHN,106,118.203464,22.930938
2021,ALB,CHN,107,118.724128,23.582665
2021,ALB,CHN,108,118.980046,23.949944
2021,ALB,CHN,109,119.33882,24.448861
2021,ALB,CHN,110,119.523707,24.707707
2021,ALB,CHN,111,119.761963,25.085599
2021,ALB,CHN,112,119.820497,25.236972
2021,ALB,CHN,113,120.0,25.7
2021,ALB,CHN,114,120.232569,26.078521
2021,ALB,CHN,115,120.787503,26.976762
2021,ALB,CHN,116,121.3,27.8
2021,ALB,CHN,117,122.23938,28.579698
2021,ALB,CHN,118,122.557297,29.38397
2021,ALB,CHN,119,122.652515,29.623632
2021,ALB,CHN,120,122.875214,30.181935
2021,ALB,CHN,121,122.878907,30.349364
2021,ALB,CHN,122,122.891141,30.901897
2021,ALB,CHN,123,122.66922,30.932268
2021,ALB,CHN,124,121.944122,31.062345
2021,MAR,DEU,0,-7.555,33.6435
2021,MAR,DEU,1,-7.7875,34.076471
2021,MAR,DEU,2,-8.018851,34.507302
2021,MAR,DEU,3,-8.14038,34.73362
2021,MAR,DEU,4,-8.452202,35.314307
2021,MAR,DEU,5,-8.535563,35.469545
2021,MAR,DEU,6,-8.686819,35.75122
2021,MAR,DEU,7,-8.756874,35.881681
2021,MAR,DEU,8,-8.838176,36.033084
2021,MAR,DEU,9,-9.062995,36.451752
2021,MAR,DEU,10,-9.25,36.8
2021,MAR,DEU,11,-9.452092,37.781589
2021,MAR,DEU,12,-9.6,38.5
2021,MAR,DEU,13,-9.9844,40.7798
2021,MAR,DEU,14,-9.5,43.0
2021,MAR,DEU,15,-9.14264,43.688493
2021,MAR,DEU,16,-9.019938,43.924891
2021,MAR,DEU,17,-8.49576,44.934776
2021,MAR,DEU,18,-7.954994,45.668797
2021,MAR,DEU,19,-6.698867,47.340067
2021,MAR,DEU,20,-5.5,48.6667
2021,MAR,DEU,21,-5.06401,48.799916
2021,MAR,DEU,22,-4.270518,49.042365
2021,MAR,DEU,23,-4.030414,49.115729
2021,MAR,DEU,24,-3.986163,49.129249
2021,MAR,DEU,25,-3.197043,49.370363
2021,MAR,DEU,26,-2.39189,49.616376
2021,MAR,DEU,27,-1.992006,49.738559
2021,MAR,DEU,28,-1.93365,49.75639
2021,MAR,DEU,29,-1.665743,49.838248
2021,MAR,DEU,30,-1.47977,49.895072
2021,MAR,DEU,31,-1.3,49.95
2021,MAR,DEU,32,-0.671539,50.155459
2021,MAR,DEU,33,-0.545959,50.196513
2021,MAR,DEU,34,-0.343359,50.262748
2021,MAR,DEU,35,0.39288,50.503441
2021,MAR,DEU,36,1.193894,50.765311
2021,MAR,DEU,37,1.3,50.8
2021,MAR,DEU,38,1.498302,50.961124
2021,MAR,DEU,39,1.648479,51.072443
2021,MAR,DEU,40,1.868984,51.235892
2021,MAR,DEU,41,2.3601,51.6089
2021,MAR,DEU,42,2.9,51.9
2021,MAR,DEU,43,3.044362,52.01549
2021,MAR,DEU,44,3.327388,52.241911
2021,MAR,DEU,45,3.900173,52.700139
2021,MAR,DEU,46,4.9,53.5
2021,MAR,DEU,47,6.384053,53.685507
2021,MAR,DEU,48,8.25,53.9
2021,MAR,DEU,49,8.745294,53.909831
2021,MAR,DEU,50,9.041942,53.874321
2021,MAR,DEU,51,9.227347,53.877053
2021,MAR,DEU,52,9.336273,53.840148
2021,MAR,DEU,53,9.39653,53.775829
2021,MAR,DEU,54,9.496185,53.710038
2021,MAR,DEU,55,9.535584,53.633153
2021,MAR,DEU,56,9.632921,53.583652
2021,MAR,DEU,57,9.751117,53.55475
2021,MAR,DEU,58,9.927252,53.545112
2021,TUR,KOR,0,34.662503,36.755307
2021,TUR,KOR,1,34.666346,36.540598
2021,TUR,KOR,2,34.671546,36.250032
2021,TUR,KOR,3,34.678489,35.862166
2021,TUR,KOR,4,34.681919,35.670499
2021,TUR,KOR,5,34.083651,35.254941
2021,TUR,KOR,6,34.2,35.2
2021,TUR,KOR,7,33.840932,34.601554
2021,TUR,KOR,8,33.784931,34.508219
2021,TUR,KOR,9,33.729569,34.415948
2021,TUR,KOR,10,33.668074,34.313456
2021,TUR,KOR,11,33.166376,33.477293
2021,TUR,KOR,12,33.062511,33.304186
2021,TUR,KOR,13,32.738332,32.763887
2021,TUR,KOR,14,32.543549,32.439248
2021,TUR,KOR,15,32.1,31.7
2021,TUR,KOR,16,32.359877,31.336373
2021,TUR,KOR,17,32.310104,31.102922
2021,TUR,KOR,18,32.382202,30.318359
2021,TUR,KOR,19,32.557983,30.213982
2021,TUR,KOR,20,32.6,29.7
2021,TUR,KOR,21,33.233643,28.444544
2021,TUR,KOR,22,34.5,27.0
2021,TUR,KOR,23,37.0,23.6
2021,TUR,KOR,24,37.786499,22.210682
2021,TUR,KOR,25,38.572998,20.807472
2021,TUR,KOR,26,41.000977,17.098792
2021,TUR,KOR,27,42.341309,14.509144
2021,TUR,KOR,28,42.541058,13.676089
2021,TUR,KOR,29,43.3,12.7
2021,TUR,KOR,30,43.746586,12.40439
2021,TUR,KOR,31,45.0,12.0
2021,TUR,KOR,32,50.856149,12.884027
2021,TUR,KOR,33,53.61885,13.300009
2021,TUR,KOR,34,55.041504,12.747516
2021,TUR,KOR,35,59.894005,11.083455
2021,TUR,KOR,36,60.825733,10.866984
2021,TUR,KOR,37,62.0601,10.5802
2021,TUR,KOR,38,64.303249,10.031585
2021,TUR,KOR,39,64.698862,9.934828
2021,TUR,KOR,40,64.992809,9.862937
2021,TUR,KOR,41,65.7044,9.6889
2021,TUR,KOR,42,68.858995,8.881605
2021,TUR,KOR,43,69.3291,8.7613
2021,TUR,KOR,44,69.671733,8.6701
2021,TUR,KOR,45,69.999915,8.582747
2021,TUR,KOR,46,70.817426,8.365148
2021,TUR,KOR,47,75.966807,6.966807
2021,TUR,KOR,48,78.019032,6.387793
2021,TUR,KOR,49,80.1,5.8
2021,TUR,KOR,50,81.9,5.9
2021,TUR,KOR,51,85.9479,6.1983
2021,TUR,KOR,52,90.0,6.4664
2021,TUR,KOR,53,94.326449,6.157121
2021,TUR,KOR,54,98.128129,5.811729
2021,TUR,KOR,55,99.763807,4.084523
2021,TUR,KOR,56,100.6,3.2
2021,TUR,KOR,57,101.316415,2.586072
2021,TUR,KOR,58,102.0,2.0
2021,TUR,KOR,59,103.6,1.1
2021,TUR,KOR,60,103.861103,1.171415
2021,TUR,KOR,61,104.145848,1.249295
2021,TUR,KOR,62,104.482294,1.341312
2021,TUR,KOR,63,108.7023,8.3192
2021,TUR,KOR,64,110.027598,10.173186
2021,TUR,KOR,65,110.80697,11.263464
2021,TUR,KOR,66,111.0534,11.6082
2021,TUR,KOR,67,111.478346,12.523981
2021,TUR,KOR,68,112.965,15.7278
2021,TUR,KOR,69,114.338334,17.570129
2021,TUR,KOR,70,115.841059,19.666279
2021,TUR,KOR,71,116.5017,20.601113
2021,TUR,KOR,72,117.437994,21.922538
2021,TUR,KOR,73,118.030487,22.691517
2021,TUR,KOR,74,118.203464,22.930938
2021,TUR,KOR,75,118.724128,23.582665
2021,TUR,KOR,76,118.980046,23.949944
2021,TUR,KOR,77,119.33882,24.448861
2021,TUR,KOR,78,119.523707,24.707707
2021,TUR,KOR,79,119.761963,25.085599
2021,TUR,KOR,80,119.820497,25.236972
2021,TUR,KOR,81,120.0,25.7
2021,TUR,KOR,82,120.232569,26.078521
2021,TUR,KOR,83,120.787503,26.976762
2021,TUR,KOR,84,121.3,27.8
2021,TUR,KOR,85,122.23938,28.579698
2021,TUR,KOR,86,122.557297,29.38397
2021,TUR,KOR,87,122.652515,29.623632
2021,TUR,KOR,88,122.875214,30.181935
2021,TUR,KOR,89,122.878907,30.349364
2021,TUR,KOR,90,122.891141,30.901897
2021,TUR,KOR,91,122.9,31.3
2021,TUR,KOR,92,125.34383,32.983736
2021,TUR,KOR,93,126.035156,33.45436
2021,TUR,KOR,94,126.643151,33.735423
2021,TUR,KOR,95,127.444583,34.104419
2021,TUR,KOR,96,128.16925,34.40691
2021,TUR,KOR,97,128.916321,34.761923
2021,TUR,KOR,98,129.2,35.0
2021,ZAF,NLD,0,31.173706,-29.816817
2021,ZAF,NLD,1,28.5,-33.5
2021,ZAF,NLD,2,26.0,-34.5
2021,ZAF,NLD,3,22.0,-35.0
2021,ZAF,NLD,4,18.0,-35.0
2021,ZAF,NLD,5,12.499733,-28.1252
2021,ZAF,NLD,6,10.425227,-25.53227
2021,ZAF,NLD,7,7.89386,-22.368307
2021,ZAF,NLD,8,5.653262,-19.567777
2021,ZAF,NLD,9,3.542734,-16.929822
2021,ZAF,NLD,10,1.7833,-14.7307
2021,ZAF,NLD,11,0.000405,-12.501846
2021,ZAF,NLD,12,-1.100476,-11.1256
2021,ZAF,NLD,13,-1.989182,-10.0146
2021,ZAF,NLD,14,-5.531121,-5.586708
2021,ZAF,NLD,15,-10.0,-2e-05
2021,ZAF,NLD,16,-13.4277,5.5302
2021,ZAF,NLD,17,-17.0,11.0
2021,ZAF,NLD,18,-18.0,15.0
2021,ZAF,NLD,19,-18.0,21.0
2021,ZAF,NLD,20,-15.128174,27.999252
2021,ZAF,NLD,21,-15.145809,28.538331
2021,ZAF,NLD,22,-15.172119,29.337503
2021,ZAF,NLD,23,-13.9051,32.4093
2021,ZAF,NLD,24,-13.32875,34.065242
2021,ZAF,NLD,25,-13.114888,34.6797
2021,ZAF,NLD,26,-12.839781,35.470126
2021,ZAF,NLD,27,-12.761203,35.695892
2021,ZAF,NLD,28,-12.608538,36.134522
2021,ZAF,NLD,29,-12.493983,36.463656
2021,ZAF,NLD,30,-12.32612,36.945951
2021,ZAF,NLD,31,-12.262448,37.128892
2021,ZAF,NLD,32,-12.131862,37.504085
2021,ZAF,NLD,33,-12.057515,37.717697
2021,ZAF,NLD,34,-11.81009,38.428587
2021,ZAF,NLD,35,-11.664545,38.84676
2021,ZAF,NLD,36,-11.158374,40.301066
2021,ZAF,NLD,37,-11.070622,40.553191
2021,ZAF,NLD,38,-10.289669,42.796988
2021,ZAF,NLD,39,-10.167909,43.146826
2021,ZAF,NLD,40,-10.063992,43.402334
2021,ZAF,NLD,41,-7.987368,45.91425
2021,ZAF,NLD,42,-6.698867,47.340067
2021,ZAF,NLD,43,-5.5,48.6667
2021,ZAF,NLD,44,-5.06401,48.799916
2021,ZAF,NLD,45,-4.270518,49.042365
2021,ZAF,NLD,46,-4.030414,49.115729
2021,ZAF,NLD,47,-3.986163,49.129249
2021,ZAF,NLD,48,-3.197043,49.370363
2021,ZAF,NLD,49,-2.39189,49.616376
2021,ZAF,NLD,50,-1.992006,49.738559
2021,ZAF,NLD,51,-1.93365,49.75639
2021,ZAF,NLD,52,-1.665743,49.838248
2021,ZAF,NLD,53,-1.47977,49.895072
2021,ZAF,NLD,54,-1.3,49.95
2021,ZAF,NLD,55,-0.671539,50.155459
2021,ZAF,NLD,56,-0.545959,50.196513
2021,ZAF,NLD,57,-0.343359,50.262748
2021,ZAF,NLD,58,0.39288,50.503441
2021,ZAF,NLD,59,1.193894,50.765311
2021,ZAF,NLD,60,1.3,50.8
2021,ZAF,NLD,61,1.441366,50.849032
2021,ZAF,NLD,62,1.567687,50.892845
2021,ZAF,NLD,63,1.813195,50.988387
2021,ZAF,NLD,64,2.1,51.1
2021,ZAF,NLD,65,2.356699,51.178984
2021,ZAF,NLD,66,3.4,51.5
2021,ZAF,NLD,67,3.559619,51.659619
2021,ZAF,NLD,68,3.9,52.0
2021,ZAF,NLD,69,4.069748,51.987629
2021,ZAF,NLD,70,4.151802,51.961827
2021,ZAF,NLD,71,4.230423,51.922673
2021,ZAF,NLD,72,4.289818,51.89641
2021,ZAF,NLD,73,4.32827,51.89302
2021,ZAF,NLD,74,4.369469,51.900223
2021,BEL,THA,0,4.261322,51.340907
2021,BEL,THA,1,4.1894,51.3917
2021,BEL,THA,2,4.0905,51.3831
2021,BEL,THA,3,3.9641,51.426
2021,BEL,THA,4,3.844528,51.354631
2021,BEL,THA,5,3.677482,51.412653
2021,BEL,THA,6,3.510818,51.436889
2021,BEL,THA,7,3.4,51.5
2021,BEL,THA,8,2.356699,51.178984
2021,BEL,THA,9,2.1,51.1
2021,BEL,THA,10,1.813195,50.988387
2021,BEL,THA,11,1.567687,50.892845
2021,BEL,THA,12,1.441366,50.849032
2021,BEL,THA,13,1.3,50.8
2021,BEL,THA,14,1.193894,50.765311
2021,BEL,THA,15,0.39288,50.503441
2021,BEL,THA,16,-0.343359,50.262748
2021,BEL,THA,17,-0.545959,50.196513
2021,BEL,THA,18,-0.671539,50.155459
2021,BEL,THA,19,-1.3,49.95
2021,BEL,THA,20,-1.47977,49.895072
2021,BEL,THA,21,-1.665743,49.838248
2021,BEL,THA,22,-1.93365,49.75639
2021,BEL,THA,23,-1.992006,49.738559
2021,BEL,THA,24,-2.39189,49.616376
2021,BEL,THA,25,-3.197043,49.370363
2021,BEL,THA,26,-3.986163,49.129249
2021,BEL,THA,27,-4.030414,49.115729
2021,BEL,THA,28,-4.270518,49.042365
2021,BEL,THA,29,-5.06401,48.799916
2021,BEL,THA,30,-5.5,48.6667
2021,BEL,THA,31,-6.698867,47.340067
2021,BEL,THA,32,-7.954994,45.668797
2021,BEL,THA,33,-8.49576,44.934776
2021,BEL,THA,34,-9.019938,43.924891
2021,BEL,THA,35,-9.14264,43.688493
2021,BEL,THA,36,-9.5,43.0
2021,BEL,THA,37,-9.9844,40.7798
2021,BEL,THA,38,-9.6,38.5
2021,BEL,THA,39,-9.452092,37.781589
2021,BEL,THA,40,-9.25,36.8
2021,BEL,THA,41,-8.219465,36.549727
2021,BEL,THA,42,-7.26966,36.31906
2021,BEL,THA,43,-5.75,35.95
2021,BEL,THA,44,-5.354867,35.968819
2021,BEL,THA,45,-5.269383,35.97289
2021,BEL,THA,46,-4.7,36.0
2021,BEL,THA,47,-3.683043,36.156455
2021,BEL,THA,48,-3.264225,36.220888
2021,BEL,THA,49,-2.590675,36.324512
2021,BEL,THA,50,-2.244793,36.377724
2021,BEL,THA,51,-1.62439,36.473171
2021,BEL,THA,52,-0.366667,36.666667
2021,BEL,THA,53,3.1,37.2
2021,BEL,THA,54,7.5,37.4
2021,BEL,THA,55,10.373031,37.482087
2021,BEL,THA,56,11.0,37.5
2021,BEL,THA,57,11.172235,37.454891
2021,BEL,THA,58,11.827836,37.283186
2021,BEL,THA,59,12.086301,37.215493
2021,BEL,THA,60,12.110644,37.209117
2021,BEL,THA,61,13.263819,36.907095
2021,BEL,THA,62,15.2,36.4
2021,BEL,THA,63,16.726588,36.086854
2021,BEL,THA,64,17.902084,35.845726
2021,BEL,THA,65,21.407365,35.126694
2021,BEL,THA,66,23.0,34.8
2021,BEL,THA,67,24.926664,34.187436
2021,BEL,THA,68,25.478721,34.011915
2021,BEL,THA,69,26.306431,33.748752
2021,BEL,THA,70,27.927542,33.219565
2021,BEL,THA,71,28.212434,33.115811
2021,BEL,THA,72,28.905525,32.863395
2021,BEL,THA,73,30.408377,32.316071
2021,BEL,THA,74,32.1,31.7
2021,BEL,THA,75,32.359877,31.336373
2021,BEL,THA,76,32.310104,31.102922
2021,BEL,THA,77,32.382202,30.318359
2021,BEL,THA,78,32.557983,30.213982
2021,BEL,THA,79,32.6,29.7
2021,BEL,THA,80,33.233643,28.444544
2021,BEL,THA,81,34.5,27.0
2021,BEL,THA,82,37.0,23.6
2021,BEL,THA,83,37.786499,22.210682
2021,BEL,THA,84,38.572998,20.807472
2021,BEL,THA,85,41.000977,17.098792
2021,BEL,THA,86,42.341309,14.509144
2021,BEL,THA,87,42.541058,13.676089
2021,BEL,THA,88,43.3,12.7
2021,BEL,THA,89,43.746586,12.40439
2021,BEL,THA,90,45.0,12.0
2021,BEL,THA,91,50.856149,12.884027
2021,BEL,THA,92,53.61885,13.300009
2021,BEL,THA,93,55.041504,12.747516
2021,BEL,THA,94,59.894005,11.083455
2021,BEL,THA,95,60.825733,10.866984
2021,BEL,THA,96,62.0601,10.5802
2021,BEL,THA,97,64.303249,10.031585
2021,BEL,THA,98,64.698862,9.934828
2021,BEL,THA,99,64.992809,9.862937
2021,BEL,THA,100,65.7044,9.6889
2021,BEL,THA,101,68.858995,8.881605
2021,BEL,THA,102,69.3291,8.7613
2021,BEL,THA,103,69.671733,8.6701
2021,BEL,THA,104,69.999915,8.582747
2021,BEL,THA,105,70.817426,8.365148
2021,BEL,THA,106,75.966807,6.966807
2021,BEL,THA,107,78.019032,6.387793
2021,BEL,THA,108,80.1,5.8
2021,BEL,THA,109,81.9,5.9
2021,BEL,THA,110,85.9479,6.1983
2021,BEL,THA,111,90.0,6.4664
2021,BEL,THA,112,94.326449,6.157121
2021,BEL,THA,113,98.128129,5.811729
2021,BEL,THA,114,99.763807,4.084523
2021,BEL,THA,115,100.6,3.2
2021,BEL,THA,116,101.316415,2.586072
2021,BEL,THA,117,102.0,2.0
2021,BEL,THA,118,103.6,1.1
2021,BEL,THA,119,103.861103,1.171415
2021,BEL,THA,120,104.145848,1.249295
2021,BEL,THA,121,104.482294,1.341312
2021,BEL,THA,122,104.217199,3.507041
2021,BEL,THA,123,103.912411,4.696465
2021,BEL,THA,124,103.533639,5.511174
2021,BEL,THA,125,102.439502,7.769072
2021,BEL,THA,126,102.041019,9.16096
2021,BEL,THA,127,101.026963,11.756932
2021,BEL,THA,128,100.706177,12.573329
2021,BEL,THA,129,100.600433,12.971104
2021,BEL,THA,130,100.851746,13.075465
2021,USA,DEU,0,-118.194489,33.703898
2021,USA,DEU,1,-118.1215,33.6276
2021,USA,DEU,2,-117.435608,33.167445
2021,USA,DEU,3,-117.3,32.7
2021,USA,DEU,4,-115.2,27.5
2021,USA,DEU,5,-112.510986,24.716895
2021,USA,DEU,6,-109.7,22.5
2021,USA,DEU,7,-106.489938,20.102998
2021,USA,DEU,8,-103.40332,17.983958
2021,USA,DEU,9,-99.9,16.5
2021,USA,DEU,10,-99.913376,15.63055
2021,USA,DEU,11,-90.991341,11.48884
2021,USA,DEU,12,-89.110835,10.580401
2021,USA,DEU,13,-87.997356,10.035818
2021,USA,DEU,14,-82.8,7.4167
2021,USA,DEU,15,-81.4,6.9
2021,USA,DEU,16,-80.227822,6.983728
2021,USA,DEU,17,-79.672852,7.422389
2021,USA,DEU,18,-79.5,8.6
2021,USA,DEU,19,-79.494118,8.796576
2021,USA,DEU,20,-79.585922,8.992656
2021,USA,DEU,21,-79.641747,9.035982
2021,USA,DEU,22,-79.689331,9.10639
2021,USA,DEU,23,-79.741379,9.118236
2021,USA,DEU,24,-79.803246,9.118307
2021,USA,DEU,25,-79.821304,9.173012
2021,USA,DEU,26,-79.900612,9.208176
2021,USA,DEU,27,-80.0,9.75
2021,USA,DEU,28,-74.970687,13.668227
2021,USA,DEU,29,-74.9584,13.6778
2021,USA,DEU,30,-73.284043,14.906532
2021,USA,DEU,31,-72.249859,15.665471
2021,USA,DEU,32,-72.224911,15.683779
2021,USA,DEU,33,-71.579995,16.157053
2021,USA,DEU,34,-71.173962,16.455021
2021,USA,DEU,35,-69.75,17.5
2021,USA,DEU,36,-68.615112,17.952606
2021,USA,DEU,37,-67.95,18.5
2021,USA,DEU,38,-67.331093,19.128409
2021,USA,DEU,39,-67.097137,19.365958
2021,USA,DEU,40,-67.057838,19.40586
2021,USA,DEU,41,-66.934172,19.531425
2021,USA,DEU,42,-66.754064,19.714298
2021,USA,DEU,43,-66.667107,19.80259
2021,USA,DEU,44,-66.628548,19.841741
2021,USA,DEU,45,-66.605655,19.864985
2021,USA,DEU,46,-66.504998,19.967188
2021,USA,DEU,47,-66.441166,20.032
2021,USA,DEU,48,-66.320768,20.154246
2021,USA,DEU,49,-65.0321,21.4627
2021,USA,DEU,50,-63.113598,23.300654
2021,USA,DEU,51,-60.618883,25.604749
2021,USA,DEU,52,-60.001076,26.15807
2021,USA,DEU,53,-58.8184,27.2173
2021,USA,DEU,54,-57.951012,27.936496
2021,USA,DEU,55,-57.878884,27.996301
2021,USA,DEU,56,-56.6607,29.00636
2021,USA,DEU,57,-55.346294,30.087016
2021,USA,DEU,58,-52.246233,32.44219
2021,USA,DEU,59,-51.699014,32.839924
2021,USA,DEU,60,-50.001683,34.008615
2021,USA,DEU,61,-48.55276,35.006266
2021,USA,DEU,62,-46.192316,36.486048
2021,USA,DEU,63,-44.2375,37.6913
2021,USA,DEU,64,-40.0,40.0
2021,USA,DEU,65,-37.894086,40.959473
2021,USA,DEU,66,-34.863425,42.340269
2021,USA,DEU,67,-32.990451,43.193613
2021,USA,DEU,68,-32.7508,43.3028
2021,USA,DEU,69,-30.002556,44.262362
2021,USA,DEU,70,-25.548163,45.817634
2021,USA,DEU,71,-24.7426,46.0989
2021,USA,DEU,72,-24.113938,46.255613
2021,USA,DEU,73,-20.001632,47.280732
2021,USA,DEU,74,-17.925346,47.79831
2021,USA,DEU,75,-16.888237,48.056841
2021,USA,DEU,76,-15.9842,48.2822
2021,USA,DEU,77,-14.710836,48.481015
2021,USA,DEU,78,-13.147736,48.725068
2021,USA,DEU,79,-10.632436,49.138636
2021,USA,DEU,80,-6.709922,49.73023
2021,USA,DEU,81,-6.5833,49.75
2021,USA,DEU,82,-5.979701,49.782237
2021,USA,DEU,83,-5.740436,49.795016
2021,USA,DEU,84,-5.630965,49.800862
2021,USA,DEU,85,-5.491611,49.808305
2021,USA,DEU,86,-4.868405,49.841589
2021,USA,DEU,87,-4.088283,49.883253
2021,USA,DEU,88,-2.93586,49.944802
2021,USA,DEU,89,-2.624015,50.023556
2021,USA,DEU,90,-2.270882,50.112738
2021,USA,DEU,91,-2.100162,50.138244
2021,USA,DEU,92,-1.755087,50.189798
2021,USA,DEU,93,-1.577583,50.216317
2021,USA,DEU,94,-1.251907,50.264973
2021,USA,DEU,95,-0.76446,50.337798
2021,USA,DEU,96,-0.764313,50.33751
2021,USA,DEU,97,-0.672505,50.358079
2021,USA,DEU,98,-0.505582,50.395477
2021,USA,DEU,99,0.301537,50.576304
2021,USA,DEU,100,1.149895,50.76637
2021,USA,DEU,101,1.3,50.8
2021,USA,DEU,102,1.498302,50.961124
2021,USA,DEU,103,1.648479,51.072443
2021,USA,DEU,104,1.868984,51.235892
2021,USA,DEU,105,2.3601,51.6089
2021,USA,DEU,106,2.9,51.9
2021,USA,DEU,107,3.044362,52.01549
2021,USA,DEU,108,3.327388,52.241911
2021,USA,DEU,109,3.900173,52.700139
2021,USA,DEU,110,4.9,53.5
2021,USA,DEU,111,6.384053,53.685507
2021,USA,DEU,112,8.25,53.9
2021,USA,DEU,113,8.745294,53.909831
2021,USA,DEU,114,9.041942,53.874321
2021,USA,DEU,115,9.227347,53.877053
2021,USA,DEU,116,9.336273,53.840148
2021,USA,DEU,117,9.39653,53.775829
2021,USA,DEU,118,9.496185,53.710038
2021,USA,DEU,119,9.535584,53.633153
2021,USA,DEU,120,9.632921,53.583652
2021,USA,DEU,121,9.751117,53.55475
2021,USA,DEU,122,9.927252,53.545112
2021,BRA,FIN,0,-46.347885,-23.981547
2021,BRA,FIN,1,-46.3,-24.3
2021,BRA,FIN,2,-44.631958,-23.920992
2021,BRA,FIN,3,-43.088379,-23.195912
2021,BRA,FIN,4,-41.3,-23.5
2021,BRA,FIN,5,-39.5,-20.0
2021,BRA,FIN,6,-37.8202,-16.5071
2021,BRA,FIN,7,-36.2,-13.0
2021,BRA,FIN,8,-35.073853,-9.849804
2021,BRA,FIN,9,-34.205933,-8.091862
2021,BRA,FIN,10,-33.97522,-6.959144
2021,BRA,FIN,11,-33.8,-5.25
2021,BRA,FIN,12,-32.983953,-3.172081
2021,BRA,FIN,13,-31.9046,-0.4237
2021,BRA,FIN,14,-31.738431,-1.3e-05
2021,BRA,FIN,15,-31.243642,1.261567
2021,BRA,FIN,16,-30.0115,4.4032
2021,BRA,FIN,17,-30.000266,4.431443
2021,BRA,FIN,18,-29.829347,4.861138
2021,BRA,FIN,19,-28.406522,8.438157
2021,BRA,FIN,20,-28.0937,9.2246
2021,BRA,FIN,21,-27.693656,10.200929
2021,BRA,FIN,22,-26.849972,12.259986
2021,BRA,FIN,23,-26.123,14.0342
2021,BRA,FIN,24,-25.069774,16.489404
2021,BRA,FIN,25,-24.0679,18.8249
2021,BRA,FIN,26,-23.232747,20.654158
2021,BRA,FIN,27,-21.8927,23.5893
2021,BRA,FIN,28,-21.885281,23.604304
2021,BRA,FIN,29,-21.750274,23.877344
2021,BRA,FIN,30,-19.593968,28.23828
2021,BRA,FIN,31,-19.5545,28.3181
2021,BRA,FIN,32,-18.907725,29.503512
2021,BRA,FIN,33,-17.183808,33.116222
2021,BRA,FIN,34,-16.342602,34.100529
2021,BRA,FIN,35,-15.637598,35.280754
2021,BRA,FIN,36,-15.507833,35.49799
2021,BRA,FIN,37,-15.087759,36.201224
2021,BRA,FIN,38,-14.5998,37.0181
2021,BRA,FIN,39,-14.458326,37.228343
2021,BRA,FIN,40,-14.370384,37.359032
2021,BRA,FIN,41,-13.970499,37.953293
2021,BRA,FIN,42,-13.755544,38.272734
2021,BRA,FIN,43,-13.19617,39.104011
2021,BRA,FIN,44,-13.09895,39.248488
2021,BRA,FIN,45,-11.934,40.9797
2021,BRA,FIN,46,-11.845154,41.094802
2021,BRA,FIN,47,-11.515445,41.521946
2021,BRA,FIN,48,-10.591061,42.719505
2021,BRA,FIN,49,-10.176425,43.256675
2021,BRA,FIN,50,-10.063992,43.402334
2021,BRA,FIN,51,-7.987368,45.91425
2021,BRA,FIN,52,-6.698867,47.340067
2021,BRA,FIN,53,-5.5,48.6667
2021,BRA,FIN,54,-5.06401,48.799916
2021,BRA,FIN,55,-4.270518,49.042365
2021,BRA,FIN,56,-4.030414,49.115729
2021,BRA,FIN,57,-3.986163,49.129249
2021,BRA,FIN,58,-3.197043,49.370363
2021,BRA,FIN,59,-2.39189,49.616376
2021,BRA,FIN,60,-1.992006,49.738559
2021,BRA,FIN,61,-1.93365,49.75639
2021,BRA,FIN,62,-1.665743,49.838248
2021,BRA,FIN,63,-1.47977,49.895072
2021,BRA,FIN,64,-1.3,49.95
2021,BRA,FIN,65,-0.671539,50.155459
2021,BRA,FIN,66,-0.545959,50.196513
2021,BRA,FIN,67,-0.343359,50.262748
2021,BRA,FIN,68,0.39288,50.503441
2021,BRA,FIN,69,1.193894,50.765311
2021,BRA,FIN,70,1.3,50.8
2021,BRA,FIN,71,1.498302,50.961124
2021,BRA,FIN,72,1.648479,51.072443
2021,BRA,FIN,73,1.868984,51.235892
2021,BRA,FIN,74,2.3601,51.6089
2021,BRA,FIN,75,2.9,51.9
2021,BRA,FIN,76,3.044362,52.01549
2021,BRA,FIN,77,3.327388,52.241911
2021,BRA,FIN,78,3.900173,52.700139
2021,BRA,FIN,79,4.9,53.5
2021,BRA,FIN,80,5.343228,54.126148
2021,BRA,FIN,81,5.795345,54.764853
2021,BRA,FIN,82,6.475957,55.462156
2021,BRA,FIN,83,6.837383,55.808317
2021,BRA,FIN,84,7.7379,56.6708
2021,BRA,FIN,85,7.983627,56.821663
2021,BRA,FIN,86,8.9354,57.406
2021,BRA,FIN,87,9.952745,57.599859
2021,BRA,FIN,88,10.7333,57.8
2021,BRA,FIN,89,11.4,57.7
2021,BRA,FIN,90,11.988567,56.905254
2021,BRA,FIN,91,12.409118,56.337382
2021,BRA,FIN,92,12.409121,56.337379
2021,BRA,FIN,93,12.629725,56.063887
2021,BRA,FIN,94,12.75,55.9
2021,BRA,FIN,95,12.700195,55.514637
2021,BRA,FIN,96,12.68255,55.305583
2021,BRA,FIN,97,12.974851,55.258099
2021,BRA,FIN,98,13.229812,55.252805
2021,BRA,FIN,99,13.836081,55.240216
2021,BRA,FIN,100,14.374661,55.229033
2021,BRA,FIN,101,15.80658,55.72711
2021,BRA,FIN,102,16.209967,55.954553
2021,BRA,FIN,103,17.0,56.4
2021,BRA,FIN,104,18.118532,56.645032
2021,BRA,FIN,105,20.6,58.2
2021,BRA,FIN,106,22.6,59.5
2021,BRA,FIN,107,24.011424,59.701632
2021,BRA,FIN,108,24.7,59.8
2021,BRA,FIN,109,24.907997,60.112071
2021,USA,NLD,0,-118.194489,33.703898
2021,USA,NLD,1,-118.1215,33.6276
2021,USA,NLD,2,-117.435608,33.167445
2021,USA,NLD,3,-117.3,32.7
2021,USA,NLD,4,-115.2,27.5
2021,USA,NLD,5,-112.510986,24.716895
2021,USA,NLD,6,-109.7,22.5
2021,USA,NLD,7,-106.489938,20.102998
2021,USA,NLD,8,-103.40332,17.983958
2021,USA,NLD,9,-99.9,16.5
2021,USA,NLD,10,-99.913376,15.63055
2021,USA,NLD,11,-90.991341,11.48884
2021,USA,NLD,12,-89.110835,10.580401
2021,USA,NLD,13,-87.997356,10.035818
2021,USA,NLD,14,-82.8,7.4167
2021,USA,NLD,15,-81.4,6.9
2021,USA,NLD,16,-80.227822,6.983728
2021,USA,NLD,17,-79.672852,7.422389
2021,USA,NLD,18,-79.5,8.6
2021,USA,NLD,19,-79.494118,8.796576
2021,USA,NLD,20,-79.585922,8.992656
2021,USA,NLD,21,-79.641747,9.035982
2021,USA,NLD,22,-79.689331,9.10639
2021,USA,NLD,23,-79.741379,9.118236
2021,USA,NLD,24,-79.803246,9.118307
2021,USA,NLD,25,-79.821304,9.173012
2021,USA,NLD,26,-79.900612,9.208176
2021,USA,NLD,27,-80.0,9.75
2021,USA,NLD,28,-74.970687,13.668227
2021,USA,NLD,29,-74.9584,13.6778
2021,USA,NLD,30,-73.284043,14.906532
2021,USA,NLD,31,-72.249859,15.665471
2021,USA,NLD,32,-72.224911,15.683779
2021,USA,NLD,33,-71.579995,16.157053
2021,USA,NLD,34,-71.173962,16.455021
2021,USA,NLD,35,-69.75,17.5
2021,USA,NLD,36,-68.615112,17.952606
2021,USA,NLD,37,-67.95,18.5
2021,USA,NLD,38,-67.331093,19.128409
2021,USA,NLD,39,-67.097137,19.365958
2021,USA,NLD,40,-67.057838,19.40586
2021,USA,NLD,41,-66.934172,19.531425
2021,USA,NLD,42,-66.754064,19.714298
2021,USA,NLD,43,-66.667107,19.80259
2021,USA,NLD,44,-66.628548,19.841741
2021,USA,NLD,45,-66.605655,19.864985
2021,USA,NLD,46,-66.504998,19.967188
2021,USA,NLD,47,-66.441166,20.032
2021,USA,NLD,48,-66.320768,20.154246
2021,USA,NLD,49,-65.0321,21.4627
2021,USA,NLD,50,-63.113598,23.300654
2021,USA,NLD,51,-60.618883,25.604749
2021,USA,NLD,52,-60.001076,26.15807
2021,USA,NLD,53,-58.8184,27.2173
2021,USA,NLD,54,-57.951012,27.936496
2021,USA,NLD,55,-57.878884,27.996301
2021,USA,NLD,56,-56.6607,29.00636
2021,USA,NLD,57,-55.346294,30.087016
2021,USA,NLD,58,-52.246233,32.44219
2021,USA,NLD,59,-51.699014,32.839924
2021,USA,NLD,60,-50.001683,34.008615
2021,USA,NLD,61,-48.55276,35.006266
2021,USA,NLD,62,-46.192316,36.486048
2021,USA,NLD,63,-44.2375,37.6913
2021,USA,NLD,64,-40.0,40.0
2021,USA,NLD,65,-37.894086,40.959473
2021,USA,NLD,66,-34.863425,42.340269
2021,USA,NLD,67,-32.990451,43.193613
2021,USA,NLD,68,-32.7508,43.3028
2021,USA,NLD,69,-30.002556,44.262362
2021,USA,NLD,70,-25.548163,45.817634
2021,USA,NLD,71,-24.7426,46.0989
2021,USA,NLD,72,-24.113938,46.255613
2021,USA,NLD,73,-20.001632,47.280732
2021,USA,NLD,74,-17.925346,47.79831
2021,USA,NLD,75,-16.888237,48.056841
2021,USA,NLD,76,-15.9842,48.2822
2021,USA,NLD,77,-14.710836,48.481015
2021,USA,NLD,78,-13.147736,48.725068
2021,USA,NLD,79,-10.632436,49.138636
2021,USA,NLD,80,-6.709922,49.73023
2021,USA,NLD,81,-6.5833,49.75
2021,USA,NLD,82,-5.979701,49.782237
2021,USA,NLD,83,-5.740436,49.795016
2021,USA,NLD,84,-5.630965,49.800862
2021,USA,NLD,85,-5.491611,49.808305
2021,USA,NLD,86,-4.868405,49.841589
2021,USA,NLD,87,-4.088283,49.883253
2021,USA,NLD,88,-2.93586,49.944802
2021,USA,NLD,89,-2.624015,50.023556
2021,USA,NLD,90,-2.270882,50.112738
2021,USA,NLD,91,-2.100162,50.138244
2021,USA,NLD,92,-1.755087,50.189798
2021,USA,NLD,93,-1.577583,50.216317
2021,USA,NLD,94,-1.251907,50.264973
2021,USA,NLD,95,-0.76446,50.337798
2021,USA,NLD,96,-0.764313,50.33751
2021,USA,NLD,97,-0.672505,50.358079
2021,USA,NLD,98,-0.505582,50.395477
2021,USA,NLD,99,0.301537,50.576304
2021,USA,NLD,100,1.149895,50.76637
2021,USA,NLD,101,1.3,50.8
2021,USA,NLD,102,1.441366,50.849032
2021,USA,NLD,103,1.567687,50.892845
2021,USA,NLD,104,1.813195,50.988387
2021,USA,NLD,105,2.1,51.1
2021,USA,NLD,106,2.356699,51.178984
2021,USA,NLD,107,3.4,51.5
2021,USA,NLD,108,3.559619,51.659619
2021,USA,NLD,109,3.9,52.0
2021,USA,NLD,110,4.069748,51.987629
2021,USA,NLD,111,4.151802,51.961827
2021,USA,NLD,112,4.230423,51.922673
2021,USA,NLD,113,4.289818,51.89641
2021,USA,NLD,114,4.32827,51.89302
2021,USA,NLD,115,4.369469,51.900223
2021,GBR,USA,0,1.296638,51.921686
2021,GBR,USA,1,1.5065,51.878829
2021,GBR,USA,2,1.613617,51.783903
2021,GBR,USA,3,1.539869,51.652703
2021,GBR,USA,4,1.4922,51.5679
2021,GBR,USA,5,1.474566,51.467902
2021,GBR,USA,6,1.4181,51.1477
2021,GBR,USA,7,1.384634,51.049171
2021,GBR,USA,8,1.3,50.8
2021,GBR,USA,9,1.149895,50.76637
2021,GBR,USA,10,0.301537,50.576304
2021,GBR,USA,11,-0.505582,50.395477
2021,GBR,USA,12,-0.672505,50.358079
2021,GBR,USA,13,-0.764313,50.33751
2021,GBR,USA,14,-0.76446,50.337798
2021,GBR,USA,15,-1.251907,50.264973
2021,GBR,USA,16,-1.577583,50.216317
2021,GBR,USA,17,-1.755087,50.189798
2021,GBR,USA,18,-2.100162,50.138244
2021,GBR,USA,19,-2.270882,50.112738
2021,GBR,USA,20,-2.624015,50.023556
2021,GBR,USA,21,-2.93586,49.944802
2021,GBR,USA,22,-4.088283,49.883253
2021,GBR,USA,23,-4.868405,49.841589
2021,GBR,USA,24,-5.491611,49.808305
2021,GBR,USA,25,-5.630965,49.800862
2021,GBR,USA,26,-5.740436,49.795016
2021,GBR,USA,27,-5.979701,49.782237
2021,GBR,USA,28,-6.5833,49.75
2021,GBR,USA,29,-6.709922,49.73023
2021,GBR,USA,30,-10.632436,49.138636
2021,GBR,USA,31,-13.147736,48.725068
2021,GBR,USA,32,-14.710836,48.481015
2021,GBR,USA,33,-15.9842,48.2822
2021,GBR,USA,34,-16.888237,48.056841
2021,GBR,USA,35,-17.925346,47.79831
2021,GBR,USA,36,-20.001632,47.280732
2021,GBR,USA,37,-24.113938,46.255613
2021,GBR,USA,38,-24.7426,46.0989
2021,GBR,USA,39,-25.548163,45.817634
2021,GBR,USA,40,-30.002556,44.262362
2021,GBR,USA,41,-32.7508,43.3028
2021,GBR,USA,42,-32.990451,43.193613
2021,GBR,USA,43,-34.863425,42.340269
2021,GBR,USA,44,-37.894086,40.959473
2021,GBR,USA,45,-40.0,40.0
2021,GBR,USA,46,-44.2375,37.6913
2021,GBR,USA,47,-46.192316,36.486048
2021,GBR,USA,48,-48.55276,35.006266
2021,GBR,USA,49,-50.001683,34.008615
2021,GBR,USA,50,-51.699014,32.839924
2021,GBR,USA,51,-52.246233,32.44219
2021,GBR,USA,52,-55.346294,30.087016
2021,GBR,USA,53,-56.6607,29.00636
2021,GBR,USA,54,-57.878884,27.996301
2021,GBR,USA,55,-57.951012,27.936496
2021,GBR,USA,56,-58.8184,27.2173
2021,GBR,USA,57,-60.001076,26.15807
2021,GBR,USA,58,-60.618883,25.604749
2021,GBR,USA,59,-63.113598,23.300654
2021,GBR,USA,60,-65.0321,21.4627
2021,GBR,USA,61,-66.320768,20.154246
2021,GBR,USA,62,-66.441166,20.032
2021,GBR,USA,63,-66.504998,19.967188
2021,GBR,USA,64,-66.605655,19.864985
2021,GBR,USA,65,-66.628548,19.841741
2021,GBR,USA,66,-66.667107,19.80259
2021,GBR,USA,67,-66.754064,19.714298
2021,GBR,USA,68,-66.934172,19.531425
2021,GBR,USA,69,-67.057838,19.40586
2021,GBR,USA,70,-67.097137,19.365958
2021,GBR,USA,71,-67.331093,19.128409
2021,GBR,USA,72,-67.95,18.5
2021,GBR,USA,73,-68.615112,17.952606
2021,GBR,USA,74,-69.75,17.5
2021,GBR,USA,75,-71.173962,16.455021
2021,GBR,USA,76,-71.579995,16.157053
2021,GBR,USA,77,-72.224911,15.683779
2021,GBR,USA,78,-72.249859,15.665471
2021,GBR,USA,79,-73.284043,14.906532
2021,GBR,USA,80,-74.9584,13.6778
2021,GBR,USA,81,-74.970687,13.668227
2021,GBR,USA,82,-80.0,9.75
2021,GBR,USA,83,-79.900612,9.208176
2021,GBR,USA,84,-79.821304,9.173012
2021,GBR,USA,85,-79.803246,9.118307
2021,GBR,USA,86,-79.741379,9.118236
2021,GBR,USA,87,-79.689331,9.10639
2021,GBR,USA,88,-79.641747,9.035982
2021,GBR,USA,89,-79.585922,8.992656
2021,GBR,USA,90,-79.494118,8.796576
2021,GBR,USA,91,-79.5,8.6
2021,GBR,USA,92,-79.672852,7.422389
2021,GBR,USA,93,-80.227822,6.983728
2021,GBR,USA,94,-81.4,6.9
2021,GBR,USA,95,-82.8,7.4167
2021,GBR,USA,96,-87.997356,10.035818
2021,GBR,USA,97,-89.110835,10.580401
2021,GBR,USA,98,-90.991341,11.48884
2021,GBR,USA,99,-99.913376,15.63055
2021,GBR,USA,100,-99.9,16.5
2021,GBR,USA,101,-103.40332,17.983958
2021,GBR,USA,102,-106.489938,20.102998
2021,GBR,USA,103,-109.7,22.5
2021,GBR,USA,104,-112.510986,24.716895
2021,GBR,USA,105,-115.2,27.5
2021,GBR,USA,106,-117.3,32.7
2021,GBR,USA,107,-117.435608,33.167445
2021,GBR,USA,108,-118.1215,33.6276
2021,GBR,USA,109,-118.194489,33.703898
2021,RUS,UZB,0,30.172577,59.920613
2021,RUS,UZB,1,27.89978,60.17977
2021,RUS,UZB,2,27.125244,59.95226
2021,RUS,UZB,3,26.240845,59.971508
2021,RUS,UZB,4,24.7,59.8
2021,RUS,UZB,5,24.011424,59.701632
2021,RUS,UZB,6,22.6,59.5
2021,RUS,UZB,7,20.6,58.2
2021,RUS,UZB,8,18.118532,56.645032
2021,RUS,UZB,9,17.0,56.4
2021,RUS,UZB,10,16.209967,55.954553
2021,RUS,UZB,11,15.80658,55.72711
2021,RUS,UZB,12,14.374661,55.229033
2021,RUS,UZB,13,13.836081,55.240216
2021,RUS,UZB,14,13.229812,55.252805
2021,RUS,UZB,15,12.974851,55.258099
2021,RUS,UZB,16,12.68255,55.305583
2021,RUS,UZB,17,12.700195,55.514637
2021,RUS,UZB,18,12.75,55.9
2021,RUS,UZB,19,12.629725,56.063887
2021,RUS,UZB,20,12.409121,56.337379
2021,RUS,UZB,21,12.409118,56.337382
2021,RUS,UZB,22,11.988567,56.905254
2021,RUS,UZB,23,11.4,57.7
2021,RUS,UZB,24,10.7333,57.8
2021,RUS,UZB,25,9.952745,57.599859
2021,RUS,UZB,26,8.9354,57.406
2021,RUS,UZB,27,7.983627,56.821663
2021,RUS,UZB,28,7.7379,56.6708
2021,RUS,UZB,29,6.837383,55.808317
2021,RUS,UZB,30,6.475957,55.462156
2021,RUS,UZB,31,5.795345,54.764853
2021,RUS,UZB,32,5.343228,54.126148
2021,RUS,UZB,33,4.9,53.5
2021,RUS,UZB,34,3.900173,52.700139
2021,RUS,UZB,35,3.327388,52.241911
2021,RUS,UZB,36,3.044362,52.01549
2021,RUS,UZB,37,2.9,51.9
2021,RUS,UZB,38,2.3601,51.6089
2021,RUS,UZB,39,1.868984,51.235892
2021,RUS,UZB,40,1.648479,51.072443
2021,RUS,UZB,41,1.498302,50.961124
2021,RUS,UZB,42,1.3,50.8
2021,RUS,UZB,43,1.193894,50.765311
2021,RUS,UZB,44,0.39288,50.503441
2021,RUS,UZB,45,-0.343359,50.262748
2021,RUS,UZB,46,-0.545959,50.196513
2021,RUS,UZB,47,-0.671539,50.155459
2021,RUS,UZB,48,-1.3,49.95
2021,RUS,UZB,49,-1.47977,49.895072
2021,RUS,UZB,50,-1.665743,49.838248
2021,RUS,UZB,51,-1.93365,49.75639
2021,RUS,UZB,52,-1.992006,49.738559
2021,RUS,UZB,53,-2.39189,49.616376
2021,RUS,UZB,54,-3.197043,49.370363
2021,RUS,UZB,55,-3.986163,49.129249
2021,RUS,UZB,56,-4.030414,49.115729
2021,RUS,UZB,57,-4.270518,49.042365
2021,RUS,UZB,58,-5.06401,48.799916
2021,RUS,UZB,59,-5.5,48.6667
2021,RUS,UZB,60,-6.698867,47.340067
2021,RUS,UZB,61,-7.954994,45.668797
2021,RUS,UZB,62,-8.49576,44.934776
2021,RUS,UZB,63,-9.019938,43.924891
2021,RUS,UZB,64,-9.14264,43.688493
2021,RUS,UZB,65,-9.5,43.0
2021,RUS,UZB,66,-9.9844,40.7798
2021,RUS,UZB,67,-9.6,38.5
2021,RUS,UZB,68,-9.452092,37.781589
2021,RUS,UZB,69,-9.25,36.8
2021,RUS,UZB,70,-8.219465,36.549727
2021,RUS,UZB,71,-7.26966,36.31906
2021,RUS,UZB,72,-5.75,35.95
2021,RUS,UZB,73,-5.354867,35.968819
2021,RUS,UZB,74,-5.269383,35.97289
2021,RUS,UZB,75,-4.7,36.0
2021,RUS,UZB,76,-3.683043,36.156455
2021,RUS,UZB,77,-3.264225,36.220888
2021,RUS,UZB,78,-2.590675,36.324512
2021,RUS,UZB,79,-2.244793,36.377724
2021,RUS,UZB,80,-1.62439,36.473171
2021,RUS,UZB,81,-0.366667,36.666667
2021,RUS,UZB,82,3.1,37.2
2021,RUS,UZB,83,7.095237,37.715715
2021,RUS,UZB,84,7.192242,37.728237
2021,RUS,UZB,85,7.507237,37.768897
2021,RUS,UZB,86,8.147147,37.851498
2021,RUS,UZB,87,8.676736,37.919859
2021,RUS,UZB,88,9.1442,37.9802
2021,RUS,UZB,89,9.780069,38.026727
2021,RUS,UZB,90,10.136119,38.052779
2021,RUS,UZB,91,10.311505,38.065613
2021,RUS,UZB,92,10.445158,38.075392
2021,RUS,UZB,93,11.013127,38.116951
2021,RUS,UZB,94,11.661179,38.164369
2021,RUS,UZB,95,12.099936,38.196473
2021,RUS,UZB,96,12.743535,38.243566
2021,RUS,UZB,97,13.3959,38.2913
2021,RUS,UZB,98,15.727668,38.366322
2021,RUS,UZB,99,15.711882,38.273843
2021,RUS,UZB,100,15.608743,38.230867
2021,RUS,UZB,101,15.557174,38.032185
2021,RUS,UZB,102,15.6982,37.892786
2021,RUS,UZB,103,16.152761,37.900531
2021,RUS,UZB,104,16.419052,37.905068
2021,RUS,UZB,105,18.393028,37.938699
2021,RUS,UZB,106,20.319182,37.971516
2021,RUS,UZB,107,20.680488,37.977089
2021,RUS,UZB,108,20.98035,38.076305
2021,RUS,UZB,109,21.158505,38.131249
2021,RUS,UZB,110,21.353302,38.219841
2021,RUS,UZB,111,21.9041,38.3486
2021,RUS,UZB,112,22.828287,38.02424
2021,RUS,UZB,113,22.947178,37.960508
2021,RUS,UZB,114,23.020113,37.909026
2021,RUS,UZB,115,23.175353,37.880707
2021,RUS,UZB,116,23.401569,37.850922
2021,RUS,UZB,117,23.505426,37.837248
2021,RUS,UZB,118,23.6425,37.8192
2021,RUS,UZB,119,23.885914,37.616154
2021,RUS,UZB,120,23.888901,37.615875
2021,RUS,UZB,121,24.063647,37.621498
2021,RUS,UZB,122,24.083063,37.715634
2021,RUS,UZB,123,24.114615,37.769372
2021,RUS,UZB,124,24.372282,37.856919
2021,RUS,UZB,125,24.520041,37.90673
2021,RUS,UZB,126,24.657285,38.115863
2021,RUS,UZB,127,25.337942,39.153055
2021,RUS,UZB,128,25.5,39.4
2021,RUS,UZB,129,25.700208,39.600208
2021,RUS,UZB,130,25.766724,39.666724
2021,RUS,UZB,131,26.2,40.1
2021,RUS,UZB,132,26.768188,40.440676
2021,RUS,UZB,133,27.277634,40.60495
2021,RUS,UZB,134,28.449481,40.805825
2021,RUS,UZB,135,28.501542,40.82216
2021,RUS,UZB,136,28.977708,40.971568
2021,RUS,UZB,137,28.995,41.027893
2021,RUS,UZB,138,29.042328,41.050547
2021,RUS,UZB,139,29.070542,41.117776
2021,RUS,UZB,140,29.050519,41.15205
2021,RUS,UZB,141,29.096026,41.186306
2021,RUS,UZB,142,29.132431,41.242447
2021,RUS,UZB,143,33.0,43.0
2021,RUS,UZB,144,36.4,45.0
2021,RUS,UZB,145,36.8592,45.6212
2021,RUS,UZB,146,37.6629,46.8238
2021,RUS,UZB,147,39.0431,47.104
2021,RUS,UZB,148,39.267333,47.075668
2021,RUS,UZB,149,39.695799,47.195305
2021,RUS,UZB,150,40.201171,47.225172
2021,RUS,UZB,151,40.508788,47.463503
2021,RUS,UZB,152,40.915282,47.582266
2021,RUS,UZB,153,42.090819,47.560018
2021,RUS,UZB,154,42.728026,47.767294
2021,RUS,UZB,155,43.32019,48.48606
2021,RUS,UZB,156,43.694824,48.654066
2021,RUS,UZB,157,43.967422,48.682195
2021,RUS,UZB,158,44.063965,48.624963
2021,RUS,UZB,159,44.160095,48.548619
2021,RUS,UZB,160,44.206787,48.494017
2021,RUS,UZB,161,44.347069,48.468501
2021,RUS,UZB,162,44.483025,48.42202
2021,RUS,UZB,163,44.503624,48.424983
2021,RUS,UZB,164,44.551981,48.484619
2021,RUS,UZB,165,44.557148,48.530549
2021,RUS,UZB,166,44.625366,48.538156
2021,RUS,UZB,167,44.905517,48.477167
2021,RUS,UZB,168,44.976929,48.437986
2021,RUS,UZB,169,45.097778,48.474597
2021,RUS,UZB,170,45.368316,48.408059
2021,RUS,UZB,171,45.563324,48.466398
2021,RUS,UZB,172,45.888794,48.323167
2021,RUS,UZB,173,46.00415,48.240877
2021,RUS,UZB,174,46.176635,48.205773
2021,RUS,UZB,175,46.154662,47.948739
2021,RUS,UZB,176,46.352416,47.860317
2021,RUS,UZB,177,46.55017,47.723704
2021,RUS,UZB,178,46.874267,47.427097
2021,RUS,UZB,179,46.978637,47.427097
2021,RUS,UZB,180,47.121459,47.296802
2021,RUS,UZB,181,47.077514,47.218471
2021,RUS,UZB,182,47.604858,46.956531
2021,RUS,UZB,183,47.604858,46.843876
2021,RUS,UZB,184,47.714721,46.85891
2021,RUS,UZB,185,47.832001,46.747251
2021,RUS,UZB,186,47.892425,46.653022
2021,RUS,UZB,187,47.906158,46.581298
2021,RUS,UZB,188,48.017395,46.541621
2021,RUS,UZB,189,48.033874,46.524607
2021,RUS,UZB,190,47.976196,46.460286
2021,RUS,UZB,191,48.039368,46.392098
2021,RUS,UZB,192,47.908768,46.212552
2021,RUS,UZB,193,47.849029,46.192582
2021,RUS,UZB,194,47.817444,46.150242
2021,RUS,UZB,195,47.742599,46.099295
2021,RUS,UZB,196,47.704834,46.028271
2021,RUS,UZB,197,47.694534,45.981573
2021,RUS,UZB,198,47.62999,45.974889
2021,RUS,UZB,199,47.662262,45.938593
2021,RUS,UZB,200,47.622436,45.880277
2021,RUS,UZB,201,47.671463,45.84765
2021,RUS,UZB,202,47.684166,45.806481
2021,RUS,UZB,203,47.645714,45.768157
2021,RUS,UZB,204,47.637474,45.721894
2021,RUS,UZB,205,47.698791,45.682042
2021,RUS,UZB,206,47.782562,45.394294
2021,RUS,UZB,207,47.8023,45.1174
2021,RUS,UZB,208,49.344401,43.264905
2021,RUS,UZB,209,50.765625,41.50613
2021,RUS,UZB,210,52.735774,39.764444
2021,RUS,UZB,211,53.151855,39.183304
2021,RUS,UZB,212,53.6251,38.2007
2021,PRT,FIN,0,-9.1137,38.6997
2021,PRT,FIN,1,-9.2895,38.6804
2021,PRT,FIN,2,-9.6,38.5
2021,PRT,FIN,3,-9.9844,40.7798
2021,PRT,FIN,4,-9.5,43.0
2021,PRT,FIN,5,-9.14264,43.688493
2021,PRT,FIN,6,-9.019938,43.924891
2021,PRT,FIN,7,-8.49576,44.934776
2021,PRT,FIN,8,-7.954994,45.668797
2021,PRT,FIN,9,-6.698867,47.340067
2021,PRT,FIN,10,-5.5,48.6667
2021,PRT,FIN,11,-5.06401,48.799916
2021,PRT,FIN,12,-4.270518,49.042365
2021,PRT,FIN,13,-4.030414,49.115729
2021,PRT,FIN,14,-3.986163,49.129249
2021,PRT,FIN,15,-3.197043,49.370363
2021,PRT,FIN,16,-2.39189,49.616376
2021,PRT,FIN,17,-1.992006,49.738559
2021,PRT,FIN,18,-1.93365,49.75639
2021,PRT,FIN,19,-1.665743,49.838248
2021,PRT,FIN,20,-1.47977,49.895072
2021,PRT,FIN,21,-1.3,49.95
2021,PRT,FIN,22,-0.671539,50.155459
2021,PRT,FIN,23,-0.545959,50.196513
2021,PRT,FIN,24,-0.343359,50.262748
2021,PRT,FIN,25,0.39288,50.503441
2021,PRT,FIN,26,1.193894,50.765311
2021,PRT,FIN,27,1.3,50.8
2021,PRT,FIN,28,1.498302,50.961124
2021,PRT,FIN,29,1.648479,51.072443
2021,PRT,FIN,30,1.868984,51.235892
2021,PRT,FIN,31,2.3601,51.6089
2021,PRT,FIN,32,2.9,51.9
2021,PRT,FIN,33,3.044362,52.01549
2021,PRT,FIN,34,3.327388,52.241911
2021,PRT,FIN,35,3.900173,52.700139
2021,PRT,FIN,36,4.9,53.5
2021,PRT,FIN,37,5.343228,54.126148
2021,PRT,FIN,38,5.795345,54.764853
2021,PRT,FIN,39,6.475957,55.462156
2021,PRT,FIN,40,6.837383,55.808317
2021,PRT,FIN,41,7.7379,56.6708
2021,PRT,FIN,42,7.983627,56.821663
2021,PRT,FIN,43,8.9354,57.406
2021,PRT,FIN,44,9.952745,57.599859
2021,PRT,FIN,45,10.7333,57.8
2021,PRT,FIN,46,11.4,57.7
2021,PRT,FIN,47,11.988567,56.905254
2021,PRT,FIN,48,12.409118,56.337382
2021,PRT,FIN,49,12.409121,56.337379
2021,PRT,FIN,50,12.629725,56.063887
2021,PRT,FIN,51,12.75,55.9
2021,PRT,FIN,52,12.700195,55.514637
2021,PRT,FIN,53,12.68255,55.305583
2021,PRT,FIN,54,12.974851,55.258099
2021,PRT,FIN,55,13.229812,55.252805
2021,PRT,FIN,56,13.836081,55.240216
2021,PRT,FIN,57,14.374661,55.229033
2021,PRT,FIN,58,15.80658,55.72711
2021,PRT,FIN,59,16.209967,55.954553
2021,PRT,FIN,60,17.0,56.4
2021,PRT,FIN,61,18.118532,56.645032
2021,PRT,FIN,62,20.6,58.2
2021,PRT,FIN,63,22.6,59.5
2021,PRT,FIN,64,24.011424,59.701632
2021,PRT,FIN,65,24.7,59.8
2021,PRT,FIN,66,24.907997,60.112071
2021,PER,DEU,0,-77.7,-12.0
2021,PER,DEU,1,-80.0,-10.0
2021,PER,DEU,2,-80.2,-7.3
2021,PER,DEU,3,-81.9,-5.25
2021,PER,DEU,4,-81.25,-3.0
2021,PER,DEU,5,-81.8,-0.9
2021,PER,DEU,6,-81.176151,1.84843
2021,PER,DEU,7,-80.9033,3.0505
2021,PER,DEU,8,-80.412834,5.194964
2021,PER,DEU,9,-79.672852,7.422389
2021,PER,DEU,10,-79.5,8.6
2021,PER,DEU,11,-79.494118,8.796576
2021,PER,DEU,12,-79.585922,8.992656
2021,PER,DEU,13,-79.641747,9.035982
2021,PER,DEU,14,-79.689331,9.10639
2021,PER,DEU,15,-79.741379,9.118236
2021,PER,DEU,16,-79.803246,9.118307
2021,PER,DEU,17,-79.821304,9.173012
2021,PER,DEU,18,-79.900612,9.208176
2021,PER,DEU,19,-80.0,9.75
2021,PER,DEU,20,-74.970687,13.668227
2021,PER,DEU,21,-74.9584,13.6778
2021,PER,DEU,22,-73.284043,14.906532
2021,PER,DEU,23,-72.249859,15.665471
2021,PER,DEU,24,-72.224911,15.683779
2021,PER,DEU,25,-71.579995,16.157053
2021,PER,DEU,26,-71.173962,16.455021
2021,PER,DEU,27,-69.75,17.5
2021,PER,DEU,28,-68.615112,17.952606
2021,PER,DEU,29,-67.95,18.5
2021,PER,DEU,30,-67.331093,19.128409
2021,PER,DEU,31,-67.097137,19.365958
2021,PER,DEU,32,-67.057838,19.40586
2021,PER,DEU,33,-66.934172,19.531425
2021,PER,DEU,34,-66.754064,19.714298
2021,PER,DEU,35,-66.667107,19.80259
2021,PER,DEU,36,-66.628548,19.841741
2021,PER,DEU,37,-66.605655,19.864985
2021,PER,DEU,38,-66.504998,19.967188
2021,PER,DEU,39,-66.441166,20.032
2021,PER,DEU,40,-66.320768,20.154246
2021,PER,DEU,41,-65.0321,21.4627
2021,PER,DEU,42,-63.113598,23.300654
2021,PER,DEU,43,-60.618883,25.604749
2021,PER,DEU,44,-60.001076,26.15807
2021,PER,DEU,45,-58.8184,27.2173
2021,PER,DEU,46,-57.951012,27.936496
2021,PER,DEU,47,-57.878884,27.996301
2021,PER,DEU,48,-56.6607,29.00636
2021,PER,DEU,49,-55.346294,30.087016
2021,PER,DEU,50,-52.246233,32.44219
2021,PER,DEU,51,-51.699014,32.839924
2021,PER,DEU,52,-50.001683,34.008615
2021,PER,DEU,53,-48.55276,35.006266
2021,PER,DEU,54,-46.192316,36.486048
2021,PER,DEU,55,-44.2375,37.6913
2021,PER,DEU,56,-40.0,40.0
2021,PER,DEU,57,-37.894086,40.959473
2021,PER,DEU,58,-34.863425,42.340269
2021,PER,DEU,59,-32.990451,43.193613
2021,PER,DEU,60,-32.7508,43.3028
2021,PER,DEU,61,-30.002556,44.262362
2021,PER,DEU,62,-25.548163,45.817634
2021,PER,DEU,63,-24.7426,46.0989
2021,PER,DEU,64,-24.113938,46.255613
2021,PER,DEU,65,-20.001632,47.280732
2021,PER,DEU,66,-17.925346,47.79831
2021,PER,DEU,67,-16.888237,48.056841
2021,PER,DEU,68,-15.9842,48.2822
2021,PER,DEU,69,-14.710836,48.481015
2021,PER,DEU,70,-13.147736,48.725068
2021,PER,DEU,71,-10.632436,49.138636
2021,PER,DEU,72,-6.709922,49.73023
2021,PER,DEU,73,-6.5833,49.75
2021,PER,DEU,74,-5.979701,49.782237
2021,PER,DEU,75,-5.740436,49.795016
2021,PER,DEU,76,-5.630965,49.800862
2021,PER,DEU,77,-5.491611,49.808305
2021,PER,DEU,78,-4.868405,49.841589
2021,PER,DEU,79,-4.088283,49.883253
2021,PER,DEU,80,-2.93586,49.944802
2021,PER,DEU,81,-2.624015,50.023556
2021,PER,DEU,82,-2.270882,50.112738
2021,PER,DEU,83,-2.100162,50.138244
2021,PER,DEU,84,-1.755087,50.189798
2021,PER,DEU,85,-1.577583,50.216317
2021,PER,DEU,86,-1.251907,50.264973
2021,PER,DEU,87,-0.76446,50.337798
2021,PER,DEU,88,-0.764313,50.33751
2021,PER,DEU,89,-0.672505,50.358079
2021,PER,DEU,90,-0.505582,50.395477
2021,PER,DEU,91,0.301537,50.576304
2021,PER,DEU,92,1.149895,50.76637
2021,PER,DEU,93,1.3,50.8
2021,PER,DEU,94,1.498302,50.961124
2021,PER,DEU,95,1.648479,51.072443
2021,PER,DEU,96,1.868984,51.235892
2021,PER,DEU,97,2.3601,51.6089
2021,PER,DEU,98,2.9,51.9
2021,PER,DEU,99,3.044362,52.01549
2021,PER,DEU,100,3.327388,52.241911
2021,PER,DEU,101,3.900173,52.700139
2021,PER,DEU,102,4.9,53.5
2021,PER,DEU,103,6.384053,53.685507
2021,PER,DEU,104,8.25,53.9
2021,PER,DEU,105,8.745294,53.909831
2021,PER,DEU,106,9.041942,53.874321
2021,PER,DEU,107,9.227347,53.877053
2021,PER,DEU,108,9.336273,53.840148
2021,PER,DEU,109,9.39653,53.775829
2021,PER,DEU,110,9.496185,53.710038
2021,PER,DEU,111,9.535584,53.633153
2021,PER,DEU,112,9.632921,53.583652
2021,PER,DEU,113,9.751117,53.55475
2021,PER,DEU,114,9.927252,53.545112
2021,RUS,USA,0,30.172577,59.920613
2021,RUS,USA,1,27.89978,60.17977
2021,RUS,USA,2,27.125244,59.95226
2021,RUS,USA,3,26.240845,59.971508
2021,RUS,USA,4,24.7,59.8
2021,RUS,USA,5,24.011424,59.701632
2021,RUS,USA,6,22.6,59.5
2021,RUS,USA,7,20.6,58.2
2021,RUS,USA,8,18.118532,56.645032
2021,RUS,USA,9,17.0,56.4
2021,RUS,USA,10,16.209967,55.954553
2021,RUS,USA,11,15.80658,55.72711
2021,RUS,USA,12,14.374661,55.229033
2021,RUS,USA,13,13.836081,55.240216
2021,RUS,USA,14,13.229812,55.252805
2021,RUS,USA,15,12.974851,55.258099
2021,RUS,USA,16,12.68255,55.305583
2021,RUS,USA,17,12.700195,55.514637
2021,RUS,USA,18,12.75,55.9
2021,RUS,USA,19,12.629725,56.063887
2021,RUS,USA,20,12.409121,56.337379
2021,RUS,USA,21,12.409118,56.337382
2021,RUS,USA,22,11.988567,56.905254
2021,RUS,USA,23,11.4,57.7
2021,RUS,USA,24,10.7333,57.8
2021,RUS,USA,25,9.973674,57.861058
2021,RUS,USA,26,9.916106,57.865686
2021,RUS,USA,27,9.754772,57.878654
2021,RUS,USA,28,8.05,57.95
2021,RUS,USA,29,5.95,58.0
2021,RUS,USA,30,4.598436,58.068003
2021,RUS,USA,31,3.831853,58.106573
2021,RUS,USA,32,0.800855,58.439728
2021,RUS,USA,33,-0.657457,58.531538
2021,RUS,USA,34,-1.247855,58.568708
2021,RUS,USA,35,-1.882382,58.608655
2021,RUS,USA,36,-2.874305,58.649909
2021,RUS,USA,37,-3.397818,58.762202
2021,RUS,USA,38,-4.799483,58.7
2021,RUS,USA,39,-5.2,58.7
2021,RUS,USA,40,-5.720463,58.67623
2021,RUS,USA,41,-5.722863,58.67612
2021,RUS,USA,42,-5.723212,58.676105
2021,RUS,USA,43,-6.489458,58.64111
2021,RUS,USA,44,-10.1362,58.47456
2021,RUS,USA,45,-11.841927,58.396659
2021,RUS,USA,46,-15.775448,57.509738
2021,RUS,USA,47,-17.061319,57.214364
2021,RUS,USA,48,-18.562576,56.869513
2021,RUS,USA,49,-20.002982,56.53398
2021,RUS,USA,50,-25.001623,55.193677
2021,RUS,USA,51,-25.711132,55.003434
2021,RUS,USA,52,-26.9129,54.6812
2021,RUS,USA,53,-30.003101,53.607151
2021,RUS,USA,54,-30.964823,53.272889
2021,RUS,USA,55,-32.596784,52.705674
2021,RUS,USA,56,-33.785385,52.292557
2021,RUS,USA,57,-40.0,50.0
2021,RUS,USA,58,-41.658626,48.508366
2021,RUS,USA,59,-45.109081,45.405304
2021,RUS,USA,60,-45.319011,45.21651
2021,RUS,USA,61,-47.493255,42.807466
2021,RUS,USA,62,-49.417076,40.652855
2021,RUS,USA,63,-50.0,40.0
2021,RUS,USA,64,-55.000024,35.385732
2021,RUS,USA,65,-55.3052,35.1041
2021,RUS,USA,66,-55.856709,34.50451
2021,RUS,USA,67,-55.861059,34.499781
2021,RUS,USA,68,-57.742406,32.454415
2021,RUS,USA,69,-57.765496,32.429312
2021,RUS,USA,70,-60.0,30.0
2021,RUS,USA,71,-60.223798,29.75575
2021,RUS,USA,72,-61.33976,28.537799
2021,RUS,USA,73,-62.306029,27.483223
2021,RUS,USA,74,-64.634,24.9425
2021,RUS,USA,75,-64.647219,24.92641
2021,RUS,USA,76,-66.572194,22.583364
2021,RUS,USA,77,-66.320768,20.154246
2021,RUS,USA,78,-66.441166,20.032
2021,RUS,USA,79,-66.504998,19.967188
2021,RUS,USA,80,-66.605655,19.864985
2021,RUS,USA,81,-66.628548,19.841741
2021,RUS,USA,82,-66.667107,19.80259
2021,RUS,USA,83,-66.754064,19.714298
2021,RUS,USA,84,-66.934172,19.531425
2021,RUS,USA,85,-67.057838,19.40586
2021,RUS,USA,86,-67.097137,19.365958
2021,RUS,USA,87,-67.331093,19.128409
2021,RUS,USA,88,-67.95,18.5
2021,RUS,USA,89,-68.615112,17.952606
2021,RUS,USA,90,-69.75,17.5
2021,RUS,USA,91,-71.173962,16.455021
2021,RUS,USA,92,-71.579995,16.157053
2021,RUS,USA,93,-72.224911,15.683779
2021,RUS,USA,94,-72.249859,15.665471
2021,RUS,USA,95,-73.284043,14.906532
2021,RUS,USA,96,-74.9584,13.6778
2021,RUS,USA,97,-74.970687,13.668227
2021,RUS,USA,98,-80.0,9.75
2021,RUS,USA,99,-79.900612,9.208176
2021,RUS,USA,100,-79.821304,9.173012
2021,RUS,USA,101,-79.803246,9.118307
2021,RUS,USA,102,-79.741379,9.118236
2021,RUS,USA,103,-79.689331,9.10639
2021,RUS,USA,104,-79.641747,9.035982
2021,RUS,USA,105,-79.585922,8.992656
2021,RUS,USA,106,-79.494118,8.796576
2021,RUS,USA,107,-79.5,8.6
2021,RUS,USA,108,-79.672852,7.422389
2021,RUS,USA,109,-80.227822,6.983728
2021,RUS,USA,110,-81.4,6.9
2021,RUS,USA,111,-82.8,7.4167
2021,RUS,USA,112,-87.997356,10.035818
2021,RUS,USA,113,-89.110835,10.580401
2021,RUS,USA,114,-90.991341,11.48884
2021,RUS,USA,115,-99.913376,15.63055
2021,RUS,USA,116,-99.9,16.5
2021,RUS,USA,117,-103.40332,17.983958
2021,RUS,USA,118,-106.489938,20.102998
2021,RUS,USA,119,-109.7,22.5
2021,RUS,USA,120,-112.510986,24.716895
2021,RUS,USA,121,-115.2,27.5
2021,RUS,USA,122,-117.3,32.7
2021,RUS,USA,123,-117.435608,33.167445
2021,RUS,USA,124,-118.1215,33.6276
2021,RUS,USA,125,-118.194489,33.703898
2021,MOZ,GRC,0,32.606049,-25.995081
2021,MOZ,GRC,1,32.827148,-25.995081
2021,MOZ,GRC,2,32.861481,-25.703413
2021,MOZ,GRC,3,35.142957,-24.861024
2021,MOZ,GRC,4,36.0,-24.0
2021,MOZ,GRC,5,38.929,-19.5234
2021,MOZ,GRC,6,41.7,-15.0
2021,MOZ,GRC,7,43.0,-12.0
2021,MOZ,GRC,8,44.496583,-8.106077
2021,MOZ,GRC,9,47.058219,-1.280003
2021,MOZ,GRC,10,47.812548,0.745717
2021,MOZ,GRC,11,49.4,5.0
2021,MOZ,GRC,12,50.8379,8.3029
2021,MOZ,GRC,13,52.3,11.6
2021,MOZ,GRC,14,50.856149,12.884027
2021,MOZ,GRC,15,45.0,12.0
2021,MOZ,GRC,16,43.746586,12.40439
2021,MOZ,GRC,17,43.3,12.7
2021,MOZ,GRC,18,42.541058,13.676089
2021,MOZ,GRC,19,42.341309,14.509144
2021,MOZ,GRC,20,41.000977,17.098792
2021,MOZ,GRC,21,38.572998,20.807472
2021,MOZ,GRC,22,37.786499,22.210682
2021,MOZ,GRC,23,37.0,23.6
2021,MOZ,GRC,24,34.5,27.0
2021,MOZ,GRC,25,33.233643,28.444544
2021,MOZ,GRC,26,32.6,29.7
2021,MOZ,GRC,27,32.557983,30.213982
2021,MOZ,GRC,28,32.382202,30.318359
2021,MOZ,GRC,29,32.310104,31.102922
2021,MOZ,GRC,30,32.359877,31.336373
2021,MOZ,GRC,31,32.1,31.7
2021,MOZ,GRC,32,30.765996,32.925106
2021,MOZ,GRC,33,30.699385,32.986279
2021,MOZ,GRC,34,29.703004,33.901323
2021,MOZ,GRC,35,29.595152,34.000371
2021,MOZ,GRC,36,28.964326,34.5797
2021,MOZ,GRC,37,28.881234,34.656009
2021,MOZ,GRC,38,28.180712,35.299346
2021,MOZ,GRC,39,27.548237,35.88019
2021,MOZ,GRC,40,27.337183,35.931621
2021,MOZ,GRC,41,27.051888,36.047808
2021,MOZ,GRC,42,26.918874,36.101606
2021,MOZ,GRC,43,26.587212,36.251066
2021,MOZ,GRC,44,26.054742,36.512579
2021,MOZ,GRC,45,25.507264,36.798352
2021,MOZ,GRC,46,25.395483,36.821188
2021,MOZ,GRC,47,25.257671,36.849342
2021,MOZ,GRC,48,25.090282,36.883539
2021,MOZ,GRC,49,24.917963,36.941755
2021,MOZ,GRC,50,24.636616,37.152415
2021,MOZ,GRC,51,24.457626,37.276785
2021,MOZ,GRC,52,24.236675,37.27952
2021,MOZ,GRC,53,24.159791,37.356151
2021,MOZ,GRC,54,23.9657,37.5496
2021,MOZ,GRC,55,23.885914,37.616154
2021,MOZ,GRC,56,23.6425,37.8192
2021,MOZ,GRC,57,23.6195,37.917095
2021,PAK,CHN,0,66.975702,24.817412
2021,PAK,CHN,1,66.6,24.3
2021,PAK,CHN,2,68.719482,22.543001
2021,PAK,CHN,3,69.592463,20.809334
2021,PAK,CHN,4,70.0,20.0
2021,PAK,CHN,5,72.4,19.0
2021,PAK,CHN,6,73.0,15.3
2021,PAK,CHN,7,74.133516,12.773359
2021,PAK,CHN,8,75.3,9.7
2021,PAK,CHN,9,77.0,8.0
2021,PAK,CHN,10,78.868856,6.674926
2021,PAK,CHN,11,80.1,5.8
2021,PAK,CHN,12,81.9,5.9
2021,PAK,CHN,13,85.9479,6.1983
2021,PAK,CHN,14,90.0,6.4664
2021,PAK,CHN,15,94.326449,6.157121
2021,PAK,CHN,16,98.128129,5.811729
2021,PAK,CHN,17,99.763807,4.084523
2021,PAK,CHN,18,100.6,3.2
2021,PAK,CHN,19,101.316415,2.586072
2021,PAK,CHN,20,102.0,2.0
2021,PAK,CHN,21,103.6,1.1
2021,PAK,CHN,22,103.861103,1.171415
2021,PAK,CHN,23,104.145848,1.249295
2021,PAK,CHN,24,104.482294,1.341312
2021,PAK,CHN,25,108.7023,8.3192
2021,PAK,CHN,26,110.027598,10.173186
2021,PAK,CHN,27,110.80697,11.263464
2021,PAK,CHN,28,111.0534,11.6082
2021,PAK,CHN,29,111.478346,12.523981
2021,PAK,CHN,30,112.965,15.7278
2021,PAK,CHN,31,114.338334,17.570129
2021,PAK,CHN,32,115.841059,19.666279
2021,PAK,CHN,33,116.5017,20.601113
2021,PAK,CHN,34,117.437994,21.922538
2021,PAK,CHN,35,118.030487,22.691517
2021,PAK,CHN,36,118.203464,22.930938
2021,PAK,CHN,37,118.724128,23.582665
2021,PAK,CHN,38,118.980046,23.949944
2021,PAK,CHN,39,119.33882,24.448861
2021,PAK,CHN,40,119.523707,24.707707
2021,PAK,CHN,41,119.761963,25.085599
2021,PAK,CHN,42,119.820497,25.236972
2021,PAK,CHN,43,120.0,25.7
2021,PAK,CHN,44,120.232569,26.078521
2021,PAK,CHN,45,120.787503,26.976762
2021,PAK,CHN,46,121.3,27.8
2021,PAK,CHN,47,122.23938,28.579698
2021,PAK,CHN,48,122.557297,29.38397
2021,PAK,CHN,49,122.652515,29.623632
2021,PAK,CHN,50,122.875214,30.181935
2021,PAK,CHN,51,122.878907,30.349364
2021,PAK,CHN,52,122.891141,30.901897
2021,PAK,CHN,53,122.66922,30.932268
2021,PAK,CHN,54,121.944122,31.062345
2021,IND,ITA,0,72.80777,18.941361
2021,IND,ITA,1,72.4,19.0
2021,IND,ITA,2,69.999749,18.43269
2021,IND,ITA,3,67.795105,17.911613
2021,IND,ITA,4,66.257926,17.527476
2021,IND,ITA,5,64.766386,17.128701
2021,IND,ITA,6,62.6071,16.551398
2021,IND,ITA,7,61.54,16.2661
2021,IND,ITA,8,59.44496,15.644932
2021,IND,ITA,9,56.810303,14.567634
2021,IND,ITA,10,53.61885,13.300009
2021,IND,ITA,11,50.856149,12.884027
2021,IND,ITA,12,45.0,12.0
2021,IND,ITA,13,43.746586,12.40439
2021,IND,ITA,14,43.3,12.7
2021,IND,ITA,15,42.541058,13.676089
2021,IND,ITA,16,42.341309,14.509144
2021,IND,ITA,17,41.000977,17.098792
2021,IND,ITA,18,38.572998,20.807472
2021,IND,ITA,19,37.786499,22.210682
2021,IND,ITA,20,37.0,23.6
2021,IND,ITA,21,34.5,27.0
2021,IND,ITA,22,33.233643,28.444544
2021,IND,ITA,23,32.6,29.7
2021,IND,ITA,24,32.557983,30.213982
2021,IND,ITA,25,32.382202,30.318359
2021,IND,ITA,26,32.310104,31.102922
2021,IND,ITA,27,32.359877,31.336373
2021,IND,ITA,28,32.1,31.7
2021,IND,ITA,29,30.408377,32.316071
2021,IND,ITA,30,28.905525,32.863395
2021,IND,ITA,31,28.212434,33.115811
2021,IND,ITA,32,27.927542,33.219565
2021,IND,ITA,33,26.306431,33.748752
2021,IND,ITA,34,25.478721,34.011915
2021,IND,ITA,35,24.926664,34.187436
2021,IND,ITA,36,23.0,34.8
2021,IND,ITA,37,21.77807,35.299098
2021,IND,ITA,38,19.552876,36.20798
2021,IND,ITA,39,19.23473,36.337927
2021,IND,ITA,40,18.123961,36.791622
2021,IND,ITA,41,15.9,37.7
2021,IND,ITA,42,15.571908,37.844599
2021,IND,ITA,43,15.557174,38.032185
2021,IND,ITA,44,15.608743,38.230867
2021,IND,ITA,45,15.711882,38.273843
2021,IND,ITA,46,15.727668,38.366322
2021,IND,ITA,47,15.4,38.8
2021,IND,ITA,48,14.145004,39.572698
2021,IND,ITA,49,13.827598,39.768124
2021,IND,ITA,50,13.227763,40.137441
2021,IND,ITA,51,13.02217,40.264024
2021,IND,ITA,52,12.360453,40.671442
2021,IND,ITA,53,12.249699,40.926028
2021,IND,ITA,54,12.0,41.5
2021,IND,ITA,55,11.547236,41.852706
2021,IND,ITA,56,11.423529,41.948769
2021,IND,ITA,57,11.35892,41.99894
2021,IND,ITA,58,11.1,42.2
2021,IND,ITA,59,10.536509,42.836874
2021,IND,ITA,60,10.188081,43.360624
2021,IND,ITA,61,10.0,43.6
2021,IND,ITA,62,9.402194,44.002769
2021,IND,ITA,63,8.960037,44.378349
2021,AUS,DEU,0,118.6,-19.6
2021,AUS,DEU,1,116.664478,-20.18796
2021,AUS,DEU,2,114.5,-20.9
2021,AUS,DEU,3,113.379129,-21.524903
2021,AUS,DEU,4,112.686952,-21.910802
2021,AUS,DEU,5,111.835796,-22.385334
2021,AUS,DEU,6,110.809354,-22.957591
2021,AUS,DEU,7,110.632363,-22.913768
2021,AUS,DEU,8,106.4209,-21.871
2021,AUS,DEU,9,100.0,-20.0
2021,AUS,DEU,10,90.0,-20.0
2021,AUS,DEU,11,86.989753,-17.784076
2021,AUS,DEU,12,84.280892,-15.879421
2021,AUS,DEU,13,82.853149,-14.861447
2021,AUS,DEU,14,80.00045,-12.813894
2021,AUS,DEU,15,78.415232,-11.663869
2021,AUS,DEU,16,76.167517,-10.028129
2021,AUS,DEU,17,74.86096,-9.062149
2021,AUS,DEU,18,72.534164,-7.335598
2021,AUS,DEU,19,71.143256,-6.071941
2021,AUS,DEU,20,70.0003,-5.001776
2021,AUS,DEU,21,67.449371,-2.586972
2021,AUS,DEU,22,66.998946,-2.158083
2021,AUS,DEU,23,64.901577,-0.16069
2021,AUS,DEU,24,64.732936,-1.1e-05
2021,AUS,DEU,25,62.291959,2.325
2021,AUS,DEU,26,60.528485,3.996958
2021,AUS,DEU,27,59.99973,4.498272
2021,AUS,DEU,28,57.133366,7.184484
2021,AUS,DEU,29,52.3,11.6
2021,AUS,DEU,30,50.856149,12.884027
2021,AUS,DEU,31,45.0,12.0
2021,AUS,DEU,32,43.746586,12.40439
2021,AUS,DEU,33,43.3,12.7
2021,AUS,DEU,34,42.541058,13.676089
2021,AUS,DEU,35,42.341309,14.509144
2021,AUS,DEU,36,41.000977,17.098792
2021,AUS,DEU,37,38.572998,20.807472
2021,AUS,DEU,38,37.786499,22.210682
2021,AUS,DEU,39,37.0,23.6
2021,AUS,DEU,40,34.5,27.0
2021,AUS,DEU,41,33.233643,28.444544
2021,AUS,DEU,42,32.6,29.7
2021,AUS,DEU,43,32.557983,30.213982
2021,AUS,DEU,44,32.382202,30.318359
2021,AUS,DEU,45,32.310104,31.102922
2021,AUS,DEU,46,32.359877,31.336373
2021,AUS,DEU,47,32.1,31.7
2021,AUS,DEU,48,30.408377,32.316071
2021,AUS,DEU,49,28.905525,32.863395
2021,AUS,DEU,50,28.212434,33.115811
2021,AUS,DEU,51,27.927542,33.219565
2021,AUS,DEU,52,26.306431,33.748752
2021,AUS,DEU,53,25.478721,34.011915
2021,AUS,DEU,54,24.926664,34.187436
2021,AUS,DEU,55,23.0,34.8
2021,AUS,DEU,56,21.407365,35.126694
2021,AUS,DEU,57,17.902084,35.845726
2021,AUS,DEU,58,16.726588,36.086854
2021,AUS,DEU,59,15.2,36.4
2021,AUS,DEU,60,13.263819,36.907095
2021,AUS,DEU,61,12.110644,37.209117
2021,AUS,DEU,62,12.086301,37.215493
2021,AUS,DEU,63,11.827836,37.283186
2021,AUS,DEU,64,11.172235,37.454891
2021,AUS,DEU,65,11.0,37.5
2021,AUS,DEU,66,10.373031,37.482087
2021,AUS,DEU,67,7.5,37.4
2021,AUS,DEU,68,3.1,37.2
2021,AUS,DEU,69,-0.366667,36.666667
2021,AUS,DEU,70,-1.62439,36.473171
2021,AUS,DEU,71,-2.244793,36.377724
2021,AUS,DEU,72,-2.590675,36.324512
2021,AUS,DEU,73,-3.264225,36.220888
2021,AUS,DEU,74,-3.683043,36.156455
2021,AUS,DEU,75,-4.7,36.0
2021,AUS,DEU,76,-5.269383,35.97289
2021,AUS,DEU,77,-5.354867,35.968819
2021,AUS,DEU,78,-5.75,35.95
2021,AUS,DEU,79,-7.26966,36.31906
2021,AUS,DEU,80,-8.219465,36.549727
2021,AUS,DEU,81,-9.25,36.8
2021,AUS,DEU,82,-9.452092,37.781589
2021,AUS,DEU,83,-9.6,38.5
2021,AUS,DEU,84,-9.9844,40.7798
2021,AUS,DEU,85,-9.5,43.0
2021,AUS,DEU,86,-9.14264,43.688493
2021,AUS,DEU,87,-9.019938,43.924891
2021,AUS,DEU,88,-8.49576,44.934776
2021,AUS,DEU,89,-7.954994,45.668797
2021,AUS,DEU,90,-6.698867,47.340067
2021,AUS,DEU,91,-5.5,48.6667
2021,AUS,DEU,92,-5.06401,48.799916
2021,AUS,DEU,93,-4.270518,49.042365
2021,AUS,DEU,94,-4.030414,49.115729
2021,AUS,DEU,95,-3.986163,49.129249
2021,AUS,DEU,96,-3.197043,49.370363
2021,AUS,DEU,97,-2.39189,49.616376
2021,AUS,DEU,98,-1.992006,49.738559
2021,AUS,DEU,99,-1.93365,49.75639
2021,AUS,DEU,100,-1.665743,49.838248
2021,AUS,DEU,101,-1.47977,49.895072
2021,AUS,DEU,102,-1.3,49.95
2021,AUS,DEU,103,-0.671539,50.155459
2021,AUS,DEU,104,-0.545959,50.196513
2021,AUS,DEU,105,-0.343359,50.262748
2021,AUS,DEU,106,0.39288,50.503441
2021,AUS,DEU,107,1.193894,50.765311
2021,AUS,DEU,108,1.3,50.8
2021,AUS,DEU,109,1.498302,50.961124
2021,AUS,DEU,110,1.648479,51.072443
2021,AUS,DEU,111,1.868984,51.235892
2021,AUS,DEU,112,2.3601,51.6089
2021,AUS,DEU,113,2.9,51.9
2021,AUS,DEU,114,3.044362,52.01549
2021,AUS,DEU,115,3.327388,52.241911
2021,AUS,DEU,116,3.900173,52.700139
2021,AUS,DEU,117,4.9,53.5
2021,AUS,DEU,118,6.384053,53.685507
2021,AUS,DEU,119,8.25,53.9
2021,AUS,DEU,120,8.745294,53.909831
2021,AUS,DEU,121,9.041942,53.874321
2021,AUS,DEU,122,9.227347,53.877053
2021,AUS,DEU,123,9.336273,53.840148
2021,AUS,DEU,124,9.39653,53.775829
2021,AUS,DEU,125,9.496185,53.710038
2021,AUS,DEU,126,9.535584,53.633153
2021,AUS,DEU,127,9.632921,53.583652
2021,AUS,DEU,128,9.751117,53.55475
2021,AUS,DEU,129,9.927252,53.545112
2021,MOZ,ITA,0,32.606049,-25.995081
2021,MOZ,ITA,1,32.827148,-25.995081
2021,MOZ,ITA,2,32.861481,-25.703413
2021,MOZ,ITA,3,35.142957,-24.861024
2021,MOZ,ITA,4,36.0,-24.0
2021,MOZ,ITA,5,38.929,-19.5234
2021,MOZ,ITA,6,41.7,-15.0
2021,MOZ,ITA,7,43.0,-12.0
2021,MOZ,ITA,8,44.496583,-8.106077
2021,MOZ,ITA,9,47.058219,-1.280003
2021,MOZ,ITA,10,47.812548,0.745717
2021,MOZ,ITA,11,49.4,5.0
2021,MOZ,ITA,12,50.8379,8.3029
2021,MOZ,ITA,13,52.3,11.6
2021,MOZ,ITA,14,50.856149,12.884027
2021,MOZ,ITA,15,45.0,12.0
2021,MOZ,ITA,16,43.746586,12.40439
2021,MOZ,ITA,17,43.3,12.7
2021,MOZ,ITA,18,42.541058,13.676089
2021,MOZ,ITA,19,42.341309,14.509144
2021,MOZ,ITA,20,41.000977,17.098792
2021,MOZ,ITA,21,38.572998,20.807472
2021,MOZ,ITA,22,37.786499,22.210682
2021,MOZ,ITA,23,37.0,23.6
2021,MOZ,ITA,24,34.5,27.0
2021,MOZ,ITA,25,33.233643,28.444544
2021,MOZ,ITA,26,32.6,29.7
2021,MOZ,ITA,27,32.557983,30.213982
2021,MOZ,ITA,28,32.382202,30.318359
2021,MOZ,ITA,29,32.310104,31.102922
2021,MOZ,ITA,30,32.359877,31.336373
2021,MOZ,ITA,31,32.1,31.7
2021,MOZ,ITA,32,30.408377,32.316071
2021,MOZ,ITA,33,28.905525,32.863395
2021,MOZ,ITA,34,28.212434,33.115811
2021,MOZ,ITA,35,27.927542,33.219565
2021,MOZ,ITA,36,26.306431,33.748752
2021,MOZ,ITA,37,25.478721,34.011915
2021,MOZ,ITA,38,24.926664,34.187436
2021,MOZ,ITA,39,23.0,34.8
2021,MOZ,ITA,40,21.77807,35.299098
2021,MOZ,ITA,41,19.552876,36.20798
2021,MOZ,ITA,42,19.23473,36.337927
2021,MOZ,ITA,43,18.123961,36.791622
2021,MOZ,ITA,44,15.9,37.7
2021,MOZ,ITA,45,15.571908,37.844599
2021,MOZ,ITA,46,15.557174,38.032185
2021,MOZ,ITA,47,15.608743,38.230867
2021,MOZ,ITA,48,15.711882,38.273843
2021,MOZ,ITA,49,15.727668,38.366322
2021,MOZ,ITA,50,15.4,38.8
2021,MOZ,ITA,51,14.145004,39.572698
2021,MOZ,ITA,52,13.827598,39.768124
2021,MOZ,ITA,53,13.227763,40.137441
2021,MOZ,ITA,54,13.02217,40.264024
2021,MOZ,ITA,55,12.360453,40.671442
2021,MOZ,ITA,56,12.249699,40.926028
2021,MOZ,ITA,57,12.0,41.5
2021,MOZ,ITA,58,11.547236,41.852706
2021,MOZ,ITA,59,11.423529,41.948769
2021,MOZ,ITA,60,11.35892,41.99894
2021,MOZ,ITA,61,11.1,42.2
2021,MOZ,ITA,62,10.536509,42.836874
2021,MOZ,ITA,63,10.188081,43.360624
2021,MOZ,ITA,64,10.0,43.6
2021,MOZ,ITA,65,9.402194,44.002769
2021,MOZ,ITA,66,8.960037,44.378349
2021,MYS,VNM,0,101.351624,2.99927
2021,MYS,VNM,1,101.34613,3.074695
2021,MYS,VNM,2,101.273346,3.12269
2021,MYS,VNM,3,100.6,3.2
2021,MYS,VNM,4,101.316415,2.586072
2021,MYS,VNM,5,102.0,2.0
2021,MYS,VNM,6,103.6,1.1
2021,MYS,VNM,7,103.861103,1.171415
2021,MYS,VNM,8,104.145848,1.249295
2021,MYS,VNM,9,104.482294,1.341312
2021,MYS,VNM,10,107.3207,7.6091
2021,MYS,VNM,11,109.758911,12.146746
2021,MYS,VNM,12,109.624875,13.892702
2021,MYS,VNM,13,109.279238,15.116448
2021,MYS,VNM,14,109.0,16.1
2021,MYS,VNM,15,107.583618,17.926476
2021,MYS,VNM,16,107.281494,18.713894
2021,MYS,VNM,17,107.218304,19.250364
2021,MYS,VNM,18,107.1,20.25
2021,MYS,VNM,19,106.8731,20.6858
2021,CHE,CAN,0,8.960037,44.378349
2021,CHE,CAN,1,8.862165,43.903642
2021,CHE,CAN,2,7.6201,43.522
2021,CHE,CAN,3,7.43475,43.439398
2021,CHE,CAN,4,6.0,42.8
2021,CHE,CAN,5,5.475171,42.391799
2021,CHE,CAN,6,5.276247,42.237081
2021,CHE,CAN,7,5.020937,42.038506
2021,CHE,CAN,8,4.99156,42.015658
2021,CHE,CAN,9,4.975923,42.003496
2021,CHE,CAN,10,4.070137,41.298996
2021,CHE,CAN,11,3.450519,40.817071
2021,CHE,CAN,12,3.284593,40.688017
2021,CHE,CAN,13,3.110618,40.552703
2021,CHE,CAN,14,3.061062,40.514159
2021,CHE,CAN,15,2.912236,40.398406
2021,CHE,CAN,16,2.881028,40.374133
2021,CHE,CAN,17,2.727992,40.255105
2021,CHE,CAN,18,2.4,40.0
2021,CHE,CAN,19,1.540078,39.426718
2021,CHE,CAN,20,1.47905,39.386033
2021,CHE,CAN,21,1.263132,39.242088
2021,CHE,CAN,22,0.883769,38.989179
2021,CHE,CAN,23,0.860013,38.973342
2021,CHE,CAN,24,0.75,38.9
2021,CHE,CAN,25,0.300249,38.480232
2021,CHE,CAN,26,0.258592,38.441352
2021,CHE,CAN,27,-0.491527,37.627043
2021,CHE,CAN,28,-0.589854,37.511837
2021,CHE,CAN,29,-2.1,36.6
2021,CHE,CAN,30,-2.508613,36.6
2021,CHE,CAN,31,-3.464998,36.6
2021,CHE,CAN,32,-3.559793,36.6
2021,CHE,CAN,33,-3.811553,36.6
2021,CHE,CAN,34,-4.070282,36.488703
2021,CHE,CAN,35,-4.417056,36.339533
2021,CHE,CAN,36,-5.269383,35.97289
2021,CHE,CAN,37,-5.354867,35.968819
2021,CHE,CAN,38,-5.75,35.95
2021,CHE,CAN,39,-7.494111,35.910372
2021,CHE,CAN,40,-8.190921,35.89454
2021,CHE,CAN,41,-8.756874,35.881681
2021,CHE,CAN,42,-8.83373,35.879934
2021,CHE,CAN,43,-9.104538,35.873781
2021,CHE,CAN,44,-10.1424,35.8502
2021,CHE,CAN,45,-12.761203,35.695892
2021,CHE,CAN,46,-13.634085,35.644459
2021,CHE,CAN,47,-14.5159,35.5925
2021,CHE,CAN,48,-15.507833,35.49799
2021,CHE,CAN,49,-18.8537,35.1792
2021,CHE,CAN,50,-20.002089,35.027846
2021,CHE,CAN,51,-20.181279,35.004229
2021,CHE,CAN,52,-20.665058,34.940469
2021,CHE,CAN,53,-22.296367,34.725467
2021,CHE,CAN,54,-23.1406,34.6142
2021,CHE,CAN,55,-26.235917,34.092241
2021,CHE,CAN,56,-27.3629,33.9022
2021,CHE,CAN,57,-30.001411,33.359698
2021,CHE,CAN,58,-31.5096,33.0496
2021,CHE,CAN,59,-32.536445,32.800277
2021,CHE,CAN,60,-32.568441,32.792508
2021,CHE,CAN,61,-35.5717,32.0633
2021,CHE,CAN,62,-38.980384,31.108508
2021,CHE,CAN,63,-40.000338,30.805692
2021,CHE,CAN,64,-40.573623,30.623665
2021,CHE,CAN,65,-42.396653,30.044822
2021,CHE,CAN,66,-43.4184,29.7204
2021,CHE,CAN,67,-47.1972,28.3801
2021,CHE,CAN,68,-47.966412,28.078983
2021,CHE,CAN,69,-50.000761,27.282614
2021,CHE,CAN,70,-50.8793,26.9387
2021,CHE,CAN,71,-54.686707,25.302569
2021,CHE,CAN,72,-54.915257,25.196728
2021,CHE,CAN,73,-55.238542,25.047015
2021,CHE,CAN,74,-57.9624,23.7856
2021,CHE,CAN,75,-58.675784,23.43076
2021,CHE,CAN,76,-60.000776,22.771704
2021,CHE,CAN,77,-61.771409,21.87783
2021,CHE,CAN,78,-64.6983,20.3258
2021,CHE,CAN,79,-65.477608,19.888226
2021,CHE,CAN,80,-66.248436,19.455413
2021,CHE,CAN,81,-66.317504,19.416632
2021,CHE,CAN,82,-66.356176,19.394918
2021,CHE,CAN,83,-66.420311,19.358907
2021,CHE,CAN,84,-66.461499,19.33578
2021,CHE,CAN,85,-66.516722,19.304772
2021,CHE,CAN,86,-66.522631,19.301454
2021,CHE,CAN,87,-66.661098,19.223707
2021,CHE,CAN,88,-66.802353,19.144393
2021,CHE,CAN,89,-67.037894,19.012139
2021,CHE,CAN,90,-67.95,18.5
2021,CHE,CAN,91,-68.615112,17.952606
2021,CHE,CAN,92,-69.75,17.5
2021,CHE,CAN,93,-71.173962,16.455021
2021,CHE,CAN,94,-71.579995,16.157053
2021,CHE,CAN,95,-72.224911,15.683779
2021,CHE,CAN,96,-72.249859,15.665471
2021,CHE,CAN,97,-73.284043,14.906532
2021,CHE,CAN,98,-74.9584,13.6778
2021,CHE,CAN,99,-74.970687,13.668227
2021,CHE,CAN,100,-80.0,9.75
2021,CHE,CAN,101,-79.900612,9.208176
2021,CHE,CAN,102,-79.821304,9.173012
2021,CHE,CAN,103,-79.803246,9.118307
2021,CHE,CAN,104,-79.741379,9.118236
2021,CHE,CAN,105,-79.689331,9.10639
2021,CHE,CAN,106,-79.641747,9.035982
2021,CHE,CAN,107,-79.585922,8.992656
2021,CHE,CAN,108,-79.494118,8.796576
2021,CHE,CAN,109,-79.5,8.6
2021,CHE,CAN,110,-79.672852,7.422389
2021,CHE,CAN,111,-80.227822,6.983728
2021,CHE,CAN,112,-81.4,6.9
2021,CHE,CAN,113,-82.8,7.4167
2021,CHE,CAN,114,-87.997356,10.035818
2021,CHE,CAN,115,-89.110835,10.580401
2021,CHE,CAN,116,-90.991341,11.48884
2021,CHE,CAN,117,-99.913376,15.63055
2021,CHE,CAN,118,-99.9,16.5
2021,CHE,CAN,119,-103.40332,17.983958
2021,CHE,CAN,120,-106.489938,20.102998
2021,CHE,CAN,121,-109.7,22.5
2021,CHE,CAN,122,-112.510986,24.716895
2021,CHE,CAN,123,-115.2,27.5
2021,CHE,CAN,124,-117.3,32.7
2021,CHE,CAN,125,-117.435608,33.167445
2021,CHE,CAN,126,-118.1215,33.6276
2021,CHE,CAN,127,-118.1788,33.6279
2021,CHE,CAN,128,-118.295,33.6384
2021,CHE,CAN,129,-118.4648,33.6364
2021,CHE,CAN,130,-118.4867,33.7056
2021,CHE,CAN,131,-118.9213,33.9125
2021,CHE,CAN,132,-119.2671,34.0786
2021,CHE,CAN,133,-119.5099,34.1273
2021,CHE,CAN,134,-119.8734,34.2122
2021,CHE,CAN,135,-120.5005,34.3545
2021,CHE,CAN,136,-120.8841,34.4361
2021,CHE,CAN,137,-122.9,37.7
2021,CHE,CAN,138,-124.152441,38.466818
2021,CHE,CAN,139,-124.3291,38.6558
2021,CHE,CAN,140,-124.7749,39.4264
2021,CHE,CAN,141,-125.1939,40.7581
2021,CHE,CAN,142,-125.1997,41.5487
2021,CHE,CAN,143,-125.1974,41.9968
2021,CHE,CAN,144,-125.3355,42.3965
2021,CHE,CAN,145,-125.4524,42.7398
2021,CHE,CAN,146,-125.5151,42.8378
2021,CHE,CAN,147,-125.32,43.3704
2021,CHE,CAN,148,-125.1621,44.0101
2021,CHE,CAN,149,-125.1054,44.598
2021,CHE,CAN,150,-125.103715,44.633984
2021,CHE,CAN,151,-125.0958,44.803
2021,CHE,CAN,152,-124.9847,45.5528
2021,CHE,CAN,153,-125.0634,46.2167
2021,CHE,CAN,154,-125.1093,46.3532
2021,CHE,CAN,155,-125.1965,46.6773
2021,CHE,CAN,156,-125.3772,47.3391
2021,CHE,CAN,157,-125.4354,47.5444
2021,CHE,CAN,158,-125.4991,47.687
2021,CHE,CAN,159,-125.5027,48.1173
2021,CHE,CAN,160,-125.5016,48.5683
2021,CHE,CAN,161,-124.7292,48.4862
2021,CHE,CAN,162,-123.9732,48.2659
2021,CHE,CAN,163,-123.4798,48.2308
2021,CHE,CAN,164,-123.397064,48.381794
2021,CHE,CAN,165,-123.21167,48.385442
2021,CHE,CAN,166,-123.2018,48.5113
2021,CHE,CAN,167,-123.2549,48.7146
2021,CHE,CAN,168,-123.0327,48.7351
2021,CHE,CAN,169,-123.006,48.7325
2021,CHE,CAN,170,-123.0054,48.7977
2021,CHE,CAN,171,-123.051,48.8551
2021,CHE,CAN,172,-123.3795,49.0699
2021,CHE,CAN,173,-123.314667,49.315275
2021,CHE,CAN,174,-123.141975,49.315947
2021,NLD,USA,0,4.369469,51.900223
2021,NLD,USA,1,4.32827,51.89302
2021,NLD,USA,2,4.289818,51.89641
2021,NLD,USA,3,4.230423,51.922673
2021,NLD,USA,4,4.151802,51.961827
2021,NLD,USA,5,4.069748,51.987629
2021,NLD,USA,6,3.9,52.0
2021,NLD,USA,7,3.559619,51.659619
2021,NLD,USA,8,3.4,51.5
2021,NLD,USA,9,2.356699,51.178984
2021,NLD,USA,10,2.1,51.1
2021,NLD,USA,11,1.813195,50.988387
2021,NLD,USA,12,1.567687,50.892845
2021,NLD,USA,13,1.441366,50.849032
2021,NLD,USA,14,1.3,50.8
2021,NLD,USA,15,1.149895,50.76637
2021,NLD,USA,16,0.301537,50.576304
2021,NLD,USA,17,-0.505582,50.395477
2021,NLD,USA,18,-0.672505,50.358079
2021,NLD,USA,19,-0.764313,50.33751
2021,NLD,USA,20,-0.76446,50.337798
2021,NLD,USA,21,-1.251907,50.264973
2021,NLD,USA,22,-1.577583,50.216317
2021,NLD,USA,23,-1.755087,50.189798
2021,NLD,USA,24,-2.100162,50.138244
2021,NLD,USA,25,-2.270882,50.112738
2021,NLD,USA,26,-2.624015,50.023556
2021,NLD,USA,27,-2.93586,49.944802
2021,NLD,USA,28,-4.088283,49.883253
2021,NLD,USA,29,-4.868405,49.841589
2021,NLD,USA,30,-5.491611,49.808305
2021,NLD,USA,31,-5.630965,49.800862
2021,NLD,USA,32,-5.740436,49.795016
2021,NLD,USA,33,-5.979701,49.782237
2021,NLD,USA,34,-6.5833,49.75
2021,NLD,USA,35,-6.709922,49.73023
2021,NLD,USA,36,-10.632436,49.138636
2021,NLD,USA,37,-13.147736,48.725068
2021,NLD,USA,38,-14.710836,48.481015
2021,NLD,USA,39,-15.9842,48.2822
2021,NLD,USA,40,-16.888237,48.056841
2021,NLD,USA,41,-17.925346,47.79831
2021,NLD,USA,42,-20.001632,47.280732
2021,NLD,USA,43,-24.113938,46.255613
2021,NLD,USA,44,-24.7426,46.0989
2021,NLD,USA,45,-25.548163,45.817634
2021,NLD,USA,46,-30.002556,44.262362
2021,NLD,USA,47,-32.7508,43.3028
2021,NLD,USA,48,-32.990451,43.193613
2021,NLD,USA,49,-34.863425,42.340269
2021,NLD,USA,50,-37.894086,40.959473
2021,NLD,USA,51,-40.0,40.0
2021,NLD,USA,52,-44.2375,37.6913
2021,NLD,USA,53,-46.192316,36.486048
2021,NLD,USA,54,-48.55276,35.006266
2021,NLD,USA,55,-50.001683,34.008615
2021,NLD,USA,56,-51.699014,32.839924
2021,NLD,USA,57,-52.246233,32.44219
2021,NLD,USA,58,-55.346294,30.087016
2021,NLD,USA,59,-56.6607,29.00636
2021,NLD,USA,60,-57.878884,27.996301
2021,NLD,USA,61,-57.951012,27.936496
2021,NLD,USA,62,-58.8184,27.2173
2021,NLD,USA,63,-60.001076,26.15807
2021,NLD,USA,64,-60.618883,25.604749
2021,NLD,USA,65,-63.113598,23.300654
2021,NLD,USA,66,-65.0321,21.4627
2021,NLD,USA,67,-66.320768,20.154246
2021,NLD,USA,68,-66.441166,20.032
2021,NLD,USA,69,-66.504998,19.967188
2021,NLD,USA,70,-66.605655,19.864985
2021,NLD,USA,71,-66.628548,19.841741
2021,NLD,USA,72,-66.667107,19.80259
2021,NLD,USA,73,-66.754064,19.714298
2021,NLD,USA,74,-66.934172,19.531425
2021,NLD,USA,75,-67.057838,19.40586
2021,NLD,USA,76,-67.097137,19.365958
2021,NLD,USA,77,-67.331093,19.128409
2021,NLD,USA,78,-67.95,18.5
2021,NLD,USA,79,-68.615112,17.952606
2021,NLD,USA,80,-69.75,17.5
2021,NLD,USA,81,-71.173962,16.455021
2021,NLD,USA,82,-71.579995,16.157053
2021,NLD,USA,83,-72.224911,15.683779
2021,NLD,USA,84,-72.249859,15.665471
2021,NLD,USA,85,-73.284043,14.906532
2021,NLD,USA,86,-74.9584,13.6778
2021,NLD,USA,87,-74.970687,13.668227
2021,NLD,USA,88,-80.0,9.75
2021,NLD,USA,89,-79.900612,9.208176
2021,NLD,USA,90,-79.821304,9.173012
2021,NLD,USA,91,-79.803246,9.118307
2021,NLD,USA,92,-79.741379,9.118236
2021,NLD,USA,93,-79.689331,9.10639
2021,NLD,USA,94,-79.641747,9.035982
2021,NLD,USA,95,-79.585922,8.992656
2021,NLD,USA,96,-79.494118,8.796576
2021,NLD,USA,97,-79.5,8.6
2021,NLD,USA,98,-79.672852,7.422389
2021,NLD,USA,99,-80.227822,6.983728
2021,NLD,USA,100,-81.4,6.9
2021,NLD,USA,101,-82.8,7.4167
2021,NLD,USA,102,-87.997356,10.035818
2021,NLD,USA,103,-89.110835,10.580401
2021,NLD,USA,104,-90.991341,11.48884
2021,NLD,USA,105,-99.913376,15.63055
2021,NLD,USA,106,-99.9,16.5
2021,NLD,USA,107,-103.40332,17.983958
2021,NLD,USA,108,-106.489938,20.102998
2021,NLD,USA,109,-109.7,22.5
2021,NLD,USA,110,-112.510986,24.716895
2021,NLD,USA,111,-115.2,27.5
2021,NLD,USA,112,-117.3,32.7
2021,NLD,USA,113,-117.435608,33.167445
2021,NLD,USA,114,-118.1215,33.6276
2021,NLD,USA,115,-118.194489,33.703898
2021,CAN,NLD,0,-123.141975,49.315947
2021,CAN,NLD,1,-123.314667,49.315275
2021,CAN,NLD,2,-123.3795,49.0699
2021,CAN,NLD,3,-123.051,48.8551
2021,CAN,NLD,4,-123.0054,48.7977
2021,CAN,NLD,5,-123.006,48.7325
2021,CAN,NLD,6,-123.0327,48.7351
2021,CAN,NLD,7,-123.2549,48.7146
2021,CAN,NLD,8,-123.2018,48.5113
2021,CAN,NLD,9,-123.21167,48.385442
2021,CAN,NLD,10,-123.397064,48.381794
2021,CAN,NLD,11,-123.4798,48.2308
2021,CAN,NLD,12,-123.9732,48.2659
2021,CAN,NLD,13,-124.7292,48.4862
2021,CAN,NLD,14,-125.5016,48.5683
2021,CAN,NLD,15,-125.5027,48.1173
2021,CAN,NLD,16,-125.4991,47.687
2021,CAN,NLD,17,-125.4354,47.5444
2021,CAN,NLD,18,-125.3772,47.3391
2021,CAN,NLD,19,-125.1965,46.6773
2021,CAN,NLD,20,-125.1093,46.3532
2021,CAN,NLD,21,-125.0634,46.2167
2021,CAN,NLD,22,-124.9847,45.5528
2021,CAN,NLD,23,-125.0958,44.803
2021,CAN,NLD,24,-125.103715,44.633984
2021,CAN,NLD,25,-125.1054,44.598
2021,CAN,NLD,26,-125.1621,44.0101
2021,CAN,NLD,27,-125.32,43.3704
2021,CAN,NLD,28,-125.5151,42.8378
2021,CAN,NLD,29,-125.4524,42.7398
2021,CAN,NLD,30,-125.3355,42.3965
2021,CAN,NLD,31,-125.1974,41.9968
2021,CAN,NLD,32,-125.1997,41.5487
2021,CAN,NLD,33,-125.1939,40.7581
2021,CAN,NLD,34,-124.7749,39.4264
2021,CAN,NLD,35,-124.3291,38.6558
2021,CAN,NLD,36,-124.152441,38.466818
2021,CAN,NLD,37,-122.9,37.7
2021,CAN,NLD,38,-120.8841,34.4361
2021,CAN,NLD,39,-120.5005,34.3545
2021,CAN,NLD,40,-119.8734,34.2122
2021,CAN,NLD,41,-119.5099,34.1273
2021,CAN,NLD,42,-119.2671,34.0786
2021,CAN,NLD,43,-118.9213,33.9125
2021,CAN,NLD,44,-118.4867,33.7056
2021,CAN,NLD,45,-118.4648,33.6364
2021,CAN,NLD,46,-118.295,33.6384
2021,CAN,NLD,47,-118.1788,33.6279
2021,CAN,NLD,48,-118.1215,33.6276
2021,CAN,NLD,49,-117.435608,33.167445
2021,CAN,NLD,50,-117.3,32.7
2021,CAN,NLD,51,-115.2,27.5
2021,CAN,NLD,52,-112.510986,24.716895
2021,CAN,NLD,53,-109.7,22.5
2021,CAN,NLD,54,-106.489938,20.102998
2021,CAN,NLD,55,-103.40332,17.983958
2021,CAN,NLD,56,-99.9,16.5
2021,CAN,NLD,57,-99.913376,15.63055
2021,CAN,NLD,58,-90.991341,11.48884
2021,CAN,NLD,59,-89.110835,10.580401
2021,CAN,NLD,60,-87.997356,10.035818
2021,CAN,NLD,61,-82.8,7.4167
2021,CAN,NLD,62,-81.4,6.9
2021,CAN,NLD,63,-80.227822,6.983728
2021,CAN,NLD,64,-79.672852,7.422389
2021,CAN,NLD,65,-79.5,8.6
2021,CAN,NLD,66,-79.494118,8.796576
2021,CAN,NLD,67,-79.585922,8.992656
2021,CAN,NLD,68,-79.641747,9.035982
2021,CAN,NLD,69,-79.689331,9.10639
2021,CAN,NLD,70,-79.741379,9.118236
2021,CAN,NLD,71,-79.803246,9.118307
2021,CAN,NLD,72,-79.821304,9.173012
2021,CAN,NLD,73,-79.900612,9.208176
2021,CAN,NLD,74,-80.0,9.75
2021,CAN,NLD,75,-74.970687,13.668227
2021,CAN,NLD,76,-74.9584,13.6778
2021,CAN,NLD,77,-73.284043,14.906532
2021,CAN,NLD,78,-72.249859,15.665471
2021,CAN,NLD,79,-72.224911,15.683779
2021,CAN,NLD,80,-71.579995,16.157053
2021,CAN,NLD,81,-71.173962,16.455021
2021,CAN,NLD,82,-69.75,17.5
2021,CAN,NLD,83,-68.615112,17.952606
2021,CAN,NLD,84,-67.95,18.5
2021,CAN,NLD,85,-67.331093,19.128409
2021,CAN,NLD,86,-67.097137,19.365958
2021,CAN,NLD,87,-67.057838,19.40586
2021,CAN,NLD,88,-66.934172,19.531425
2021,CAN,NLD,89,-66.754064,19.714298
2021,CAN,NLD,90,-66.667107,19.80259
2021,CAN,NLD,91,-66.628548,19.841741
2021,CAN,NLD,92,-66.605655,19.864985
2021,CAN,NLD,93,-66.504998,19.967188
2021,CAN,NLD,94,-66.441166,20.032
2021,CAN,NLD,95,-66.320768,20.154246
2021,CAN,NLD,96,-65.0321,21.4627
2021,CAN,NLD,97,-63.113598,23.300654
2021,CAN,NLD,98,-60.618883,25.604749
2021,CAN,NLD,99,-60.001076,26.15807
2021,CAN,NLD,100,-58.8184,27.2173
2021,CAN,NLD,101,-57.951012,27.936496
2021,CAN,NLD,102,-57.878884,27.996301
2021,CAN,NLD,103,-56.6607,29.00636
2021,CAN,NLD,104,-55.346294,30.087016
2021,CAN,NLD,105,-52.246233,32.44219
2021,CAN,NLD,106,-51.699014,32.839924
2021,CAN,NLD,107,-50.001683,34.008615
2021,CAN,NLD,108,-48.55276,35.006266
2021,CAN,NLD,109,-46.192316,36.486048
2021,CAN,NLD,110,-44.2375,37.6913
2021,CAN,NLD,111,-40.0,40.0
2021,CAN,NLD,112,-37.894086,40.959473
2021,CAN,NLD,113,-34.863425,42.340269
2021,CAN,NLD,114,-32.990451,43.193613
2021,CAN,NLD,115,-32.7508,43.3028
2021,CAN,NLD,116,-30.002556,44.262362
2021,CAN,NLD,117,-25.548163,45.817634
2021,CAN,NLD,118,-24.7426,46.0989
2021,CAN,NLD,119,-24.113938,46.255613
2021,CAN,NLD,120,-20.001632,47.280732
2021,CAN,NLD,121,-17.925346,47.79831
2021,CAN,NLD,122,-16.888237,48.056841
2021,CAN,NLD,123,-15.9842,48.2822
2021,CAN,NLD,124,-14.710836,48.481015
2021,CAN,NLD,125,-13.147736,48.725068
2021,CAN,NLD,126,-10.632436,49.138636
2021,CAN,NLD,127,-6.709922,49.73023
2021,CAN,NLD,128,-6.5833,49.75
2021,CAN,NLD,129,-5.979701,49.782237
2021,CAN,NLD,130,-5.740436,49.795016
2021,CAN,NLD,131,-5.630965,49.800862
2021,CAN,NLD,132,-5.491611,49.808305
2021,CAN,NLD,133,-4.868405,49.841589
2021,CAN,NLD,134,-4.088283,49.883253
2021,CAN,NLD,135,-2.93586,49.944802
2021,CAN,NLD,136,-2.624015,50.023556
2021,CAN,NLD,137,-2.270882,50.112738
2021,CAN,NLD,138,-2.100162,50.138244
2021,CAN,NLD,139,-1.755087,50.189798
2021,CAN,NLD,140,-1.577583,50.216317
2021,CAN,NLD,141,-1.251907,50.264973
2021,CAN,NLD,142,-0.76446,50.337798
2021,CAN,NLD,143,-0.764313,50.33751
2021,CAN,NLD,144,-0.672505,50.358079
2021,CAN,NLD,145,-0.505582,50.395477
2021,CAN,NLD,146,0.301537,50.576304
2021,CAN,NLD,147,1.149895,50.76637
2021,CAN,NLD,148,1.3,50.8
2021,CAN,NLD,149,1.441366,50.849032
2021,CAN,NLD,150,1.567687,50.892845
2021,CAN,NLD,151,1.813195,50.988387
2021,CAN,NLD,152,2.1,51.1
2021,CAN,NLD,153,2.356699,51.178984
2021,CAN,NLD,154,3.4,51.5
2021,CAN,NLD,155,3.559619,51.659619
2021,CAN,NLD,156,3.9,52.0
2021,CAN,NLD,157,4.069748,51.987629
2021,CAN,NLD,158,4.151802,51.961827
2021,CAN,NLD,159,4.230423,51.922673
2021,CAN,NLD,160,4.289818,51.89641
2021,CAN,NLD,161,4.32827,51.89302
2021,CAN,NLD,162,4.369469,51.900223
2021,ZWE,CHN,0,34.788208,-19.87006
2021,ZWE,CHN,1,35.408936,-20.004322
2021,ZWE,CHN,2,38.8889,-17.5205
2021,ZWE,CHN,3,41.7,-15.0
2021,ZWE,CHN,4,43.0,-12.0
2021,ZWE,CHN,5,43.780518,-12.044693
2021,ZWE,CHN,6,50.0,-10.0
2021,ZWE,CHN,7,54.286051,-10.031461
2021,ZWE,CHN,8,60.0,-10.0
2021,ZWE,CHN,9,64.451991,-10.032679
2021,ZWE,CHN,10,64.9998,-10.0367
2021,ZWE,CHN,11,65.054317,-10.0363
2021,ZWE,CHN,12,67.59807,-10.017629
2021,ZWE,CHN,13,70.0,-10.0
2021,ZWE,CHN,14,73.630427,-10.016558
2021,ZWE,CHN,15,74.86096,-9.062149
2021,ZWE,CHN,16,75.615874,-8.45337
2021,ZWE,CHN,17,80.0,-4.954142
2021,ZWE,CHN,18,82.695228,-2.733196
2021,ZWE,CHN,19,86.112347,-1e-05
2021,ZWE,CHN,20,88.040723,1.4295
2021,ZWE,CHN,21,94.326449,6.157121
2021,ZWE,CHN,22,98.128129,5.811729
2021,ZWE,CHN,23,99.763807,4.084523
2021,ZWE,CHN,24,100.6,3.2
2021,ZWE,CHN,25,101.316415,2.586072
2021,ZWE,CHN,26,102.0,2.0
2021,ZWE,CHN,27,103.6,1.1
2021,ZWE,CHN,28,103.861103,1.171415
2021,ZWE,CHN,29,104.145848,1.249295
2021,ZWE,CHN,30,104.482294,1.341312
2021,ZWE,CHN,31,108.7023,8.3192
2021,ZWE,CHN,32,110.027598,10.173186
2021,ZWE,CHN,33,110.80697,11.263464
2021,ZWE,CHN,34,111.0534,11.6082
2021,ZWE,CHN,35,111.478346,12.523981
2021,ZWE,CHN,36,112.965,15.7278
2021,ZWE,CHN,37,114.338334,17.570129
2021,ZWE,CHN,38,115.841059,19.666279
2021,ZWE,CHN,39,116.5017,20.601113
2021,ZWE,CHN,40,117.437994,21.922538
2021,ZWE,CHN,41,118.030487,22.691517
2021,ZWE,CHN,42,118.203464,22.930938
2021,ZWE,CHN,43,118.724128,23.582665
2021,ZWE,CHN,44,118.980046,23.949944
2021,ZWE,CHN,45,119.33882,24.448861
2021,ZWE,CHN,46,119.523707,24.707707
2021,ZWE,CHN,47,119.761963,25.085599
2021,ZWE,CHN,48,119.820497,25.236972
2021,ZWE,CHN,49,120.0,25.7
2021,ZWE,CHN,50,120.232569,26.078521
2021,ZWE,CHN,51,120.787503,26.976762
2021,ZWE,CHN,52,121.3,27.8
2021,ZWE,CHN,53,122.23938,28.579698
2021,ZWE,CHN,54,122.557297,29.38397
2021,ZWE,CHN,55,122.652515,29.623632
2021,ZWE,CHN,56,122.875214,30.181935
2021,ZWE,CHN,57,122.878907,30.349364
2021,ZWE,CHN,58,122.891141,30.901897
2021,ZWE,CHN,59,122.66922,30.932268
2021,ZWE,CHN,60,121.944122,31.062345
2021,AUS,NLD,0,118.6,-19.6
2021,AUS,NLD,1,116.664478,-20.18796
2021,AUS,NLD,2,114.5,-20.9
2021,AUS,NLD,3,113.379129,-21.524903
2021,AUS,NLD,4,112.686952,-21.910802
2021,AUS,NLD,5,111.835796,-22.385334
2021,AUS,NLD,6,110.809354,-22.957591
2021,AUS,NLD,7,110.632363,-22.913768
2021,AUS,NLD,8,106.4209,-21.871
2021,AUS,NLD,9,100.0,-20.0
2021,AUS,NLD,10,90.0,-20.0
2021,AUS,NLD,11,86.989753,-17.784076
2021,AUS,NLD,12,84.280892,-15.879421
2021,AUS,NLD,13,82.853149,-14.861447
2021,AUS,NLD,14,80.00045,-12.813894
2021,AUS,NLD,15,78.415232,-11.663869
2021,AUS,NLD,16,76.167517,-10.028129
2021,AUS,NLD,17,74.86096,-9.062149
2021,AUS,NLD,18,72.534164,-7.335598
2021,AUS,NLD,19,71.143256,-6.071941
2021,AUS,NLD,20,70.0003,-5.001776
2021,AUS,NLD,21,67.449371,-2.586972
2021,AUS,NLD,22,66.998946,-2.158083
2021,AUS,NLD,23,64.901577,-0.16069
2021,AUS,NLD,24,64.732936,-1.1e-05
2021,AUS,NLD,25,62.291959,2.325
2021,AUS,NLD,26,60.528485,3.996958
2021,AUS,NLD,27,59.99973,4.498272
2021,AUS,NLD,28,57.133366,7.184484
2021,AUS,NLD,29,52.3,11.6
2021,AUS,NLD,30,50.856149,12.884027
2021,AUS,NLD,31,45.0,12.0
2021,AUS,NLD,32,43.746586,12.40439
2021,AUS,NLD,33,43.3,12.7
2021,AUS,NLD,34,42.541058,13.676089
2021,AUS,NLD,35,42.341309,14.509144
2021,AUS,NLD,36,41.000977,17.098792
2021,AUS,NLD,37,38.572998,20.807472
2021,AUS,NLD,38,37.786499,22.210682
2021,AUS,NLD,39,37.0,23.6
2021,AUS,NLD,40,34.5,27.0
2021,AUS,NLD,41,33.233643,28.444544
2021,AUS,NLD,42,32.6,29.7
2021,AUS,NLD,43,32.557983,30.213982
2021,AUS,NLD,44,32.382202,30.318359
2021,AUS,NLD,45,32.310104,31.102922
2021,AUS,NLD,46,32.359877,31.336373
2021,AUS,NLD,47,32.1,31.7
2021,AUS,NLD,48,30.408377,32.316071
2021,AUS,NLD,49,28.905525,32.863395
2021,AUS,NLD,50,28.212434,33.115811
2021,AUS,NLD,51,27.927542,33.219565
2021,AUS,NLD,52,26.306431,33.748752
2021,AUS,NLD,53,25.478721,34.011915
2021,AUS,NLD,54,24.926664,34.187436
2021,AUS,NLD,55,23.0,34.8
2021,AUS,NLD,56,21.407365,35.126694
2021,AUS,NLD,57,17.902084,35.845726
2021,AUS,NLD,58,16.726588,36.086854
2021,AUS,NLD,59,15.2,36.4
2021,AUS,NLD,60,13.263819,36.907095
2021,AUS,NLD,61,12.110644,37.209117
2021,AUS,NLD,62,12.086301,37.215493
2021,AUS,NLD,63,11.827836,37.283186
2021,AUS,NLD,64,11.172235,37.454891
2021,AUS,NLD,65,11.0,37.5
2021,AUS,NLD,66,10.373031,37.482087
2021,AUS,NLD,67,7.5,37.4
2021,AUS,NLD,68,3.1,37.2
2021,AUS,NLD,69,-0.366667,36.666667
2021,AUS,NLD,70,-1.62439,36.473171
2021,AUS,NLD,71,-2.244793,36.377724
2021,AUS,NLD,72,-2.590675,36.324512
2021,AUS,NLD,73,-3.264225,36.220888
2021,AUS,NLD,74,-3.683043,36.156455
2021,AUS,NLD,75,-4.7,36.0
2021,AUS,NLD,76,-5.269383,35.97289
2021,AUS,NLD,77,-5.354867,35.968819
2021,AUS,NLD,78,-5.75,35.95
2021,AUS,NLD,79,-7.26966,36.31906
2021,AUS,NLD,80,-8.219465,36.549727
2021,AUS,NLD,81,-9.25,36.8
2021,AUS,NLD,82,-9.452092,37.781589
2021,AUS,NLD,83,-9.6,38.5
2021,AUS,NLD,84,-9.9844,40.7798
2021,AUS,NLD,85,-9.5,43.0
2021,AUS,NLD,86,-9.14264,43.688493
2021,AUS,NLD,87,-9.019938,43.924891
2021,AUS,NLD,88,-8.49576,44.934776
2021,AUS,NLD,89,-7.954994,45.668797
2021,AUS,NLD,90,-6.698867,47.340067
2021,AUS,NLD,91,-5.5,48.6667
2021,AUS,NLD,92,-5.06401,48.799916
2021,AUS,NLD,93,-4.270518,49.042365
2021,AUS,NLD,94,-4.030414,49.115729
2021,AUS,NLD,95,-3.986163,49.129249
2021,AUS,NLD,96,-3.197043,49.370363
2021,AUS,NLD,97,-2.39189,49.616376
2021,AUS,NLD,98,-1.992006,49.738559
2021,AUS,NLD,99,-1.93365,49.75639
2021,AUS,NLD,100,-1.665743,49.838248
2021,AUS,NLD,101,-1.47977,49.895072
2021,AUS,NLD,102,-1.3,49.95
2021,AUS,NLD,103,-0.671539,50.155459
2021,AUS,NLD,104,-0.545959,50.196513
2021,AUS,NLD,105,-0.343359,50.262748
2021,AUS,NLD,106,0.39288,50.503441
2021,AUS,NLD,107,1.193894,50.765311
2021,AUS,NLD,108,1.3,50.8
2021,AUS,NLD,109,1.441366,50.849032
2021,AUS,NLD,110,1.567687,50.892845
2021,AUS,NLD,111,1.813195,50.988387
2021,AUS,NLD,112,2.1,51.1
2021,AUS,NLD,113,2.356699,51.178984
2021,AUS,NLD,114,3.4,51.5
2021,AUS,NLD,115,3.559619,51.659619
2021,AUS,NLD,116,3.9,52.0
2021,AUS,NLD,117,4.069748,51.987629
2021,AUS,NLD,118,4.151802,51.961827
2021,AUS,NLD,119,4.230423,51.922673
2021,AUS,NLD,120,4.289818,51.89641
2021,AUS,NLD,121,4.32827,51.89302
2021,AUS,NLD,122,4.369469,51.900223
2021,IND,VNM,0,72.80777,18.941361
2021,IND,VNM,1,72.4,19.0
2021,IND,VNM,2,73.0,15.3
2021,IND,VNM,3,74.133516,12.773359
2021,IND,VNM,4,75.3,9.7
2021,IND,VNM,5,77.0,8.0
2021,IND,VNM,6,78.868856,6.674926
2021,IND,VNM,7,80.1,5.8
2021,IND,VNM,8,81.9,5.9
2021,IND,VNM,9,85.9479,6.1983
2021,IND,VNM,10,90.0,6.4664
2021,IND,VNM,11,94.326449,6.157121
2021,IND,VNM,12,98.128129,5.811729
2021,IND,VNM,13,99.763807,4.084523
2021,IND,VNM,14,100.6,3.2
2021,IND,VNM,15,101.316415,2.586072
2021,IND,VNM,16,102.0,2.0
2021,IND,VNM,17,103.6,1.1
2021,IND,VNM,18,103.861103,1.171415
2021,IND,VNM,19,104.145848,1.249295
2021,IND,VNM,20,104.482294,1.341312
2021,IND,VNM,21,107.3207,7.6091
2021,IND,VNM,22,109.758911,12.146746
2021,IND,VNM,23,109.624875,13.892702
2021,IND,VNM,24,109.279238,15.116448
2021,IND,VNM,25,109.0,16.1
2021,IND,VNM,26,107.583618,17.926476
2021,IND,VNM,27,107.281494,18.713894
2021,IND,VNM,28,107.218304,19.250364
2021,IND,VNM,29,107.1,20.25
2021,IND,VNM,30,106.8731,20.6858
2021,DEU,USA,0,9.927252,53.545112
2021,DEU,USA,1,9.751117,53.55475
2021,DEU,USA,2,9.632921,53.583652
2021,DEU,USA,3,9.535584,53.633153
2021,DEU,USA,4,9.496185,53.710038
2021,DEU,USA,5,9.39653,53.775829
2021,DEU,USA,6,9.336273,53.840148
2021,DEU,USA,7,9.227347,53.877053
2021,DEU,USA,8,9.041942,53.874321
2021,DEU,USA,9,8.745294,53.909831
2021,DEU,USA,10,8.25,53.9
2021,DEU,USA,11,6.384053,53.685507
2021,DEU,USA,12,4.9,53.5
2021,DEU,USA,13,3.900173,52.700139
2021,DEU,USA,14,3.327388,52.241911
2021,DEU,USA,15,3.044362,52.01549
2021,DEU,USA,16,2.9,51.9
2021,DEU,USA,17,2.3601,51.6089
2021,DEU,USA,18,1.868984,51.235892
2021,DEU,USA,19,1.648479,51.072443
2021,DEU,USA,20,1.498302,50.961124
2021,DEU,USA,21,1.3,50.8
2021,DEU,USA,22,1.149895,50.76637
2021,DEU,USA,23,0.301537,50.576304
2021,DEU,USA,24,-0.505582,50.395477
2021,DEU,USA,25,-0.672505,50.358079
2021,DEU,USA,26,-0.764313,50.33751
2021,DEU,USA,27,-0.76446,50.337798
2021,DEU,USA,28,-1.251907,50.264973
2021,DEU,USA,29,-1.577583,50.216317
2021,DEU,USA,30,-1.755087,50.189798
2021,DEU,USA,31,-2.100162,50.138244
2021,DEU,USA,32,-2.270882,50.112738
2021,DEU,USA,33,-2.624015,50.023556
2021,DEU,USA,34,-2.93586,49.944802
2021,DEU,USA,35,-4.088283,49.883253
2021,DEU,USA,36,-4.868405,49.841589
2021,DEU,USA,37,-5.491611,49.808305
2021,DEU,USA,38,-5.630965,49.800862
2021,DEU,USA,39,-5.740436,49.795016
2021,DEU,USA,40,-5.979701,49.782237
2021,DEU,USA,41,-6.5833,49.75
2021,DEU,USA,42,-6.709922,49.73023
2021,DEU,USA,43,-10.632436,49.138636
2021,DEU,USA,44,-13.147736,48.725068
2021,DEU,USA,45,-14.710836,48.481015
2021,DEU,USA,46,-15.9842,48.2822
2021,DEU,USA,47,-16.888237,48.056841
2021,DEU,USA,48,-17.925346,47.79831
2021,DEU,USA,49,-20.001632,47.280732
2021,DEU,USA,50,-24.113938,46.255613
2021,DEU,USA,51,-24.7426,46.0989
2021,DEU,USA,52,-25.548163,45.817634
2021,DEU,USA,53,-30.002556,44.262362
2021,DEU,USA,54,-32.7508,43.3028
2021,DEU,USA,55,-32.990451,43.193613
2021,DEU,USA,56,-34.863425,42.340269
2021,DEU,USA,57,-37.894086,40.959473
2021,DEU,USA,58,-40.0,40.0
2021,DEU,USA,59,-44.2375,37.6913
2021,DEU,USA,60,-46.192316,36.486048
2021,DEU,USA,61,-48.55276,35.006266
2021,DEU,USA,62,-50.001683,34.008615
2021,DEU,USA,63,-51.699014,32.839924
2021,DEU,USA,64,-52.246233,32.44219
2021,DEU,USA,65,-55.346294,30.087016
2021,DEU,USA,66,-56.6607,29.00636
2021,DEU,USA,67,-57.878884,27.996301
2021,DEU,USA,68,-57.951012,27.936496
2021,DEU,USA,69,-58.8184,27.2173
2021,DEU,USA,70,-60.001076,26.15807
2021,DEU,USA,71,-60.618883,25.604749
2021,DEU,USA,72,-63.113598,23.300654
2021,DEU,USA,73,-65.0321,21.4627
2021,DEU,USA,74,-66.320768,20.154246
2021,DEU,USA,75,-66.441166,20.032
2021,DEU,USA,76,-66.504998,19.967188
2021,DEU,USA,77,-66.605655,19.864985
2021,DEU,USA,78,-66.628548,19.841741
2021,DEU,USA,79,-66.667107,19.80259
2021,DEU,USA,80,-66.754064,19.714298
2021,DEU,USA,81,-66.934172,19.531425
2021,DEU,USA,82,-67.057838,19.40586
2021,DEU,USA,83,-67.097137,19.365958
2021,DEU,USA,84,-67.331093,19.128409
2021,DEU,USA,85,-67.95,18.5
2021,DEU,USA,86,-68.615112,17.952606
2021,DEU,USA,87,-69.75,17.5
2021,DEU,USA,88,-71.173962,16.455021
2021,DEU,USA,89,-71.579995,16.157053
2021,DEU,USA,90,-72.224911,15.683779
2021,DEU,USA,91,-72.249859,15.665471
2021,DEU,USA,92,-73.284043,14.906532
2021,DEU,USA,93,-74.9584,13.6778
2021,DEU,USA,94,-74.970687,13.668227
2021,DEU,USA,95,-80.0,9.75
2021,DEU,USA,96,-79.900612,9.208176
2021,DEU,USA,97,-79.821304,9.173012
2021,DEU,USA,98,-79.803246,9.118307
2021,DEU,USA,99,-79.741379,9.118236
2021,DEU,USA,100,-79.689331,9.10639
2021,DEU,USA,101,-79.641747,9.035982
2021,DEU,USA,102,-79.585922,8.992656
2021,DEU,USA,103,-79.494118,8.796576
2021,DEU,USA,104,-79.5,8.6
2021,DEU,USA,105,-79.672852,7.422389
2021,DEU,USA,106,-80.227822,6.983728
2021,DEU,USA,107,-81.4,6.9
2021,DEU,USA,108,-82.8,7.4167
2021,DEU,USA,109,-87.997356,10.035818
2021,DEU,USA,110,-89.110835,10.580401
2021,DEU,USA,111,-90.991341,11.48884
2021,DEU,USA,112,-99.913376,15.63055
2021,DEU,USA,113,-99.9,16.5
2021,DEU,USA,114,-103.40332,17.983958
2021,DEU,USA,115,-106.489938,20.102998
2021,DEU,USA,116,-109.7,22.5
2021,DEU,USA,117,-112.510986,24.716895
2021,DEU,USA,118,-115.2,27.5
2021,DEU,USA,119,-117.3,32.7
2021,DEU,USA,120,-117.435608,33.167445
2021,DEU,USA,121,-118.1215,33.6276
2021,DEU,USA,122,-118.194489,33.703898
2021,TUR,CHN,0,34.662503,36.755307
2021,TUR,CHN,1,34.666346,36.540598
2021,TUR,CHN,2,34.671546,36.250032
2021,TUR,CHN,3,34.678489,35.862166
2021,TUR,CHN,4,34.681919,35.670499
2021,TUR,CHN,5,34.083651,35.254941
2021,TUR,CHN,6,34.2,35.2
2021,TUR,CHN,7,33.840932,34.601554
2021,TUR,CHN,8,33.784931,34.508219
2021,TUR,CHN,9,33.729569,34.415948
2021,TUR,CHN,10,33.668074,34.313456
2021,TUR,CHN,11,33.166376,33.477293
2021,TUR,CHN,12,33.062511,33.304186
2021,TUR,CHN,13,32.738332,32.763887
2021,TUR,CHN,14,32.543549,32.439248
2021,TUR,CHN,15,32.1,31.7
2021,TUR,CHN,16,32.359877,31.336373
2021,TUR,CHN,17,32.310104,31.102922
2021,TUR,CHN,18,32.382202,30.318359
2021,TUR,CHN,19,32.557983,30.213982
2021,TUR,CHN,20,32.6,29.7
2021,TUR,CHN,21,33.233643,28.444544
2021,TUR,CHN,22,34.5,27.0
2021,TUR,CHN,23,37.0,23.6
2021,TUR,CHN,24,37.786499,22.210682
2021,TUR,CHN,25,38.572998,20.807472
2021,TUR,CHN,26,41.000977,17.098792
2021,TUR,CHN,27,42.341309,14.509144
2021,TUR,CHN,28,42.541058,13.676089
2021,TUR,CHN,29,43.3,12.7
2021,TUR,CHN,30,43.746586,12.40439
2021,TUR,CHN,31,45.0,12.0
2021,TUR,CHN,32,50.856149,12.884027
2021,TUR,CHN,33,53.61885,13.300009
2021,TUR,CHN,34,55.041504,12.747516
2021,TUR,CHN,35,59.894005,11.083455
2021,TUR,CHN,36,60.825733,10.866984
2021,TUR,CHN,37,62.0601,10.5802
2021,TUR,CHN,38,64.303249,10.031585
2021,TUR,CHN,39,64.698862,9.934828
2021,TUR,CHN,40,64.992809,9.862937
2021,TUR,CHN,41,65.7044,9.6889
2021,TUR,CHN,42,68.858995,8.881605
2021,TUR,CHN,43,69.3291,8.7613
2021,TUR,CHN,44,69.671733,8.6701
2021,TUR,CHN,45,69.999915,8.582747
2021,TUR,CHN,46,70.817426,8.365148
2021,TUR,CHN,47,75.966807,6.966807
2021,TUR,CHN,48,78.019032,6.387793
2021,TUR,CHN,49,80.1,5.8
2021,TUR,CHN,50,81.9,5.9
2021,TUR,CHN,51,85.9479,6.1983
2021,TUR,CHN,52,90.0,6.4664
2021,TUR,CHN,53,94.326449,6.157121
2021,TUR,CHN,54,98.128129,5.811729
2021,TUR,CHN,55,99.763807,4.084523
2021,TUR,CHN,56,100.6,3.2
2021,TUR,CHN,57,101.316415,2.586072
2021,TUR,CHN,58,102.0,2.0
2021,TUR,CHN,59,103.6,1.1
2021,TUR,CHN,60,103.861103,1.171415
2021,TUR,CHN,61,104.145848,1.249295
2021,TUR,CHN,62,104.482294,1.341312
2021,TUR,CHN,63,108.7023,8.3192
2021,TUR,CHN,64,110.027598,10.173186
2021,TUR,CHN,65,110.80697,11.263464
2021,TUR,CHN,66,111.0534,11.6082
2021,TUR,CHN,67,111.478346,12.523981
2021,TUR,CHN,68,112.965,15.7278
2021,TUR,CHN,69,114.338334,17.570129
2021,TUR,CHN,70,115.841059,19.666279
2021,TUR,CHN,71,116.5017,20.601113
2021,TUR,CHN,72,117.437994,21.922538
2021,TUR,CHN,73,118.030487,22.691517
2021,TUR,CHN,74,118.203464,22.930938
2021,TUR,CHN,75,118.724128,23.582665
2021,TUR,CHN,76,118.980046,23.949944
2021,TUR,CHN,77,119.33882,24.448861
2021,TUR,CHN,78,119.523707,24.707707
2021,TUR,CHN,79,119.761963,25.085599
2021,TUR,CHN,80,119.820497,25.236972
2021,TUR,CHN,81,120.0,25.7
2021,TUR,CHN,82,120.232569,26.078521
2021,TUR,CHN,83,120.787503,26.976762
2021,TUR,CHN,84,121.3,27.8
2021,TUR,CHN,85,122.23938,28.579698
2021,TUR,CHN,86,122.557297,29.38397
2021,TUR,CHN,87,122.652515,29.623632
2021,TUR,CHN,88,122.875214,30.181935
2021,TUR,CHN,89,122.878907,30.349364
2021,TUR,CHN,90,122.891141,30.901897
2021,TUR,CHN,91,122.66922,30.932268
2021,TUR,CHN,92,121.944122,31.062345
2021,IND,GRC,0,72.80777,18.941361
2021,IND,GRC,1,72.4,19.0
2021,IND,GRC,2,69.999749,18.43269
2021,IND,GRC,3,67.795105,17.911613
2021,IND,GRC,4,66.257926,17.527476
2021,IND,GRC,5,64.766386,17.128701
2021,IND,GRC,6,62.6071,16.551398
2021,IND,GRC,7,61.54,16.2661
2021,IND,GRC,8,59.44496,15.644932
2021,IND,GRC,9,56.810303,14.567634
2021,IND,GRC,10,53.61885,13.300009
2021,IND,GRC,11,50.856149,12.884027
2021,IND,GRC,12,45.0,12.0
2021,IND,GRC,13,43.746586,12.40439
2021,IND,GRC,14,43.3,12.7
2021,IND,GRC,15,42.541058,13.676089
2021,IND,GRC,16,42.341309,14.509144
2021,IND,GRC,17,41.000977,17.098792
2021,IND,GRC,18,38.572998,20.807472
2021,IND,GRC,19,37.786499,22.210682
2021,IND,GRC,20,37.0,23.6
2021,IND,GRC,21,34.5,27.0
2021,IND,GRC,22,33.233643,28.444544
2021,IND,GRC,23,32.6,29.7
2021,IND,GRC,24,32.557983,30.213982
2021,IND,GRC,25,32.382202,30.318359
2021,IND,GRC,26,32.310104,31.102922
2021,IND,GRC,27,32.359877,31.336373
2021,IND,GRC,28,32.1,31.7
2021,IND,GRC,29,30.765996,32.925106
2021,IND,GRC,30,30.699385,32.986279
2021,IND,GRC,31,29.703004,33.901323
2021,IND,GRC,32,29.595152,34.000371
2021,IND,GRC,33,28.964326,34.5797
2021,IND,GRC,34,28.881234,34.656009
2021,IND,GRC,35,28.180712,35.299346
2021,IND,GRC,36,27.548237,35.88019
2021,IND,GRC,37,27.337183,35.931621
2021,IND,GRC,38,27.051888,36.047808
2021,IND,GRC,39,26.918874,36.101606
2021,IND,GRC,40,26.587212,36.251066
2021,IND,GRC,41,26.054742,36.512579
2021,IND,GRC,42,25.507264,36.798352
2021,IND,GRC,43,25.395483,36.821188
2021,IND,GRC,44,25.257671,36.849342
2021,IND,GRC,45,25.090282,36.883539
2021,IND,GRC,46,24.917963,36.941755
2021,IND,GRC,47,24.636616,37.152415
2021,IND,GRC,48,24.457626,37.276785
2021,IND,GRC,49,24.236675,37.27952
2021,IND,GRC,50,24.159791,37.356151
2021,IND,GRC,51,23.9657,37.5496
2021,IND,GRC,52,23.885914,37.616154
2021,IND,GRC,53,23.6425,37.8192
2021,IND,GRC,54,23.6195,37.917095
2021,PAN,KOR,0,-79.585922,8.992656
2021,PAN,KOR,1,-79.494118,8.796576
2021,PAN,KOR,2,-79.5,8.6
2021,PAN,KOR,3,-79.672852,7.422389
2021,PAN,KOR,4,-80.227822,6.983728
2021,PAN,KOR,5,-81.4,6.9
2021,PAN,KOR,6,-82.8,7.4167
2021,PAN,KOR,7,-87.997356,10.035818
2021,PAN,KOR,8,-89.110835,10.580401
2021,PAN,KOR,9,-90.991341,11.48884
2021,PAN,KOR,10,-99.913376,15.63055
2021,PAN,KOR,11,-105.5,18.0
2021,PAN,KOR,12,-107.20629,19.341106
2021,PAN,KOR,13,-108.2357,20.1502
2021,PAN,KOR,14,-109.832589,21.395093
2021,PAN,KOR,15,-111.0067,22.3104
2021,PAN,KOR,16,-113.4508,24.926
2021,PAN,KOR,17,-116.130461,27.989265
2021,PAN,KOR,18,-117.491362,28.696433
2021,PAN,KOR,19,-120.0,30.0
2021,PAN,KOR,20,-123.545381,32.111344
2021,PAN,KOR,21,-124.312422,32.568132
2021,PAN,KOR,22,-124.5844,32.7301
2021,PAN,KOR,23,-125.79442,33.38234
2021,PAN,KOR,24,-126.656962,33.847279
2021,PAN,KOR,25,-129.251724,35.24594
2021,PAN,KOR,26,-129.4201,35.3367
2021,PAN,KOR,27,-129.819272,35.526409
2021,PAN,KOR,28,-130.001843,35.613177
2021,PAN,KOR,29,-133.138317,37.103806
2021,PAN,KOR,30,-134.5487,37.7741
2021,PAN,KOR,31,-135.766993,38.271559
2021,PAN,KOR,32,-137.863399,39.127573
2021,PAN,KOR,33,-140.0,40.0
2021,PAN,KOR,34,-145.447627,42.072031
2021,PAN,KOR,35,-147.515898,42.782108
2021,PAN,KOR,36,-150.00218,43.635695
2021,PAN,KOR,37,-152.3988,44.4585
2021,PAN,KOR,38,-154.286537,44.8774
2021,PAN,KOR,39,-154.650707,44.958211
2021,PAN,KOR,40,-155.417116,45.128282
2021,PAN,KOR,41,-158.683,45.853
2021,PAN,KOR,42,-160.002379,46.036662
2021,PAN,KOR,43,-161.568165,46.254624
2021,PAN,KOR,44,-163.816643,46.567619
2021,PAN,KOR,45,-167.337728,47.057765
2021,PAN,KOR,46,-171.990541,48.036744
2021,PAN,KOR,47,-177.342032,49.360999
2021,PAN,KOR,48,-180.0,50.0
2021,PAN,KOR,49,-180.0,50.0
2021,PAN,KOR,50,-185.859907,50.687849
2021,PAN,KOR,51,-187.645443,50.483925
2021,PAN,KOR,52,-189.7961,50.2383
2021,PAN,KOR,53,-190.21425,50.154218
2021,PAN,KOR,54,-198.5627,48.4755
2021,PAN,KOR,55,-199.074963,48.324829
2021,PAN,KOR,56,-199.805813,48.109865
2021,PAN,KOR,57,-202.066693,47.444876
2021,PAN,KOR,58,-206.312307,46.196119
2021,PAN,KOR,59,-214.0,43.2
2021,PAN,KOR,60,-216.598373,41.699651
2021,PAN,KOR,61,-218.722412,41.681992
2021,PAN,KOR,62,-219.647461,41.363637
2021,PAN,KOR,63,-220.255776,41.259182
2021,PAN,KOR,64,-230.027715,35.665533
2021,PAN,KOR,65,-230.402527,35.429344
2021,PAN,KOR,66,-230.8,35.0
2021,PAN,JPN,0,-79.585922,8.992656
2021,PAN,JPN,1,-79.494118,8.796576
2021,PAN,JPN,2,-79.5,8.6
2021,PAN,JPN,3,-79.672852,7.422389
2021,PAN,JPN,4,-80.227822,6.983728
2021,PAN,JPN,5,-81.4,6.9
2021,PAN,JPN,6,-82.8,7.4167
2021,PAN,JPN,7,-87.997356,10.035818
2021,PAN,JPN,8,-89.110835,10.580401
2021,PAN,JPN,9,-90.991341,11.48884
2021,PAN,JPN,10,-99.913376,15.63055
2021,PAN,JPN,11,-105.5,18.0
2021,PAN,JPN,12,-107.20629,19.341106
2021,PAN,JPN,13,-108.2357,20.1502
2021,PAN,JPN,14,-109.832589,21.395093
2021,PAN,JPN,15,-111.0067,22.3104
2021,PAN,JPN,16,-113.4508,24.926
2021,PAN,JPN,17,-116.130461,27.989265
2021,PAN,JPN,18,-117.491362,28.696433
2021,PAN,JPN,19,-120.0,30.0
2021,PAN,JPN,20,-123.545381,32.111344
2021,PAN,JPN,21,-124.312422,32.568132
2021,PAN,JPN,22,-124.5844,32.7301
2021,PAN,JPN,23,-125.79442,33.38234
2021,PAN,JPN,24,-126.656962,33.847279
2021,PAN,JPN,25,-129.251724,35.24594
2021,PAN,JPN,26,-129.4201,35.3367
2021,PAN,JPN,27,-129.819272,35.526409
2021,PAN,JPN,28,-130.001843,35.613177
2021,PAN,JPN,29,-133.138317,37.103806
2021,PAN,JPN,30,-134.5487,37.7741
2021,PAN,JPN,31,-135.766993,38.271559
2021,PAN,JPN,32,-137.863399,39.127573
2021,PAN,JPN,33,-140.0,40.0
2021,PAN,JPN,34,-145.447627,42.072031
2021,PAN,JPN,35,-147.515898,42.782108
2021,PAN,JPN,36,-150.00218,43.635695
2021,PAN,JPN,37,-152.3988,44.4585
2021,PAN,JPN,38,-154.286537,44.8774
2021,PAN,JPN,39,-154.650707,44.958211
2021,PAN,JPN,40,-155.417116,45.128282
2021,PAN,JPN,41,-158.683,45.853
2021,PAN,JPN,42,-160.002379,46.036662
2021,PAN,JPN,43,-161.568165,46.254624
2021,PAN,JPN,44,-163.816643,46.567619
2021,PAN,JPN,45,-167.337728,47.057765
2021,PAN,JPN,46,-171.990541,48.036744
2021,PAN,JPN,47,-177.342032,49.360999
2021,PAN,JPN,48,-180.0,50.0
2021,PAN,JPN,49,-180.0,50.0
2021,PAN,JPN,50,-195.816761,44.859607
2021,PAN,JPN,51,-210.0,40.0
2021,PAN,JPN,52,-214.4708,38.0301
2021,PAN,JPN,53,-218.977918,35.682829
2021,PAN,JPN,54,-219.523315,35.086203
2021,PAN,JPN,55,-220.1,34.8
2021,PAN,JPN,56,-220.36377,35.016501
2021,PAN,JPN,57,-220.207214,35.23889
2021,PAN,JPN,58,-220.314331,35.366096
2022,ZAF,USA,0,31.173706,-29.816817
2022,ZAF,USA,1,28.5,-33.5
2022,ZAF,USA,2,26.0,-34.5
2022,ZAF,USA,3,22.0,-35.0
2022,ZAF,USA,4,18.0,-35.0
2022,ZAF,USA,5,14.0806,-33.5827
2022,ZAF,USA,6,10.000809,-31.926949
2022,ZAF,USA,7,8.741211,-31.368532
2022,ZAF,USA,8,5.891411,-30.076823
2022,ZAF,USA,9,2.015382,-28.169477
2022,ZAF,USA,10,0.00081,-27.123985
2022,ZAF,USA,11,-4.412459,-24.677177
2022,ZAF,USA,12,-7.024709,-23.154038
2022,ZAF,USA,13,-9.999624,-21.343395
2022,ZAF,USA,14,-10.796127,-20.843889
2022,ZAF,USA,15,-12.088665,-20.028905
2022,ZAF,USA,16,-16.822275,-16.967419
2022,ZAF,USA,17,-19.999225,-14.844666
2022,ZAF,USA,18,-22.806528,-12.935362
2022,ZAF,USA,19,-27.018677,-10.021884
2022,ZAF,USA,20,-28.772132,-8.796464
2022,ZAF,USA,21,-29.999876,-7.933805
2022,ZAF,USA,22,-31.063081,-7.186164
2022,ZAF,USA,23,-33.8,-5.25
2022,ZAF,USA,24,-34.860393,-4.720374
2022,ZAF,USA,25,-38.1,-3.1
2022,ZAF,USA,26,-41.5476,-0.9739
2022,ZAF,USA,27,-42.781385,-0.211655
2022,ZAF,USA,28,-42.984139,-0.086392
2022,ZAF,USA,29,-43.123942,-2e-05
2022,ZAF,USA,30,-44.9917,1.1539
2022,ZAF,USA,31,-46.399027,2.021526
2022,ZAF,USA,32,-48.44,3.2798
2022,ZAF,USA,33,-51.9,5.4
2022,ZAF,USA,34,-56.4243,8.2122
2022,ZAF,USA,35,-61.0,11.0
2022,ZAF,USA,36,-61.817065,10.845292
2022,ZAF,USA,37,-64.039307,11.350797
2022,ZAF,USA,38,-66.045739,12.537721
2022,ZAF,USA,39,-67.587289,12.720307
2022,ZAF,USA,40,-70.0,13.0
2022,ZAF,USA,41,-71.04216,12.74246
2022,ZAF,USA,42,-72.236279,12.447046
2022,ZAF,USA,43,-74.685831,11.598822
2022,ZAF,USA,44,-80.0,9.75
2022,ZAF,USA,45,-79.900612,9.208176
2022,ZAF,USA,46,-79.821304,9.173012
2022,ZAF,USA,47,-79.803246,9.118307
2022,ZAF,USA,48,-79.741379,9.118236
2022,ZAF,USA,49,-79.689331,9.10639
2022,ZAF,USA,50,-79.641747,9.035982
2022,ZAF,USA,51,-79.585922,8.992656
2022,ZAF,USA,52,-79.494118,8.796576
2022,ZAF,USA,53,-79.5,8.6
2022,ZAF,USA,54,-79.672852,7.422389
2022,ZAF,USA,55,-80.227822,6.983728
2022,ZAF,USA,56,-81.4,6.9
2022,ZAF,USA,57,-82.8,7.4167
2022,ZAF,USA,58,-87.997356,10.035818
2022,ZAF,USA,59,-89.110835,10.580401
2022,ZAF,USA,60,-90.991341,11.48884
2022,ZAF,USA,61,-99.913376,15.63055
2022,ZAF,USA,62,-99.9,16.5
2022,ZAF,USA,63,-103.40332,17.983958
2022,ZAF,USA,64,-106.489938,20.102998
2022,ZAF,USA,65,-109.7,22.5
2022,ZAF,USA,66,-112.510986,24.716895
2022,ZAF,USA,67,-115.2,27.5
2022,ZAF,USA,68,-117.3,32.7
2022,ZAF,USA,69,-117.435608,33.167445
2022,ZAF,USA,70,-118.1215,33.6276
2022,ZAF,USA,71,-118.194489,33.703898
2022,ARE,NLD,0,54.312286,24.519638
2022,ARE,NLD,1,53.953193,24.798804
2022,ARE,NLD,2,54.990692,25.321684
2022,ARE,NLD,3,55.2,25.6
2022,ARE,NLD,4,55.467372,25.778718
2022,ARE,NLD,5,55.837469,26.025658
2022,ARE,NLD,6,56.343384,26.441066
2022,ARE,NLD,7,56.547226,26.511054
2022,ARE,NLD,8,56.763061,26.422112
2022,ARE,NLD,9,56.931531,25.961959
2022,ARE,NLD,10,57.1,25.5
2022,ARE,NLD,11,59.0,24.0
2022,ARE,NLD,12,60.4,22.7
2022,ARE,NLD,13,59.0,20.0
2022,ARE,NLD,14,58.191833,18.742507
2022,ARE,NLD,15,56.876033,17.38386
2022,ARE,NLD,16,54.2,16.2
2022,ARE,NLD,17,49.5581,14.1436
2022,ARE,NLD,18,45.0,12.0
2022,ARE,NLD,19,43.746586,12.40439
2022,ARE,NLD,20,43.3,12.7
2022,ARE,NLD,21,42.541058,13.676089
2022,ARE,NLD,22,42.341309,14.509144
2022,ARE,NLD,23,41.000977,17.098792
2022,ARE,NLD,24,38.572998,20.807472
2022,ARE,NLD,25,37.786499,22.210682
2022,ARE,NLD,26,37.0,23.6
2022,ARE,NLD,27,34.5,27.0
2022,ARE,NLD,28,33.233643,28.444544
2022,ARE,NLD,29,32.6,29.7
2022,ARE,NLD,30,32.557983,30.213982
2022,ARE,NLD,31,32.382202,30.318359
2022,ARE,NLD,32,32.310104,31.102922
2022,ARE,NLD,33,32.359877,31.336373
2022,ARE,NLD,34,32.1,31.7
2022,ARE,NLD,35,30.408377,32.316071
2022,ARE,NLD,36,28.905525,32.863395
2022,ARE,NLD,37,28.212434,33.115811
2022,ARE,NLD,38,27.927542,33.219565
2022,ARE,NLD,39,26.306431,33.748752
2022,ARE,NLD,40,25.478721,34.011915
2022,ARE,NLD,41,24.926664,34.187436
2022,ARE,NLD,42,23.0,34.8
2022,ARE,NLD,43,21.407365,35.126694
2022,ARE,NLD,44,17.902084,35.845726
2022,ARE,NLD,45,16.726588,36.086854
2022,ARE,NLD,46,15.2,36.4
2022,ARE,NLD,47,13.263819,36.907095
2022,ARE,NLD,48,12.110644,37.209117
2022,ARE,NLD,49,12.086301,37.215493
2022,ARE,NLD,50,11.827836,37.283186
2022,ARE,NLD,51,11.172235,37.454891
2022,ARE,NLD,52,11.0,37.5
2022,ARE,NLD,53,10.373031,37.482087
2022,ARE,NLD,54,7.5,37.4
2022,ARE,NLD,55,3.1,37.2
2022,ARE,NLD,56,-0.366667,36.666667
2022,ARE,NLD,57,-1.62439,36.473171
2022,ARE,NLD,58,-2.244793,36.377724
2022,ARE,NLD,59,-2.590675,36.324512
2022,ARE,NLD,60,-3.264225,36.220888
2022,ARE,NLD,61,-3.683043,36.156455
2022,ARE,NLD,62,-4.7,36.0
2022,ARE,NLD,63,-5.269383,35.97289
2022,ARE,NLD,64,-5.354867,35.968819
2022,ARE,NLD,65,-5.75,35.95
2022,ARE,NLD,66,-7.26966,36.31906
2022,ARE,NLD,67,-8.219465,36.549727
2022,ARE,NLD,68,-9.25,36.8
2022,ARE,NLD,69,-9.452092,37.781589
2022,ARE,NLD,70,-9.6,38.5
2022,ARE,NLD,71,-9.9844,40.7798
2022,ARE,NLD,72,-9.5,43.0
2022,ARE,NLD,73,-9.14264,43.688493
2022,ARE,NLD,74,-9.019938,43.924891
2022,ARE,NLD,75,-8.49576,44.934776
2022,ARE,NLD,76,-7.954994,45.668797
2022,ARE,NLD,77,-6.698867,47.340067
2022,ARE,NLD,78,-5.5,48.6667
2022,ARE,NLD,79,-5.06401,48.799916
2022,ARE,NLD,80,-4.270518,49.042365
2022,ARE,NLD,81,-4.030414,49.115729
2022,ARE,NLD,82,-3.986163,49.129249
2022,ARE,NLD,83,-3.197043,49.370363
2022,ARE,NLD,84,-2.39189,49.616376
2022,ARE,NLD,85,-1.992006,49.738559
2022,ARE,NLD,86,-1.93365,49.75639
2022,ARE,NLD,87,-1.665743,49.838248
2022,ARE,NLD,88,-1.47977,49.895072
2022,ARE,NLD,89,-1.3,49.95
2022,ARE,NLD,90,-0.671539,50.155459
2022,ARE,NLD,91,-0.545959,50.196513
2022,ARE,NLD,92,-0.343359,50.262748
2022,ARE,NLD,93,0.39288,50.503441
2022,ARE,NLD,94,1.193894,50.765311
2022,ARE,NLD,95,1.3,50.8
2022,ARE,NLD,96,1.441366,50.849032
2022,ARE,NLD,97,1.567687,50.892845
2022,ARE,NLD,98,1.813195,50.988387
2022,ARE,NLD,99,2.1,51.1
2022,ARE,NLD,100,2.356699,51.178984
2022,ARE,NLD,101,3.4,51.5
2022,ARE,NLD,102,3.559619,51.659619
2022,ARE,NLD,103,3.9,52.0
2022,ARE,NLD,104,4.069748,51.987629
2022,ARE,NLD,105,4.151802,51.961827
2022,ARE,NLD,106,4.230423,51.922673
2022,ARE,NLD,107,4.289818,51.89641
2022,ARE,NLD,108,4.32827,51.89302
2022,ARE,NLD,109,4.369469,51.900223
2022,CHL,NLD,0,-71.3,-23.8
2022,CHL,NLD,1,-70.631104,-20.231275
2022,CHL,NLD,2,-71.0,-18.9
2022,CHL,NLD,3,-72.7,-17.3
2022,CHL,NLD,4,-75.168457,-15.919074
2022,CHL,NLD,5,-77.0,-13.7
2022,CHL,NLD,6,-77.7,-12.0
2022,CHL,NLD,7,-80.0,-10.0
2022,CHL,NLD,8,-80.2,-7.3
2022,CHL,NLD,9,-81.9,-5.25
2022,CHL,NLD,10,-81.25,-3.0
2022,CHL,NLD,11,-81.8,-0.9
2022,CHL,NLD,12,-81.176151,1.84843
2022,CHL,NLD,13,-80.9033,3.0505
2022,CHL,NLD,14,-80.412834,5.194964
2022,CHL,NLD,15,-79.672852,7.422389
2022,CHL,NLD,16,-79.5,8.6
2022,CHL,NLD,17,-79.494118,8.796576
2022,CHL,NLD,18,-79.585922,8.992656
2022,CHL,NLD,19,-79.641747,9.035982
2022,CHL,NLD,20,-79.689331,9.10639
2022,CHL,NLD,21,-79.741379,9.118236
2022,CHL,NLD,22,-79.803246,9.118307
2022,CHL,NLD,23,-79.821304,9.173012
2022,CHL,NLD,24,-79.900612,9.208176
2022,CHL,NLD,25,-80.0,9.75
2022,CHL,NLD,26,-74.970687,13.668227
2022,CHL,NLD,27,-74.9584,13.6778
2022,CHL,NLD,28,-73.284043,14.906532
2022,CHL,NLD,29,-72.249859,15.665471
2022,CHL,NLD,30,-72.224911,15.683779
2022,CHL,NLD,31,-71.579995,16.157053
2022,CHL,NLD,32,-71.173962,16.455021
2022,CHL,NLD,33,-69.75,17.5
2022,CHL,NLD,34,-68.615112,17.952606
2022,CHL,NLD,35,-67.95,18.5
2022,CHL,NLD,36,-67.331093,19.128409
2022,CHL,NLD,37,-67.097137,19.365958
2022,CHL,NLD,38,-67.057838,19.40586
2022,CHL,NLD,39,-66.934172,19.531425
2022,CHL,NLD,40,-66.754064,19.714298
2022,CHL,NLD,41,-66.667107,19.80259
2022,CHL,NLD,42,-66.628548,19.841741
2022,CHL,NLD,43,-66.605655,19.864985
2022,CHL,NLD,44,-66.504998,19.967188
2022,CHL,NLD,45,-66.441166,20.032
2022,CHL,NLD,46,-66.320768,20.154246
2022,CHL,NLD,47,-65.0321,21.4627
2022,CHL,NLD,48,-63.113598,23.300654
2022,CHL,NLD,49,-60.618883,25.604749
2022,CHL,NLD,50,-60.001076,26.15807
2022,CHL,NLD,51,-58.8184,27.2173
2022,CHL,NLD,52,-57.951012,27.936496
2022,CHL,NLD,53,-57.878884,27.996301
2022,CHL,NLD,54,-56.6607,29.00636
2022,CHL,NLD,55,-55.346294,30.087016
2022,CHL,NLD,56,-52.246233,32.44219
2022,CHL,NLD,57,-51.699014,32.839924
2022,CHL,NLD,58,-50.001683,34.008615
2022,CHL,NLD,59,-48.55276,35.006266
2022,CHL,NLD,60,-46.192316,36.486048
2022,CHL,NLD,61,-44.2375,37.6913
2022,CHL,NLD,62,-40.0,40.0
2022,CHL,NLD,63,-37.894086,40.959473
2022,CHL,NLD,64,-34.863425,42.340269
2022,CHL,NLD,65,-32.990451,43.193613
2022,CHL,NLD,66,-32.7508,43.3028
2022,CHL,NLD,67,-30.002556,44.262362
2022,CHL,NLD,68,-25.548163,45.817634
2022,CHL,NLD,69,-24.7426,46.0989
2022,CHL,NLD,70,-24.113938,46.255613
2022,CHL,NLD,71,-20.001632,47.280732
2022,CHL,NLD,72,-17.925346,47.79831
2022,CHL,NLD,73,-16.888237,48.056841
2022,CHL,NLD,74,-15.9842,48.2822
2022,CHL,NLD,75,-14.710836,48.481015
2022,CHL,NLD,76,-13.147736,48.725068
2022,CHL,NLD,77,-10.632436,49.138636
2022,CHL,NLD,78,-6.709922,49.73023
2022,CHL,NLD,79,-6.5833,49.75
2022,CHL,NLD,80,-5.979701,49.782237
2022,CHL,NLD,81,-5.740436,49.795016
2022,CHL,NLD,82,-5.630965,49.800862
2022,CHL,NLD,83,-5.491611,49.808305
2022,CHL,NLD,84,-4.868405,49.841589
2022,CHL,NLD,85,-4.088283,49.883253
2022,CHL,NLD,86,-2.93586,49.944802
2022,CHL,NLD,87,-2.624015,50.023556
2022,CHL,NLD,88,-2.270882,50.112738
2022,CHL,NLD,89,-2.100162,50.138244
2022,CHL,NLD,90,-1.755087,50.189798
2022,CHL,NLD,91,-1.577583,50.216317
2022,CHL,NLD,92,-1.251907,50.264973
2022,CHL,NLD,93,-0.76446,50.337798
2022,CHL,NLD,94,-0.764313,50.33751
2022,CHL,NLD,95,-0.672505,50.358079
2022,CHL,NLD,96,-0.505582,50.395477
2022,CHL,NLD,97,0.301537,50.576304
2022,CHL,NLD,98,1.149895,50.76637
2022,CHL,NLD,99,1.3,50.8
2022,CHL,NLD,100,1.441366,50.849032
2022,CHL,NLD,101,1.567687,50.892845
2022,CHL,NLD,102,1.813195,50.988387
2022,CHL,NLD,103,2.1,51.1
2022,CHL,NLD,104,2.356699,51.178984
2022,CHL,NLD,105,3.4,51.5
2022,CHL,NLD,106,3.559619,51.659619
2022,CHL,NLD,107,3.9,52.0
2022,CHL,NLD,108,4.069748,51.987629
2022,CHL,NLD,109,4.151802,51.961827
2022,CHL,NLD,110,4.230423,51.922673
2022,CHL,NLD,111,4.289818,51.89641
2022,CHL,NLD,112,4.32827,51.89302
2022,CHL,NLD,113,4.369469,51.900223
2022,CAN,SWE,0,-123.141975,49.315947
2022,CAN,SWE,1,-123.314667,49.315275
2022,CAN,SWE,2,-123.3795,49.0699
2022,CAN,SWE,3,-123.051,48.8551
2022,CAN,SWE,4,-123.0054,48.7977
2022,CAN,SWE,5,-123.006,48.7325
2022,CAN,SWE,6,-123.0327,48.7351
2022,CAN,SWE,7,-123.2549,48.7146
2022,CAN,SWE,8,-123.2018,48.5113
2022,CAN,SWE,9,-123.21167,48.385442
2022,CAN,SWE,10,-123.397064,48.381794
2022,CAN,SWE,11,-123.4798,48.2308
2022,CAN,SWE,12,-123.9732,48.2659
2022,CAN,SWE,13,-124.7292,48.4862
2022,CAN,SWE,14,-125.5016,48.5683
2022,CAN,SWE,15,-125.5027,48.1173
2022,CAN,SWE,16,-125.4991,47.687
2022,CAN,SWE,17,-125.4354,47.5444
2022,CAN,SWE,18,-125.3772,47.3391
2022,CAN,SWE,19,-125.1965,46.6773
2022,CAN,SWE,20,-125.1093,46.3532
2022,CAN,SWE,21,-125.0634,46.2167
2022,CAN,SWE,22,-124.9847,45.5528
2022,CAN,SWE,23,-125.0958,44.803
2022,CAN,SWE,24,-125.103715,44.633984
2022,CAN,SWE,25,-125.1054,44.598
2022,CAN,SWE,26,-125.1621,44.0101
2022,CAN,SWE,27,-125.32,43.3704
2022,CAN,SWE,28,-125.5151,42.8378
2022,CAN,SWE,29,-125.4524,42.7398
2022,CAN,SWE,30,-125.3355,42.3965
2022,CAN,SWE,31,-125.1974,41.9968
2022,CAN,SWE,32,-125.1997,41.5487
2022,CAN,SWE,33,-125.1939,40.7581
2022,CAN,SWE,34,-124.7749,39.4264
2022,CAN,SWE,35,-124.3291,38.6558
2022,CAN,SWE,36,-124.152441,38.466818
2022,CAN,SWE,37,-122.9,37.7
2022,CAN,SWE,38,-120.8841,34.4361
2022,CAN,SWE,39,-120.5005,34.3545
2022,CAN,SWE,40,-119.8734,34.2122
2022,CAN,SWE,41,-119.5099,34.1273
2022,CAN,SWE,42,-119.2671,34.0786
2022,CAN,SWE,43,-118.9213,33.9125
2022,CAN,SWE,44,-118.4867,33.7056
2022,CAN,SWE,45,-118.4648,33.6364
2022,CAN,SWE,46,-118.295,33.6384
2022,CAN,SWE,47,-118.1788,33.6279
2022,CAN,SWE,48,-118.1215,33.6276
2022,CAN,SWE,49,-117.435608,33.167445
2022,CAN,SWE,50,-117.3,32.7
2022,CAN,SWE,51,-115.2,27.5
2022,CAN,SWE,52,-112.510986,24.716895
2022,CAN,SWE,53,-109.7,22.5
2022,CAN,SWE,54,-106.489938,20.102998
2022,CAN,SWE,55,-103.40332,17.983958
2022,CAN,SWE,56,-99.9,16.5
2022,CAN,SWE,57,-99.913376,15.63055
2022,CAN,SWE,58,-90.991341,11.48884
2022,CAN,SWE,59,-89.110835,10.580401
2022,CAN,SWE,60,-87.997356,10.035818
2022,CAN,SWE,61,-82.8,7.4167
2022,CAN,SWE,62,-81.4,6.9
2022,CAN,SWE,63,-80.227822,6.983728
2022,CAN,SWE,64,-79.672852,7.422389
2022,CAN,SWE,65,-79.5,8.6
2022,CAN,SWE,66,-79.494118,8.796576
2022,CAN,SWE,67,-79.585922,8.992656
2022,CAN,SWE,68,-79.641747,9.035982
2022,CAN,SWE,69,-79.689331,9.10639
2022,CAN,SWE,70,-79.741379,9.118236
2022,CAN,SWE,71,-79.803246,9.118307
2022,CAN,SWE,72,-79.821304,9.173012
2022,CAN,SWE,73,-79.900612,9.208176
2022,CAN,SWE,74,-80.0,9.75
2022,CAN,SWE,75,-74.970687,13.668227
2022,CAN,SWE,76,-74.9584,13.6778
2022,CAN,SWE,77,-73.284043,14.906532
2022,CAN,SWE,78,-72.249859,15.665471
2022,CAN,SWE,79,-72.224911,15.683779
2022,CAN,SWE,80,-71.579995,16.157053
2022,CAN,SWE,81,-71.173962,16.455021
2022,CAN,SWE,82,-69.75,17.5
2022,CAN,SWE,83,-68.615112,17.952606
2022,CAN,SWE,84,-67.95,18.5
2022,CAN,SWE,85,-67.331093,19.128409
2022,CAN,SWE,86,-67.097137,19.365958
2022,CAN,SWE,87,-67.057838,19.40586
2022,CAN,SWE,88,-66.934172,19.531425
2022,CAN,SWE,89,-66.754064,19.714298
2022,CAN,SWE,90,-66.667107,19.80259
2022,CAN,SWE,91,-66.628548,19.841741
2022,CAN,SWE,92,-66.605655,19.864985
2022,CAN,SWE,93,-66.504998,19.967188
2022,CAN,SWE,94,-66.441166,20.032
2022,CAN,SWE,95,-66.320768,20.154246
2022,CAN,SWE,96,-66.572194,22.583364
2022,CAN,SWE,97,-64.647219,24.92641
2022,CAN,SWE,98,-64.634,24.9425
2022,CAN,SWE,99,-62.306029,27.483223
2022,CAN,SWE,100,-61.33976,28.537799
2022,CAN,SWE,101,-60.223798,29.75575
2022,CAN,SWE,102,-60.0,30.0
2022,CAN,SWE,103,-57.765496,32.429312
2022,CAN,SWE,104,-57.742406,32.454415
2022,CAN,SWE,105,-55.861059,34.499781
2022,CAN,SWE,106,-55.856709,34.50451
2022,CAN,SWE,107,-55.3052,35.1041
2022,CAN,SWE,108,-55.000024,35.385732
2022,CAN,SWE,109,-50.0,40.0
2022,CAN,SWE,110,-49.417076,40.652855
2022,CAN,SWE,111,-47.493255,42.807466
2022,CAN,SWE,112,-45.319011,45.21651
2022,CAN,SWE,113,-45.109081,45.405304
2022,CAN,SWE,114,-41.658626,48.508366
2022,CAN,SWE,115,-40.0,50.0
2022,CAN,SWE,116,-33.785385,52.292557
2022,CAN,SWE,117,-32.596784,52.705674
2022,CAN,SWE,118,-30.964823,53.272889
2022,CAN,SWE,119,-30.003101,53.607151
2022,CAN,SWE,120,-26.9129,54.6812
2022,CAN,SWE,121,-25.711132,55.003434
2022,CAN,SWE,122,-25.001623,55.193677
2022,CAN,SWE,123,-20.002982,56.53398
2022,CAN,SWE,124,-18.562576,56.869513
2022,CAN,SWE,125,-17.061319,57.214364
2022,CAN,SWE,126,-15.775448,57.509738
2022,CAN,SWE,127,-11.841927,58.396659
2022,CAN,SWE,128,-10.1362,58.47456
2022,CAN,SWE,129,-6.489458,58.64111
2022,CAN,SWE,130,-5.723212,58.676105
2022,CAN,SWE,131,-5.722863,58.67612
2022,CAN,SWE,132,-5.720463,58.67623
2022,CAN,SWE,133,-5.2,58.7
2022,CAN,SWE,134,-4.799483,58.7
2022,CAN,SWE,135,-3.397818,58.762202
2022,CAN,SWE,136,-2.874305,58.649909
2022,CAN,SWE,137,-1.882382,58.608655
2022,CAN,SWE,138,-1.247855,58.568708
2022,CAN,SWE,139,-0.657457,58.531538
2022,CAN,SWE,140,0.800855,58.439728
2022,CAN,SWE,141,3.831853,58.106573
2022,CAN,SWE,142,4.598436,58.068003
2022,CAN,SWE,143,5.95,58.0
2022,CAN,SWE,144,8.05,57.95
2022,CAN,SWE,145,9.754772,57.878654
2022,CAN,SWE,146,9.916106,57.865686
2022,CAN,SWE,147,9.973674,57.861058
2022,CAN,SWE,148,10.7333,57.8
2022,CAN,SWE,149,11.4,57.7
2022,CAN,SWE,150,11.524055,57.879429
2022,PAN,CAN,0,-79.585922,8.992656
2022,PAN,CAN,1,-79.494118,8.796576
2022,PAN,CAN,2,-79.5,8.6
2022,PAN,CAN,3,-79.672852,7.422389
2022,PAN,CAN,4,-80.227822,6.983728
2022,PAN,CAN,5,-81.4,6.9
2022,PAN,CAN,6,-82.8,7.4167
2022,PAN,CAN,7,-87.997356,10.035818
2022,PAN,CAN,8,-89.110835,10.580401
2022,PAN,CAN,9,-90.991341,11.48884
2022,PAN,CAN,10,-99.913376,15.63055
2022,PAN,CAN,11,-99.9,16.5
2022,PAN,CAN,12,-103.40332,17.983958
2022,PAN,CAN,13,-106.489938,20.102998
2022,PAN,CAN,14,-109.7,22.5
2022,PAN,CAN,15,-112.510986,24.716895
2022,PAN,CAN,16,-115.2,27.5
2022,PAN,CAN,17,-117.3,32.7
2022,PAN,CAN,18,-117.435608,33.167445
2022,PAN,CAN,19,-118.1215,33.6276
2022,PAN,CAN,20,-118.1788,33.6279
2022,PAN,CAN,21,-118.295,33.6384
2022,PAN,CAN,22,-118.4648,33.6364
2022,PAN,CAN,23,-118.4867,33.7056
2022,PAN,CAN,24,-118.9213,33.9125
2022,PAN,CAN,25,-119.2671,34.0786
2022,PAN,CAN,26,-119.5099,34.1273
2022,PAN,CAN,27,-119.8734,34.2122
2022,PAN,CAN,28,-120.5005,34.3545
2022,PAN,CAN,29,-120.8841,34.4361
2022,PAN,CAN,30,-122.9,37.7
2022,PAN,CAN,31,-124.152441,38.466818
2022,PAN,CAN,32,-124.3291,38.6558
2022,PAN,CAN,33,-124.7749,39.4264
2022,PAN,CAN,34,-125.1939,40.7581
2022,PAN,CAN,35,-125.1997,41.5487
2022,PAN,CAN,36,-125.1974,41.9968
2022,PAN,CAN,37,-125.3355,42.3965
2022,PAN,CAN,38,-125.4524,42.7398
2022,PAN,CAN,39,-125.5151,42.8378
2022,PAN,CAN,40,-125.32,43.3704
2022,PAN,CAN,41,-125.1621,44.0101
2022,PAN,CAN,42,-125.1054,44.598
2022,PAN,CAN,43,-125.103715,44.633984
2022,PAN,CAN,44,-125.0958,44.803
2022,PAN,CAN,45,-124.9847,45.5528
2022,PAN,CAN,46,-125.0634,46.2167
2022,PAN,CAN,47,-125.1093,46.3532
2022,PAN,CAN,48,-125.1965,46.6773
2022,PAN,CAN,49,-125.3772,47.3391
2022,PAN,CAN,50,-125.4354,47.5444
2022,PAN,CAN,51,-125.4991,47.687
2022,PAN,CAN,52,-125.5027,48.1173
2022,PAN,CAN,53,-125.5016,48.5683
2022,PAN,CAN,54,-124.7292,48.4862
2022,PAN,CAN,55,-123.9732,48.2659
2022,PAN,CAN,56,-123.4798,48.2308
2022,PAN,CAN,57,-123.397064,48.381794
2022,PAN,CAN,58,-123.21167,48.385442
2022,PAN,CAN,59,-123.2018,48.5113
2022,PAN,CAN,60,-123.2549,48.7146
2022,PAN,CAN,61,-123.0327,48.7351
2022,PAN,CAN,62,-123.006,48.7325
2022,PAN,CAN,63,-123.0054,48.7977
2022,PAN,CAN,64,-123.051,48.8551
2022,PAN,CAN,65,-123.3795,49.0699
2022,PAN,CAN,66,-123.314667,49.315275
2022,PAN,CAN,67,-123.141975,49.315947
2022,ESP,MEX,0,-0.309838,39.430018
2022,ESP,MEX,1,0.129546,38.995264
2022,ESP,MEX,2,0.3373,38.7897
2022,ESP,MEX,3,0.267518,38.480858
2022,ESP,MEX,4,0.258592,38.441352
2022,ESP,MEX,5,-0.491527,37.627043
2022,ESP,MEX,6,-0.589854,37.511837
2022,ESP,MEX,7,-2.1,36.6
2022,ESP,MEX,8,-2.508613,36.6
2022,ESP,MEX,9,-3.464998,36.6
2022,ESP,MEX,10,-3.559793,36.6
2022,ESP,MEX,11,-3.811553,36.6
2022,ESP,MEX,12,-4.070282,36.488703
2022,ESP,MEX,13,-4.417056,36.339533
2022,ESP,MEX,14,-5.269383,35.97289
2022,ESP,MEX,15,-5.354867,35.968819
2022,ESP,MEX,16,-5.75,35.95
2022,ESP,MEX,17,-7.494111,35.910372
2022,ESP,MEX,18,-8.190921,35.89454
2022,ESP,MEX,19,-8.756874,35.881681
2022,ESP,MEX,20,-8.83373,35.879934
2022,ESP,MEX,21,-9.104538,35.873781
2022,ESP,MEX,22,-10.1424,35.8502
2022,ESP,MEX,23,-12.761203,35.695892
2022,ESP,MEX,24,-13.634085,35.644459
2022,ESP,MEX,25,-14.5159,35.5925
2022,ESP,MEX,26,-15.507833,35.49799
2022,ESP,MEX,27,-18.8537,35.1792
2022,ESP,MEX,28,-20.002089,35.027846
2022,ESP,MEX,29,-20.181279,35.004229
2022,ESP,MEX,30,-20.665058,34.940469
2022,ESP,MEX,31,-22.296367,34.725467
2022,ESP,MEX,32,-23.1406,34.6142
2022,ESP,MEX,33,-26.235917,34.092241
2022,ESP,MEX,34,-27.3629,33.9022
2022,ESP,MEX,35,-30.001411,33.359698
2022,ESP,MEX,36,-31.5096,33.0496
2022,ESP,MEX,37,-32.536445,32.800277
2022,ESP,MEX,38,-32.568441,32.792508
2022,ESP,MEX,39,-35.5717,32.0633
2022,ESP,MEX,40,-38.980384,31.108508
2022,ESP,MEX,41,-40.000338,30.805692
2022,ESP,MEX,42,-40.573623,30.623665
2022,ESP,MEX,43,-42.396653,30.044822
2022,ESP,MEX,44,-43.4184,29.7204
2022,ESP,MEX,45,-47.1972,28.3801
2022,ESP,MEX,46,-47.966412,28.078983
2022,ESP,MEX,47,-50.000761,27.282614
2022,ESP,MEX,48,-50.8793,26.9387
2022,ESP,MEX,49,-54.686707,25.302569
2022,ESP,MEX,50,-54.915257,25.196728
2022,ESP,MEX,51,-55.238542,25.047015
2022,ESP,MEX,52,-57.9624,23.7856
2022,ESP,MEX,53,-58.675784,23.43076
2022,ESP,MEX,54,-60.000776,22.771704
2022,ESP,MEX,55,-61.771409,21.87783
2022,ESP,MEX,56,-64.6983,20.3258
2022,ESP,MEX,57,-65.477608,19.888226
2022,ESP,MEX,58,-66.248436,19.455413
2022,ESP,MEX,59,-66.317504,19.416632
2022,ESP,MEX,60,-66.356176,19.394918
2022,ESP,MEX,61,-66.420311,19.358907
2022,ESP,MEX,62,-66.461499,19.33578
2022,ESP,MEX,63,-66.516722,19.304772
2022,ESP,MEX,64,-66.522631,19.301454
2022,ESP,MEX,65,-66.661098,19.223707
2022,ESP,MEX,66,-66.802353,19.144393
2022,ESP,MEX,67,-67.037894,19.012139
2022,ESP,MEX,68,-67.95,18.5
2022,ESP,MEX,69,-68.615112,17.952606
2022,ESP,MEX,70,-69.75,17.5
2022,ESP,MEX,71,-71.173962,16.455021
2022,ESP,MEX,72,-71.579995,16.157053
2022,ESP,MEX,73,-72.224911,15.683779
2022,ESP,MEX,74,-72.249859,15.665471
2022,ESP,MEX,75,-73.284043,14.906532
2022,ESP,MEX,76,-74.9584,13.6778
2022,ESP,MEX,77,-74.970687,13.668227
2022,ESP,MEX,78,-80.0,9.75
2022,ESP,MEX,79,-79.900612,9.208176
2022,ESP,MEX,80,-79.821304,9.173012
2022,ESP,MEX,81,-79.803246,9.118307
2022,ESP,MEX,82,-79.741379,9.118236
2022,ESP,MEX,83,-79.689331,9.10639
2022,ESP,MEX,84,-79.641747,9.035982
2022,ESP,MEX,85,-79.585922,8.992656
2022,ESP,MEX,86,-79.494118,8.796576
2022,ESP,MEX,87,-79.5,8.6
2022,ESP,MEX,88,-79.672852,7.422389
2022,ESP,MEX,89,-80.227822,6.983728
2022,ESP,MEX,90,-81.4,6.9
2022,ESP,MEX,91,-82.8,7.4167
2022,ESP,MEX,92,-87.997356,10.035818
2022,ESP,MEX,93,-89.110835,10.580401
2022,ESP,MEX,94,-90.991341,11.48884
2022,ESP,MEX,95,-99.913376,15.63055
2022,ESP,MEX,96,-99.9,16.5
2022,ESP,MEX,97,-103.40332,17.983958
2022,CAN,NLD,0,-123.141975,49.315947
2022,CAN,NLD,1,-123.314667,49.315275
2022,CAN,NLD,2,-123.3795,49.0699
2022,CAN,NLD,3,-123.051,48.8551
2022,CAN,NLD,4,-123.0054,48.7977
2022,CAN,NLD,5,-123.006,48.7325
2022,CAN,NLD,6,-123.0327,48.7351
2022,CAN,NLD,7,-123.2549,48.7146
2022,CAN,NLD,8,-123.2018,48.5113
2022,CAN,NLD,9,-123.21167,48.385442
2022,CAN,NLD,10,-123.397064,48.381794
2022,CAN,NLD,11,-123.4798,48.2308
2022,CAN,NLD,12,-123.9732,48.2659
2022,CAN,NLD,13,-124.7292,48.4862
2022,CAN,NLD,14,-125.5016,48.5683
2022,CAN,NLD,15,-125.5027,48.1173
2022,CAN,NLD,16,-125.4991,47.687
2022,CAN,NLD,17,-125.4354,47.5444
2022,CAN,NLD,18,-125.3772,47.3391
2022,CAN,NLD,19,-125.1965,46.6773
2022,CAN,NLD,20,-125.1093,46.3532
2022,CAN,NLD,21,-125.0634,46.2167
2022,CAN,NLD,22,-124.9847,45.5528
2022,CAN,NLD,23,-125.0958,44.803
2022,CAN,NLD,24,-125.103715,44.633984
2022,CAN,NLD,25,-125.1054,44.598
2022,CAN,NLD,26,-125.1621,44.0101
2022,CAN,NLD,27,-125.32,43.3704
2022,CAN,NLD,28,-125.5151,42.8378
2022,CAN,NLD,29,-125.4524,42.7398
2022,CAN,NLD,30,-125.3355,42.3965
2022,CAN,NLD,31,-125.1974,41.9968
2022,CAN,NLD,32,-125.1997,41.5487
2022,CAN,NLD,33,-125.1939,40.7581
2022,CAN,NLD,34,-124.7749,39.4264
2022,CAN,NLD,35,-124.3291,38.6558
2022,CAN,NLD,36,-124.152441,38.466818
2022,CAN,NLD,37,-122.9,37.7
2022,CAN,NLD,38,-120.8841,34.4361
2022,CAN,NLD,39,-120.5005,34.3545
2022,CAN,NLD,40,-119.8734,34.2122
2022,CAN,NLD,41,-119.5099,34.1273
2022,CAN,NLD,42,-119.2671,34.0786
2022,CAN,NLD,43,-118.9213,33.9125
2022,CAN,NLD,44,-118.4867,33.7056
2022,CAN,NLD,45,-118.4648,33.6364
2022,CAN,NLD,46,-118.295,33.6384
2022,CAN,NLD,47,-118.1788,33.6279
2022,CAN,NLD,48,-118.1215,33.6276
2022,CAN,NLD,49,-117.435608,33.167445
2022,CAN,NLD,50,-117.3,32.7
2022,CAN,NLD,51,-115.2,27.5
2022,CAN,NLD,52,-112.510986,24.716895
2022,CAN,NLD,53,-109.7,22.5
2022,CAN,NLD,54,-106.489938,20.102998
2022,CAN,NLD,55,-103.40332,17.983958
2022,CAN,NLD,56,-99.9,16.5
2022,CAN,NLD,57,-99.913376,15.63055
2022,CAN,NLD,58,-90.991341,11.48884
2022,CAN,NLD,59,-89.110835,10.580401
2022,CAN,NLD,60,-87.997356,10.035818
2022,CAN,NLD,61,-82.8,7.4167
2022,CAN,NLD,62,-81.4,6.9
2022,CAN,NLD,63,-80.227822,6.983728
2022,CAN,NLD,64,-79.672852,7.422389
2022,CAN,NLD,65,-79.5,8.6
2022,CAN,NLD,66,-79.494118,8.796576
2022,CAN,NLD,67,-79.585922,8.992656
2022,CAN,NLD,68,-79.641747,9.035982
2022,CAN,NLD,69,-79.689331,9.10639
2022,CAN,NLD,70,-79.741379,9.118236
2022,CAN,NLD,71,-79.803246,9.118307
2022,CAN,NLD,72,-79.821304,9.173012
2022,CAN,NLD,73,-79.900612,9.208176
2022,CAN,NLD,74,-80.0,9.75
2022,CAN,NLD,75,-74.970687,13.668227
2022,CAN,NLD,76,-74.9584,13.6778
2022,CAN,NLD,77,-73.284043,14.906532
2022,CAN,NLD,78,-72.249859,15.665471
2022,CAN,NLD,79,-72.224911,15.683779
2022,CAN,NLD,80,-71.579995,16.157053
2022,CAN,NLD,81,-71.173962,16.455021
2022,CAN,NLD,82,-69.75,17.5
2022,CAN,NLD,83,-68.615112,17.952606
2022,CAN,NLD,84,-67.95,18.5
2022,CAN,NLD,85,-67.331093,19.128409
2022,CAN,NLD,86,-67.097137,19.365958
2022,CAN,NLD,87,-67.057838,19.40586
2022,CAN,NLD,88,-66.934172,19.531425
2022,CAN,NLD,89,-66.754064,19.714298
2022,CAN,NLD,90,-66.667107,19.80259
2022,CAN,NLD,91,-66.628548,19.841741
2022,CAN,NLD,92,-66.605655,19.864985
2022,CAN,NLD,93,-66.504998,19.967188
2022,CAN,NLD,94,-66.441166,20.032
2022,CAN,NLD,95,-66.320768,20.154246
2022,CAN,NLD,96,-65.0321,21.4627
2022,CAN,NLD,97,-63.113598,23.300654
2022,CAN,NLD,98,-60.618883,25.604749
2022,CAN,NLD,99,-60.001076,26.15807
2022,CAN,NLD,100,-58.8184,27.2173
2022,CAN,NLD,101,-57.951012,27.936496
2022,CAN,NLD,102,-57.878884,27.996301
2022,CAN,NLD,103,-56.6607,29.00636
2022,CAN,NLD,104,-55.346294,30.087016
2022,CAN,NLD,105,-52.246233,32.44219
2022,CAN,NLD,106,-51.699014,32.839924
2022,CAN,NLD,107,-50.001683,34.008615
2022,CAN,NLD,108,-48.55276,35.006266
2022,CAN,NLD,109,-46.192316,36.486048
2022,CAN,NLD,110,-44.2375,37.6913
2022,CAN,NLD,111,-40.0,40.0
2022,CAN,NLD,112,-37.894086,40.959473
2022,CAN,NLD,113,-34.863425,42.340269
2022,CAN,NLD,114,-32.990451,43.193613
2022,CAN,NLD,115,-32.7508,43.3028
2022,CAN,NLD,116,-30.002556,44.262362
2022,CAN,NLD,117,-25.548163,45.817634
2022,CAN,NLD,118,-24.7426,46.0989
2022,CAN,NLD,119,-24.113938,46.255613
2022,CAN,NLD,120,-20.001632,47.280732
2022,CAN,NLD,121,-17.925346,47.79831
2022,CAN,NLD,122,-16.888237,48.056841
2022,CAN,NLD,123,-15.9842,48.2822
2022,CAN,NLD,124,-14.710836,48.481015
2022,CAN,NLD,125,-13.147736,48.725068
2022,CAN,NLD,126,-10.632436,49.138636
2022,CAN,NLD,127,-6.709922,49.73023
2022,CAN,NLD,128,-6.5833,49.75
2022,CAN,NLD,129,-5.979701,49.782237
2022,CAN,NLD,130,-5.740436,49.795016
2022,CAN,NLD,131,-5.630965,49.800862
2022,CAN,NLD,132,-5.491611,49.808305
2022,CAN,NLD,133,-4.868405,49.841589
2022,CAN,NLD,134,-4.088283,49.883253
2022,CAN,NLD,135,-2.93586,49.944802
2022,CAN,NLD,136,-2.624015,50.023556
2022,CAN,NLD,137,-2.270882,50.112738
2022,CAN,NLD,138,-2.100162,50.138244
2022,CAN,NLD,139,-1.755087,50.189798
2022,CAN,NLD,140,-1.577583,50.216317
2022,CAN,NLD,141,-1.251907,50.264973
2022,CAN,NLD,142,-0.76446,50.337798
2022,CAN,NLD,143,-0.764313,50.33751
2022,CAN,NLD,144,-0.672505,50.358079
2022,CAN,NLD,145,-0.505582,50.395477
2022,CAN,NLD,146,0.301537,50.576304
2022,CAN,NLD,147,1.149895,50.76637
2022,CAN,NLD,148,1.3,50.8
2022,CAN,NLD,149,1.441366,50.849032
2022,CAN,NLD,150,1.567687,50.892845
2022,CAN,NLD,151,1.813195,50.988387
2022,CAN,NLD,152,2.1,51.1
2022,CAN,NLD,153,2.356699,51.178984
2022,CAN,NLD,154,3.4,51.5
2022,CAN,NLD,155,3.559619,51.659619
2022,CAN,NLD,156,3.9,52.0
2022,CAN,NLD,157,4.069748,51.987629
2022,CAN,NLD,158,4.151802,51.961827
2022,CAN,NLD,159,4.230423,51.922673
2022,CAN,NLD,160,4.289818,51.89641
2022,CAN,NLD,161,4.32827,51.89302
2022,CAN,NLD,162,4.369469,51.900223
2022,IND,DEU,0,72.80777,18.941361
2022,IND,DEU,1,72.4,19.0
2022,IND,DEU,2,69.999749,18.43269
2022,IND,DEU,3,67.795105,17.911613
2022,IND,DEU,4,66.257926,17.527476
2022,IND,DEU,5,64.766386,17.128701
2022,IND,DEU,6,62.6071,16.551398
2022,IND,DEU,7,61.54,16.2661
2022,IND,DEU,8,59.44496,15.644932
2022,IND,DEU,9,56.810303,14.567634
2022,IND,DEU,10,53.61885,13.300009
2022,IND,DEU,11,50.856149,12.884027
2022,IND,DEU,12,45.0,12.0
2022,IND,DEU,13,43.746586,12.40439
2022,IND,DEU,14,43.3,12.7
2022,IND,DEU,15,42.541058,13.676089
2022,IND,DEU,16,42.341309,14.509144
2022,IND,DEU,17,41.000977,17.098792
2022,IND,DEU,18,38.572998,20.807472
2022,IND,DEU,19,37.786499,22.210682
2022,IND,DEU,20,37.0,23.6
2022,IND,DEU,21,34.5,27.0
2022,IND,DEU,22,33.233643,28.444544
2022,IND,DEU,23,32.6,29.7
2022,IND,DEU,24,32.557983,30.213982
2022,IND,DEU,25,32.382202,30.318359
2022,IND,DEU,26,32.310104,31.102922
2022,IND,DEU,27,32.359877,31.336373
2022,IND,DEU,28,32.1,31.7
2022,IND,DEU,29,30.408377,32.316071
2022,IND,DEU,30,28.905525,32.863395
2022,IND,DEU,31,28.212434,33.115811
2022,IND,DEU,32,27.927542,33.219565
2022,IND,DEU,33,26.306431,33.748752
2022,IND,DEU,34,25.478721,34.011915
2022,IND,DEU,35,24.926664,34.187436
2022,IND,DEU,36,23.0,34.8
2022,IND,DEU,37,21.407365,35.126694
2022,IND,DEU,38,17.902084,35.845726
2022,IND,DEU,39,16.726588,36.086854
2022,IND,DEU,40,15.2,36.4
2022,IND,DEU,41,13.263819,36.907095
2022,IND,DEU,42,12.110644,37.209117
2022,IND,DEU,43,12.086301,37.215493
2022,IND,DEU,44,11.827836,37.283186
2022,IND,DEU,45,11.172235,37.454891
2022,IND,DEU,46,11.0,37.5
2022,IND,DEU,47,10.373031,37.482087
2022,IND,DEU,48,7.5,37.4
2022,IND,DEU,49,3.1,37.2
2022,IND,DEU,50,-0.366667,36.666667
2022,IND,DEU,51,-1.62439,36.473171
2022,IND,DEU,52,-2.244793,36.377724
2022,IND,DEU,53,-2.590675,36.324512
2022,IND,DEU,54,-3.264225,36.220888
2022,IND,DEU,55,-3.683043,36.156455
2022,IND,DEU,56,-4.7,36.0
2022,IND,DEU,57,-5.269383,35.97289
2022,IND,DEU,58,-5.354867,35.968819
2022,IND,DEU,59,-5.75,35.95
2022,IND,DEU,60,-7.26966,36.31906
2022,IND,DEU,61,-8.219465,36.549727
2022,IND,DEU,62,-9.25,36.8
2022,IND,DEU,63,-9.452092,37.781589
2022,IND,DEU,64,-9.6,38.5
2022,IND,DEU,65,-9.9844,40.7798
2022,IND,DEU,66,-9.5,43.0
2022,IND,DEU,67,-9.14264,43.688493
2022,IND,DEU,68,-9.019938,43.924891
2022,IND,DEU,69,-8.49576,44.934776
2022,IND,DEU,70,-7.954994,45.668797
2022,IND,DEU,71,-6.698867,47.340067
2022,IND,DEU,72,-5.5,48.6667
2022,IND,DEU,73,-5.06401,48.799916
2022,IND,DEU,74,-4.270518,49.042365
2022,IND,DEU,75,-4.030414,49.115729
2022,IND,DEU,76,-3.986163,49.129249
2022,IND,DEU,77,-3.197043,49.370363
2022,IND,DEU,78,-2.39189,49.616376
2022,IND,DEU,79,-1.992006,49.738559
2022,IND,DEU,80,-1.93365,49.75639
2022,IND,DEU,81,-1.665743,49.838248
2022,IND,DEU,82,-1.47977,49.895072
2022,IND,DEU,83,-1.3,49.95
2022,IND,DEU,84,-0.671539,50.155459
2022,IND,DEU,85,-0.545959,50.196513
2022,IND,DEU,86,-0.343359,50.262748
2022,IND,DEU,87,0.39288,50.503441
2022,IND,DEU,88,1.193894,50.765311
2022,IND,DEU,89,1.3,50.8
2022,IND,DEU,90,1.498302,50.961124
2022,IND,DEU,91,1.648479,51.072443
2022,IND,DEU,92,1.868984,51.235892
2022,IND,DEU,93,2.3601,51.6089
2022,IND,DEU,94,2.9,51.9
2022,IND,DEU,95,3.044362,52.01549
2022,IND,DEU,96,3.327388,52.241911
2022,IND,DEU,97,3.900173,52.700139
2022,IND,DEU,98,4.9,53.5
2022,IND,DEU,99,6.384053,53.685507
2022,IND,DEU,100,8.25,53.9
2022,IND,DEU,101,8.745294,53.909831
2022,IND,DEU,102,9.041942,53.874321
2022,IND,DEU,103,9.227347,53.877053
2022,IND,DEU,104,9.336273,53.840148
2022,IND,DEU,105,9.39653,53.775829
2022,IND,DEU,106,9.496185,53.710038
2022,IND,DEU,107,9.535584,53.633153
2022,IND,DEU,108,9.632921,53.583652
2022,IND,DEU,109,9.751117,53.55475
2022,IND,DEU,110,9.927252,53.545112
2022,CHL,ESP,0,-71.3,-23.8
2022,CHL,ESP,1,-70.631104,-20.231275
2022,CHL,ESP,2,-71.0,-18.9
2022,CHL,ESP,3,-72.7,-17.3
2022,CHL,ESP,4,-75.168457,-15.919074
2022,CHL,ESP,5,-77.0,-13.7
2022,CHL,ESP,6,-77.7,-12.0
2022,CHL,ESP,7,-80.0,-10.0
2022,CHL,ESP,8,-80.2,-7.3
2022,CHL,ESP,9,-81.9,-5.25
2022,CHL,ESP,10,-81.25,-3.0
2022,CHL,ESP,11,-81.8,-0.9
2022,CHL,ESP,12,-81.176151,1.84843
2022,CHL,ESP,13,-80.9033,3.0505
2022,CHL,ESP,14,-80.412834,5.194964
2022,CHL,ESP,15,-79.672852,7.422389
2022,CHL,ESP,16,-79.5,8.6
2022,CHL,ESP,17,-79.494118,8.796576
2022,CHL,ESP,18,-79.585922,8.992656
2022,CHL,ESP,19,-79.641747,9.035982
2022,CHL,ESP,20,-79.689331,9.10639
2022,CHL,ESP,21,-79.741379,9.118236
2022,CHL,ESP,22,-79.803246,9.118307
2022,CHL,ESP,23,-79.821304,9.173012
2022,CHL,ESP,24,-79.900612,9.208176
2022,CHL,ESP,25,-80.0,9.75
2022,CHL,ESP,26,-74.970687,13.668227
2022,CHL,ESP,27,-74.9584,13.6778
2022,CHL,ESP,28,-73.284043,14.906532
2022,CHL,ESP,29,-72.249859,15.665471
2022,CHL,ESP,30,-72.224911,15.683779
2022,CHL,ESP,31,-71.579995,16.157053
2022,CHL,ESP,32,-71.173962,16.455021
2022,CHL,ESP,33,-69.75,17.5
2022,CHL,ESP,34,-68.615112,17.952606
2022,CHL,ESP,35,-67.95,18.5
2022,CHL,ESP,36,-67.037894,19.012139
2022,CHL,ESP,37,-66.802353,19.144393
2022,CHL,ESP,38,-66.661098,19.223707
2022,CHL,ESP,39,-66.522631,19.301454
2022,CHL,ESP,40,-66.516722,19.304772
2022,CHL,ESP,41,-66.461499,19.33578
2022,CHL,ESP,42,-66.420311,19.358907
2022,CHL,ESP,43,-66.356176,19.394918
2022,CHL,ESP,44,-66.317504,19.416632
2022,CHL,ESP,45,-66.248436,19.455413
2022,CHL,ESP,46,-65.477608,19.888226
2022,CHL,ESP,47,-64.6983,20.3258
2022,CHL,ESP,48,-61.771409,21.87783
2022,CHL,ESP,49,-60.000776,22.771704
2022,CHL,ESP,50,-58.675784,23.43076
2022,CHL,ESP,51,-57.9624,23.7856
2022,CHL,ESP,52,-55.238542,25.047015
2022,CHL,ESP,53,-54.915257,25.196728
2022,CHL,ESP,54,-54.686707,25.302569
2022,CHL,ESP,55,-50.8793,26.9387
2022,CHL,ESP,56,-50.000761,27.282614
2022,CHL,ESP,57,-47.966412,28.078983
2022,CHL,ESP,58,-47.1972,28.3801
2022,CHL,ESP,59,-43.4184,29.7204
2022,CHL,ESP,60,-42.396653,30.044822
2022,CHL,ESP,61,-40.573623,30.623665
2022,CHL,ESP,62,-40.000338,30.805692
2022,CHL,ESP,63,-38.980384,31.108508
2022,CHL,ESP,64,-35.5717,32.0633
2022,CHL,ESP,65,-32.568441,32.792508
2022,CHL,ESP,66,-32.536445,32.800277
2022,CHL,ESP,67,-31.5096,33.0496
2022,CHL,ESP,68,-30.001411,33.359698
2022,CHL,ESP,69,-27.3629,33.9022
2022,CHL,ESP,70,-26.235917,34.092241
2022,CHL,ESP,71,-23.1406,34.6142
2022,CHL,ESP,72,-22.296367,34.725467
2022,CHL,ESP,73,-20.665058,34.940469
2022,CHL,ESP,74,-20.181279,35.004229
2022,CHL,ESP,75,-20.002089,35.027846
2022,CHL,ESP,76,-18.8537,35.1792
2022,CHL,ESP,77,-15.507833,35.49799
2022,CHL,ESP,78,-14.5159,35.5925
2022,CHL,ESP,79,-13.634085,35.644459
2022,CHL,ESP,80,-12.761203,35.695892
2022,CHL,ESP,81,-10.1424,35.8502
2022,CHL,ESP,82,-9.104538,35.873781
2022,CHL,ESP,83,-8.83373,35.879934
2022,CHL,ESP,84,-8.756874,35.881681
2022,CHL,ESP,85,-8.190921,35.89454
2022,CHL,ESP,86,-7.494111,35.910372
2022,CHL,ESP,87,-5.75,35.95
2022,CHL,ESP,88,-5.354867,35.968819
2022,CHL,ESP,89,-5.269383,35.97289
2022,CHL,ESP,90,-4.417056,36.339533
2022,CHL,ESP,91,-4.070282,36.488703
2022,CHL,ESP,92,-3.811553,36.6
2022,CHL,ESP,93,-3.559793,36.6
2022,CHL,ESP,94,-3.464998,36.6
2022,CHL,ESP,95,-2.508613,36.6
2022,CHL,ESP,96,-2.1,36.6
2022,CHL,ESP,97,-0.589854,37.511837
2022,CHL,ESP,98,-0.491527,37.627043
2022,CHL,ESP,99,0.258592,38.441352
2022,CHL,ESP,100,0.267518,38.480858
2022,CHL,ESP,101,0.3373,38.7897
2022,CHL,ESP,102,0.129546,38.995264
2022,CHL,ESP,103,-0.309838,39.430018
2022,FIN,USA,0,24.907997,60.112071
2022,FIN,USA,1,24.7,59.8
2022,FIN,USA,2,24.011424,59.701632
2022,FIN,USA,3,22.6,59.5
2022,FIN,USA,4,20.6,58.2
2022,FIN,USA,5,18.118532,56.645032
2022,FIN,USA,6,17.0,56.4
2022,FIN,USA,7,16.209967,55.954553
2022,FIN,USA,8,15.80658,55.72711
2022,FIN,USA,9,14.374661,55.229033
2022,FIN,USA,10,13.836081,55.240216
2022,FIN,USA,11,13.229812,55.252805
2022,FIN,USA,12,12.974851,55.258099
2022,FIN,USA,13,12.68255,55.305583
2022,FIN,USA,14,12.700195,55.514637
2022,FIN,USA,15,12.75,55.9
2022,FIN,USA,16,12.629725,56.063887
2022,FIN,USA,17,12.409121,56.337379
2022,FIN,USA,18,12.409118,56.337382
2022,FIN,USA,19,11.988567,56.905254
2022,FIN,USA,20,11.4,57.7
2022,FIN,USA,21,10.7333,57.8
2022,FIN,USA,22,9.973674,57.861058
2022,FIN,USA,23,9.916106,57.865686
2022,FIN,USA,24,9.754772,57.878654
2022,FIN,USA,25,8.05,57.95
2022,FIN,USA,26,5.95,58.0
2022,FIN,USA,27,4.598436,58.068003
2022,FIN,USA,28,3.831853,58.106573
2022,FIN,USA,29,0.800855,58.439728
2022,FIN,USA,30,-0.657457,58.531538
2022,FIN,USA,31,-1.247855,58.568708
2022,FIN,USA,32,-1.882382,58.608655
2022,FIN,USA,33,-2.874305,58.649909
2022,FIN,USA,34,-3.397818,58.762202
2022,FIN,USA,35,-4.799483,58.7
2022,FIN,USA,36,-5.2,58.7
2022,FIN,USA,37,-5.720463,58.67623
2022,FIN,USA,38,-5.722863,58.67612
2022,FIN,USA,39,-5.723212,58.676105
2022,FIN,USA,40,-6.489458,58.64111
2022,FIN,USA,41,-10.1362,58.47456
2022,FIN,USA,42,-11.841927,58.396659
2022,FIN,USA,43,-15.775448,57.509738
2022,FIN,USA,44,-17.061319,57.214364
2022,FIN,USA,45,-18.562576,56.869513
2022,FIN,USA,46,-20.002982,56.53398
2022,FIN,USA,47,-25.001623,55.193677
2022,FIN,USA,48,-25.711132,55.003434
2022,FIN,USA,49,-26.9129,54.6812
2022,FIN,USA,50,-30.003101,53.607151
2022,FIN,USA,51,-30.964823,53.272889
2022,FIN,USA,52,-32.596784,52.705674
2022,FIN,USA,53,-33.785385,52.292557
2022,FIN,USA,54,-40.0,50.0
2022,FIN,USA,55,-41.658626,48.508366
2022,FIN,USA,56,-45.109081,45.405304
2022,FIN,USA,57,-45.319011,45.21651
2022,FIN,USA,58,-47.493255,42.807466
2022,FIN,USA,59,-49.417076,40.652855
2022,FIN,USA,60,-50.0,40.0
2022,FIN,USA,61,-55.000024,35.385732
2022,FIN,USA,62,-55.3052,35.1041
2022,FIN,USA,63,-55.856709,34.50451
2022,FIN,USA,64,-55.861059,34.499781
2022,FIN,USA,65,-57.742406,32.454415
2022,FIN,USA,66,-57.765496,32.429312
2022,FIN,USA,67,-60.0,30.0
2022,FIN,USA,68,-60.223798,29.75575
2022,FIN,USA,69,-61.33976,28.537799
2022,FIN,USA,70,-62.306029,27.483223
2022,FIN,USA,71,-64.634,24.9425
2022,FIN,USA,72,-64.647219,24.92641
2022,FIN,USA,73,-66.572194,22.583364
2022,FIN,USA,74,-66.320768,20.154246
2022,FIN,USA,75,-66.441166,20.032
2022,FIN,USA,76,-66.504998,19.967188
2022,FIN,USA,77,-66.605655,19.864985
2022,FIN,USA,78,-66.628548,19.841741
2022,FIN,USA,79,-66.667107,19.80259
2022,FIN,USA,80,-66.754064,19.714298
2022,FIN,USA,81,-66.934172,19.531425
2022,FIN,USA,82,-67.057838,19.40586
2022,FIN,USA,83,-67.097137,19.365958
2022,FIN,USA,84,-67.331093,19.128409
2022,FIN,USA,85,-67.95,18.5
2022,FIN,USA,86,-68.615112,17.952606
2022,FIN,USA,87,-69.75,17.5
2022,FIN,USA,88,-71.173962,16.455021
2022,FIN,USA,89,-71.579995,16.157053
2022,FIN,USA,90,-72.224911,15.683779
2022,FIN,USA,91,-72.249859,15.665471
2022,FIN,USA,92,-73.284043,14.906532
2022,FIN,USA,93,-74.9584,13.6778
2022,FIN,USA,94,-74.970687,13.668227
2022,FIN,USA,95,-80.0,9.75
2022,FIN,USA,96,-79.900612,9.208176
2022,FIN,USA,97,-79.821304,9.173012
2022,FIN,USA,98,-79.803246,9.118307
2022,FIN,USA,99,-79.741379,9.118236
2022,FIN,USA,100,-79.689331,9.10639
2022,FIN,USA,101,-79.641747,9.035982
2022,FIN,USA,102,-79.585922,8.992656
2022,FIN,USA,103,-79.494118,8.796576
2022,FIN,USA,104,-79.5,8.6
2022,FIN,USA,105,-79.672852,7.422389
2022,FIN,USA,106,-80.227822,6.983728
2022,FIN,USA,107,-81.4,6.9
2022,FIN,USA,108,-82.8,7.4167
2022,FIN,USA,109,-87.997356,10.035818
2022,FIN,USA,110,-89.110835,10.580401
2022,FIN,USA,111,-90.991341,11.48884
2022,FIN,USA,112,-99.913376,15.63055
2022,FIN,USA,113,-99.9,16.5
2022,FIN,USA,114,-103.40332,17.983958
2022,FIN,USA,115,-106.489938,20.102998
2022,FIN,USA,116,-109.7,22.5
2022,FIN,USA,117,-112.510986,24.716895
2022,FIN,USA,118,-115.2,27.5
2022,FIN,USA,119,-117.3,32.7
2022,FIN,USA,120,-117.435608,33.167445
2022,FIN,USA,121,-118.1215,33.6276
2022,FIN,USA,122,-118.194489,33.703898
2022,TUR,CHN,0,34.662503,36.755307
2022,TUR,CHN,1,34.666346,36.540598
2022,TUR,CHN,2,34.671546,36.250032
2022,TUR,CHN,3,34.678489,35.862166
2022,TUR,CHN,4,34.681919,35.670499
2022,TUR,CHN,5,34.083651,35.254941
2022,TUR,CHN,6,34.2,35.2
2022,TUR,CHN,7,33.840932,34.601554
2022,TUR,CHN,8,33.784931,34.508219
2022,TUR,CHN,9,33.729569,34.415948
2022,TUR,CHN,10,33.668074,34.313456
2022,TUR,CHN,11,33.166376,33.477293
2022,TUR,CHN,12,33.062511,33.304186
2022,TUR,CHN,13,32.738332,32.763887
2022,TUR,CHN,14,32.543549,32.439248
2022,TUR,CHN,15,32.1,31.7
2022,TUR,CHN,16,32.359877,31.336373
2022,TUR,CHN,17,32.310104,31.102922
2022,TUR,CHN,18,32.382202,30.318359
2022,TUR,CHN,19,32.557983,30.213982
2022,TUR,CHN,20,32.6,29.7
2022,TUR,CHN,21,33.233643,28.444544
2022,TUR,CHN,22,34.5,27.0
2022,TUR,CHN,23,37.0,23.6
2022,TUR,CHN,24,37.786499,22.210682
2022,TUR,CHN,25,38.572998,20.807472
2022,TUR,CHN,26,41.000977,17.098792
2022,TUR,CHN,27,42.341309,14.509144
2022,TUR,CHN,28,42.541058,13.676089
2022,TUR,CHN,29,43.3,12.7
2022,TUR,CHN,30,43.746586,12.40439
2022,TUR,CHN,31,45.0,12.0
2022,TUR,CHN,32,50.856149,12.884027
2022,TUR,CHN,33,53.61885,13.300009
2022,TUR,CHN,34,55.041504,12.747516
2022,TUR,CHN,35,59.894005,11.083455
2022,TUR,CHN,36,60.825733,10.866984
2022,TUR,CHN,37,62.0601,10.5802
2022,TUR,CHN,38,64.303249,10.031585
2022,TUR,CHN,39,64.698862,9.934828
2022,TUR,CHN,40,64.992809,9.862937
2022,TUR,CHN,41,65.7044,9.6889
2022,TUR,CHN,42,68.858995,8.881605
2022,TUR,CHN,43,69.3291,8.7613
2022,TUR,CHN,44,69.671733,8.6701
2022,TUR,CHN,45,69.999915,8.582747
2022,TUR,CHN,46,70.817426,8.365148
2022,TUR,CHN,47,75.966807,6.966807
2022,TUR,CHN,48,78.019032,6.387793
2022,TUR,CHN,49,80.1,5.8
2022,TUR,CHN,50,81.9,5.9
2022,TUR,CHN,51,85.9479,6.1983
2022,TUR,CHN,52,90.0,6.4664
2022,TUR,CHN,53,94.326449,6.157121
2022,TUR,CHN,54,98.128129,5.811729
2022,TUR,CHN,55,99.763807,4.084523
2022,TUR,CHN,56,100.6,3.2
2022,TUR,CHN,57,101.316415,2.586072
2022,TUR,CHN,58,102.0,2.0
2022,TUR,CHN,59,103.6,1.1
2022,TUR,CHN,60,103.861103,1.171415
2022,TUR,CHN,61,104.145848,1.249295
2022,TUR,CHN,62,104.482294,1.341312
2022,TUR,CHN,63,108.7023,8.3192
2022,TUR,CHN,64,110.027598,10.173186
2022,TUR,CHN,65,110.80697,11.263464
2022,TUR,CHN,66,111.0534,11.6082
2022,TUR,CHN,67,111.478346,12.523981
2022,TUR,CHN,68,112.965,15.7278
2022,TUR,CHN,69,114.338334,17.570129
2022,TUR,CHN,70,115.841059,19.666279
2022,TUR,CHN,71,116.5017,20.601113
2022,TUR,CHN,72,117.437994,21.922538
2022,TUR,CHN,73,118.030487,22.691517
2022,TUR,CHN,74,118.203464,22.930938
2022,TUR,CHN,75,118.724128,23.582665
2022,TUR,CHN,76,118.980046,23.949944
2022,TUR,CHN,77,119.33882,24.448861
2022,TUR,CHN,78,119.523707,24.707707
2022,TUR,CHN,79,119.761963,25.085599
2022,TUR,CHN,80,119.820497,25.236972
2022,TUR,CHN,81,120.0,25.7
2022,TUR,CHN,82,120.232569,26.078521
2022,TUR,CHN,83,120.787503,26.976762
2022,TUR,CHN,84,121.3,27.8
2022,TUR,CHN,85,122.23938,28.579698
2022,TUR,CHN,86,122.557297,29.38397
2022,TUR,CHN,87,122.652515,29.623632
2022,TUR,CHN,88,122.875214,30.181935
2022,TUR,CHN,89,122.878907,30.349364
2022,TUR,CHN,90,122.891141,30.901897
2022,TUR,CHN,91,122.66922,30.932268
2022,TUR,CHN,92,121.944122,31.062345
2022,NAM,BEL,0,14.475861,-22.834415
2022,NAM,BEL,1,13.80944,-22.909209
2022,NAM,BEL,2,11.0,-19.0
2022,NAM,BEL,3,6.364889,-14.374122
2022,NAM,BEL,4,3.739652,-9.720292
2022,NAM,BEL,5,2.295228,-7.159723
2022,NAM,BEL,6,0.000167,-3.091205
2022,NAM,BEL,7,-1.108984,-1.124983
2022,NAM,BEL,8,-1.743578,-2e-05
2022,NAM,BEL,9,-2.368781,1.108294
2022,NAM,BEL,10,-3.7467,1.753
2022,NAM,BEL,11,-7.5,3.5
2022,NAM,BEL,12,-11.5,5.5
2022,NAM,BEL,13,-14.5,8.5
2022,NAM,BEL,14,-17.0,11.0
2022,NAM,BEL,15,-18.0,15.0
2022,NAM,BEL,16,-18.0,21.0
2022,NAM,BEL,17,-15.128174,27.999252
2022,NAM,BEL,18,-15.145809,28.538331
2022,NAM,BEL,19,-15.172119,29.337503
2022,NAM,BEL,20,-13.9051,32.4093
2022,NAM,BEL,21,-13.32875,34.065242
2022,NAM,BEL,22,-13.114888,34.6797
2022,NAM,BEL,23,-12.839781,35.470126
2022,NAM,BEL,24,-12.761203,35.695892
2022,NAM,BEL,25,-12.608538,36.134522
2022,NAM,BEL,26,-12.493983,36.463656
2022,NAM,BEL,27,-12.32612,36.945951
2022,NAM,BEL,28,-12.262448,37.128892
2022,NAM,BEL,29,-12.131862,37.504085
2022,NAM,BEL,30,-12.057515,37.717697
2022,NAM,BEL,31,-11.81009,38.428587
2022,NAM,BEL,32,-11.664545,38.84676
2022,NAM,BEL,33,-11.158374,40.301066
2022,NAM,BEL,34,-11.070622,40.553191
2022,NAM,BEL,35,-10.289669,42.796988
2022,NAM,BEL,36,-10.167909,43.146826
2022,NAM,BEL,37,-10.063992,43.402334
2022,NAM,BEL,38,-7.987368,45.91425
2022,NAM,BEL,39,-6.698867,47.340067
2022,NAM,BEL,40,-5.5,48.6667
2022,NAM,BEL,41,-5.06401,48.799916
2022,NAM,BEL,42,-4.270518,49.042365
2022,NAM,BEL,43,-4.030414,49.115729
2022,NAM,BEL,44,-3.986163,49.129249
2022,NAM,BEL,45,-3.197043,49.370363
2022,NAM,BEL,46,-2.39189,49.616376
2022,NAM,BEL,47,-1.992006,49.738559
2022,NAM,BEL,48,-1.93365,49.75639
2022,NAM,BEL,49,-1.665743,49.838248
2022,NAM,BEL,50,-1.47977,49.895072
2022,NAM,BEL,51,-1.3,49.95
2022,NAM,BEL,52,-0.671539,50.155459
2022,NAM,BEL,53,-0.545959,50.196513
2022,NAM,BEL,54,-0.343359,50.262748
2022,NAM,BEL,55,0.39288,50.503441
2022,NAM,BEL,56,1.193894,50.765311
2022,NAM,BEL,57,1.3,50.8
2022,NAM,BEL,58,1.441366,50.849032
2022,NAM,BEL,59,1.567687,50.892845
2022,NAM,BEL,60,1.813195,50.988387
2022,NAM,BEL,61,2.1,51.1
2022,NAM,BEL,62,2.356699,51.178984
2022,NAM,BEL,63,3.4,51.5
2022,NAM,BEL,64,3.510818,51.436889
2022,NAM,BEL,65,3.677482,51.412653
2022,NAM,BEL,66,3.844528,51.354631
2022,NAM,BEL,67,3.9641,51.426
2022,NAM,BEL,68,4.0905,51.3831
2022,NAM,BEL,69,4.1894,51.3917
2022,NAM,BEL,70,4.261322,51.340907
2022,ARE,NOR,0,54.312286,24.519638
2022,ARE,NOR,1,53.953193,24.798804
2022,ARE,NOR,2,54.990692,25.321684
2022,ARE,NOR,3,55.2,25.6
2022,ARE,NOR,4,55.467372,25.778718
2022,ARE,NOR,5,55.837469,26.025658
2022,ARE,NOR,6,56.343384,26.441066
2022,ARE,NOR,7,56.547226,26.511054
2022,ARE,NOR,8,56.763061,26.422112
2022,ARE,NOR,9,56.931531,25.961959
2022,ARE,NOR,10,57.1,25.5
2022,ARE,NOR,11,59.0,24.0
2022,ARE,NOR,12,60.4,22.7
2022,ARE,NOR,13,59.0,20.0
2022,ARE,NOR,14,58.191833,18.742507
2022,ARE,NOR,15,56.876033,17.38386
2022,ARE,NOR,16,54.2,16.2
2022,ARE,NOR,17,49.5581,14.1436
2022,ARE,NOR,18,45.0,12.0
2022,ARE,NOR,19,43.746586,12.40439
2022,ARE,NOR,20,43.3,12.7
2022,ARE,NOR,21,42.541058,13.676089
2022,ARE,NOR,22,42.341309,14.509144
2022,ARE,NOR,23,41.000977,17.098792
2022,ARE,NOR,24,38.572998,20.807472
2022,ARE,NOR,25,37.786499,22.210682
2022,ARE,NOR,26,37.0,23.6
2022,ARE,NOR,27,34.5,27.0
2022,ARE,NOR,28,33.233643,28.444544
2022,ARE,NOR,29,32.6,29.7
2022,ARE,NOR,30,32.557983,30.213982
2022,ARE,NOR,31,32.382202,30.318359
2022,ARE,NOR,32,32.310104,31.102922
2022,ARE,NOR,33,32.359877,31.336373
2022,ARE,NOR,34,32.1,31.7
2022,ARE,NOR,35,30.408377,32.316071
2022,ARE,NOR,36,28.905525,32.863395
2022,ARE,NOR,37,28.212434,33.115811
2022,ARE,NOR,38,27.927542,33.219565
2022,ARE,NOR,39,26.306431,33.748752
2022,ARE,NOR,40,25.478721,34.011915
2022,ARE,NOR,41,24.926664,34.187436
2022,ARE,NOR,42,23.0,34.8
2022,ARE,NOR,43,21.407365,35.126694
2022,ARE,NOR,44,17.902084,35.845726
2022,ARE,NOR,45,16.726588,36.086854
2022,ARE,NOR,46,15.2,36.4
2022,ARE,NOR,47,13.263819,36.907095
2022,ARE,NOR,48,12.110644,37.209117
2022,ARE,NOR,49,12.086301,37.215493
2022,ARE,NOR,50,11.827836,37.283186
2022,ARE,NOR,51,11.172235,37.454891
2022,ARE,NOR,52,11.0,37.5
2022,ARE,NOR,53,10.373031,37.482087
2022,ARE,NOR,54,7.5,37.4
2022,ARE,NOR,55,3.1,37.2
2022,ARE,NOR,56,-0.366667,36.666667
2022,ARE,NOR,57,-1.62439,36.473171
2022,ARE,NOR,58,-2.244793,36.377724
2022,ARE,NOR,59,-2.590675,36.324512
2022,ARE,NOR,60,-3.264225,36.220888
2022,ARE,NOR,61,-3.683043,36.156455
2022,ARE,NOR,62,-4.7,36.0
2022,ARE,NOR,63,-5.269383,35.97289
2022,ARE,NOR,64,-5.354867,35.968819
2022,ARE,NOR,65,-5.75,35.95
2022,ARE,NOR,66,-7.26966,36.31906
2022,ARE,NOR,67,-8.219465,36.549727
2022,ARE,NOR,68,-9.25,36.8
2022,ARE,NOR,69,-9.452092,37.781589
2022,ARE,NOR,70,-9.6,38.5
2022,ARE,NOR,71,-9.9844,40.7798
2022,ARE,NOR,72,-9.5,43.0
2022,ARE,NOR,73,-9.14264,43.688493
2022,ARE,NOR,74,-9.019938,43.924891
2022,ARE,NOR,75,-8.49576,44.934776
2022,ARE,NOR,76,-7.954994,45.668797
2022,ARE,NOR,77,-6.698867,47.340067
2022,ARE,NOR,78,-5.5,48.6667
2022,ARE,NOR,79,-5.06401,48.799916
2022,ARE,NOR,80,-4.270518,49.042365
2022,ARE,NOR,81,-4.030414,49.115729
2022,ARE,NOR,82,-3.986163,49.129249
2022,ARE,NOR,83,-3.197043,49.370363
2022,ARE,NOR,84,-2.39189,49.616376
2022,ARE,NOR,85,-1.992006,49.738559
2022,ARE,NOR,86,-1.93365,49.75639
2022,ARE,NOR,87,-1.665743,49.838248
2022,ARE,NOR,88,-1.47977,49.895072
2022,ARE,NOR,89,-1.3,49.95
2022,ARE,NOR,90,-0.671539,50.155459
2022,ARE,NOR,91,-0.545959,50.196513
2022,ARE,NOR,92,-0.343359,50.262748
2022,ARE,NOR,93,0.39288,50.503441
2022,ARE,NOR,94,1.193894,50.765311
2022,ARE,NOR,95,1.3,50.8
2022,ARE,NOR,96,1.498302,50.961124
2022,ARE,NOR,97,1.648479,51.072443
2022,ARE,NOR,98,1.868984,51.235892
2022,ARE,NOR,99,2.3601,51.6089
2022,ARE,NOR,100,2.9,51.9
2022,ARE,NOR,101,2.93236,52.017517
2022,ARE,NOR,102,3.028876,52.368023
2022,ARE,NOR,103,3.207339,53.016127
2022,ARE,NOR,104,3.720947,53.5
2022,ARE,NOR,105,4.201185,53.921507
2022,ARE,NOR,106,4.33098,54.035429
2022,ARE,NOR,107,5.240728,54.960262
2022,ARE,NOR,108,5.737296,55.485746
2022,ARE,NOR,109,6.392305,56.179661
2022,ARE,NOR,110,7.3436,57.2069
2022,ARE,NOR,111,8.05,57.95
2022,ARE,NOR,112,9.6,58.6
2022,ARE,NOR,113,9.802224,58.69192
2022,ARE,NOR,114,9.94527,58.756941
2022,ARE,NOR,115,10.009312,58.786051
2022,ARE,NOR,116,10.049246,58.804203
2022,ARE,NOR,117,10.499442,59.008837
2022,ARE,NOR,118,10.7,59.1
2022,ARE,NOR,119,10.583954,59.265881
2022,ARE,NOR,120,10.562668,59.445773
2022,ARE,NOR,121,10.641289,59.574505
2022,ARE,NOR,122,10.60421,59.682128
2022,ARE,NOR,123,10.546042,59.80694
2022,ARE,NOR,124,10.649872,59.88532
2022,ARE,NOR,125,10.728836,59.902541
2022,ZAF,NLD,0,31.173706,-29.816817
2022,ZAF,NLD,1,28.5,-33.5
2022,ZAF,NLD,2,26.0,-34.5
2022,ZAF,NLD,3,22.0,-35.0
2022,ZAF,NLD,4,18.0,-35.0
2022,ZAF,NLD,5,12.499733,-28.1252
2022,ZAF,NLD,6,10.425227,-25.53227
2022,ZAF,NLD,7,7.89386,-22.368307
2022,ZAF,NLD,8,5.653262,-19.567777
2022,ZAF,NLD,9,3.542734,-16.929822
2022,ZAF,NLD,10,1.7833,-14.7307
2022,ZAF,NLD,11,0.000405,-12.501846
2022,ZAF,NLD,12,-1.100476,-11.1256
2022,ZAF,NLD,13,-1.989182,-10.0146
2022,ZAF,NLD,14,-5.531121,-5.586708
2022,ZAF,NLD,15,-10.0,-2e-05
2022,ZAF,NLD,16,-13.4277,5.5302
2022,ZAF,NLD,17,-17.0,11.0
2022,ZAF,NLD,18,-18.0,15.0
2022,ZAF,NLD,19,-18.0,21.0
2022,ZAF,NLD,20,-15.128174,27.999252
2022,ZAF,NLD,21,-15.145809,28.538331
2022,ZAF,NLD,22,-15.172119,29.337503
2022,ZAF,NLD,23,-13.9051,32.4093
2022,ZAF,NLD,24,-13.32875,34.065242
2022,ZAF,NLD,25,-13.114888,34.6797
2022,ZAF,NLD,26,-12.839781,35.470126
2022,ZAF,NLD,27,-12.761203,35.695892
2022,ZAF,NLD,28,-12.608538,36.134522
2022,ZAF,NLD,29,-12.493983,36.463656
2022,ZAF,NLD,30,-12.32612,36.945951
2022,ZAF,NLD,31,-12.262448,37.128892
2022,ZAF,NLD,32,-12.131862,37.504085
2022,ZAF,NLD,33,-12.057515,37.717697
2022,ZAF,NLD,34,-11.81009,38.428587
2022,ZAF,NLD,35,-11.664545,38.84676
2022,ZAF,NLD,36,-11.158374,40.301066
2022,ZAF,NLD,37,-11.070622,40.553191
2022,ZAF,NLD,38,-10.289669,42.796988
2022,ZAF,NLD,39,-10.167909,43.146826
2022,ZAF,NLD,40,-10.063992,43.402334
2022,ZAF,NLD,41,-7.987368,45.91425
2022,ZAF,NLD,42,-6.698867,47.340067
2022,ZAF,NLD,43,-5.5,48.6667
2022,ZAF,NLD,44,-5.06401,48.799916
2022,ZAF,NLD,45,-4.270518,49.042365
2022,ZAF,NLD,46,-4.030414,49.115729
2022,ZAF,NLD,47,-3.986163,49.129249
2022,ZAF,NLD,48,-3.197043,49.370363
2022,ZAF,NLD,49,-2.39189,49.616376
2022,ZAF,NLD,50,-1.992006,49.738559
2022,ZAF,NLD,51,-1.93365,49.75639
2022,ZAF,NLD,52,-1.665743,49.838248
2022,ZAF,NLD,53,-1.47977,49.895072
2022,ZAF,NLD,54,-1.3,49.95
2022,ZAF,NLD,55,-0.671539,50.155459
2022,ZAF,NLD,56,-0.545959,50.196513
2022,ZAF,NLD,57,-0.343359,50.262748
2022,ZAF,NLD,58,0.39288,50.503441
2022,ZAF,NLD,59,1.193894,50.765311
2022,ZAF,NLD,60,1.3,50.8
2022,ZAF,NLD,61,1.441366,50.849032
2022,ZAF,NLD,62,1.567687,50.892845
2022,ZAF,NLD,63,1.813195,50.988387
2022,ZAF,NLD,64,2.1,51.1
2022,ZAF,NLD,65,2.356699,51.178984
2022,ZAF,NLD,66,3.4,51.5
2022,ZAF,NLD,67,3.559619,51.659619
2022,ZAF,NLD,68,3.9,52.0
2022,ZAF,NLD,69,4.069748,51.987629
2022,ZAF,NLD,70,4.151802,51.961827
2022,ZAF,NLD,71,4.230423,51.922673
2022,ZAF,NLD,72,4.289818,51.89641
2022,ZAF,NLD,73,4.32827,51.89302
2022,ZAF,NLD,74,4.369469,51.900223
2022,SGP,NLD,0,103.763466,1.259893
2022,SGP,NLD,1,103.658066,1.197766
2022,SGP,NLD,2,103.6,1.1
2022,SGP,NLD,3,102.0,2.0
2022,SGP,NLD,4,101.316415,2.586072
2022,SGP,NLD,5,100.6,3.2
2022,SGP,NLD,6,99.763807,4.084523
2022,SGP,NLD,7,98.128129,5.811729
2022,SGP,NLD,8,94.326449,6.157121
2022,SGP,NLD,9,90.0,6.4664
2022,SGP,NLD,10,85.9479,6.1983
2022,SGP,NLD,11,81.9,5.9
2022,SGP,NLD,12,80.1,5.8
2022,SGP,NLD,13,78.019032,6.387793
2022,SGP,NLD,14,75.966807,6.966807
2022,SGP,NLD,15,70.817426,8.365148
2022,SGP,NLD,16,69.999915,8.582747
2022,SGP,NLD,17,69.671733,8.6701
2022,SGP,NLD,18,69.3291,8.7613
2022,SGP,NLD,19,68.858995,8.881605
2022,SGP,NLD,20,65.7044,9.6889
2022,SGP,NLD,21,64.992809,9.862937
2022,SGP,NLD,22,64.698862,9.934828
2022,SGP,NLD,23,64.303249,10.031585
2022,SGP,NLD,24,62.0601,10.5802
2022,SGP,NLD,25,60.825733,10.866984
2022,SGP,NLD,26,59.894005,11.083455
2022,SGP,NLD,27,55.041504,12.747516
2022,SGP,NLD,28,53.61885,13.300009
2022,SGP,NLD,29,50.856149,12.884027
2022,SGP,NLD,30,45.0,12.0
2022,SGP,NLD,31,43.746586,12.40439
2022,SGP,NLD,32,43.3,12.7
2022,SGP,NLD,33,42.541058,13.676089
2022,SGP,NLD,34,42.341309,14.509144
2022,SGP,NLD,35,41.000977,17.098792
2022,SGP,NLD,36,38.572998,20.807472
2022,SGP,NLD,37,37.786499,22.210682
2022,SGP,NLD,38,37.0,23.6
2022,SGP,NLD,39,34.5,27.0
2022,SGP,NLD,40,33.233643,28.444544
2022,SGP,NLD,41,32.6,29.7
2022,SGP,NLD,42,32.557983,30.213982
2022,SGP,NLD,43,32.382202,30.318359
2022,SGP,NLD,44,32.310104,31.102922
2022,SGP,NLD,45,32.359877,31.336373
2022,SGP,NLD,46,32.1,31.7
2022,SGP,NLD,47,30.408377,32.316071
2022,SGP,NLD,48,28.905525,32.863395
2022,SGP,NLD,49,28.212434,33.115811
2022,SGP,NLD,50,27.927542,33.219565
2022,SGP,NLD,51,26.306431,33.748752
2022,SGP,NLD,52,25.478721,34.011915
2022,SGP,NLD,53,24.926664,34.187436
2022,SGP,NLD,54,23.0,34.8
2022,SGP,NLD,55,21.407365,35.126694
2022,SGP,NLD,56,17.902084,35.845726
2022,SGP,NLD,57,16.726588,36.086854
2022,SGP,NLD,58,15.2,36.4
2022,SGP,NLD,59,13.263819,36.907095
2022,SGP,NLD,60,12.110644,37.209117
2022,SGP,NLD,61,12.086301,37.215493
2022,SGP,NLD,62,11.827836,37.283186
2022,SGP,NLD,63,11.172235,37.454891
2022,SGP,NLD,64,11.0,37.5
2022,SGP,NLD,65,10.373031,37.482087
2022,SGP,NLD,66,7.5,37.4
2022,SGP,NLD,67,3.1,37.2
2022,SGP,NLD,68,-0.366667,36.666667
2022,SGP,NLD,69,-1.62439,36.473171
2022,SGP,NLD,70,-2.244793,36.377724
2022,SGP,NLD,71,-2.590675,36.324512
2022,SGP,NLD,72,-3.264225,36.220888
2022,SGP,NLD,73,-3.683043,36.156455
2022,SGP,NLD,74,-4.7,36.0
2022,SGP,NLD,75,-5.269383,35.97289
2022,SGP,NLD,76,-5.354867,35.968819
2022,SGP,NLD,77,-5.75,35.95
2022,SGP,NLD,78,-7.26966,36.31906
2022,SGP,NLD,79,-8.219465,36.549727
2022,SGP,NLD,80,-9.25,36.8
2022,SGP,NLD,81,-9.452092,37.781589
2022,SGP,NLD,82,-9.6,38.5
2022,SGP,NLD,83,-9.9844,40.7798
2022,SGP,NLD,84,-9.5,43.0
2022,SGP,NLD,85,-9.14264,43.688493
2022,SGP,NLD,86,-9.019938,43.924891
2022,SGP,NLD,87,-8.49576,44.934776
2022,SGP,NLD,88,-7.954994,45.668797
2022,SGP,NLD,89,-6.698867,47.340067
2022,SGP,NLD,90,-5.5,48.6667
2022,SGP,NLD,91,-5.06401,48.799916
2022,SGP,NLD,92,-4.270518,49.042365
2022,SGP,NLD,93,-4.030414,49.115729
2022,SGP,NLD,94,-3.986163,49.129249
2022,SGP,NLD,95,-3.197043,49.370363
2022,SGP,NLD,96,-2.39189,49.616376
2022,SGP,NLD,97,-1.992006,49.738559
2022,SGP,NLD,98,-1.93365,49.75639
2022,SGP,NLD,99,-1.665743,49.838248
2022,SGP,NLD,100,-1.47977,49.895072
2022,SGP,NLD,101,-1.3,49.95
2022,SGP,NLD,102,-0.671539,50.155459
2022,SGP,NLD,103,-0.545959,50.196513
2022,SGP,NLD,104,-0.343359,50.262748
2022,SGP,NLD,105,0.39288,50.503441
2022,SGP,NLD,106,1.193894,50.765311
2022,SGP,NLD,107,1.3,50.8
2022,SGP,NLD,108,1.441366,50.849032
2022,SGP,NLD,109,1.567687,50.892845
2022,SGP,NLD,110,1.813195,50.988387
2022,SGP,NLD,111,2.1,51.1
2022,SGP,NLD,112,2.356699,51.178984
2022,SGP,NLD,113,3.4,51.5
2022,SGP,NLD,114,3.559619,51.659619
2022,SGP,NLD,115,3.9,52.0
2022,SGP,NLD,116,4.069748,51.987629
2022,SGP,NLD,117,4.151802,51.961827
2022,SGP,NLD,118,4.230423,51.922673
2022,SGP,NLD,119,4.289818,51.89641
2022,SGP,NLD,120,4.32827,51.89302
2022,SGP,NLD,121,4.369469,51.900223
2022,AUS,NLD,0,118.6,-19.6
2022,AUS,NLD,1,116.664478,-20.18796
2022,AUS,NLD,2,114.5,-20.9
2022,AUS,NLD,3,113.379129,-21.524903
2022,AUS,NLD,4,112.686952,-21.910802
2022,AUS,NLD,5,111.835796,-22.385334
2022,AUS,NLD,6,110.809354,-22.957591
2022,AUS,NLD,7,110.632363,-22.913768
2022,AUS,NLD,8,106.4209,-21.871
2022,AUS,NLD,9,100.0,-20.0
2022,AUS,NLD,10,90.0,-20.0
2022,AUS,NLD,11,86.989753,-17.784076
2022,AUS,NLD,12,84.280892,-15.879421
2022,AUS,NLD,13,82.853149,-14.861447
2022,AUS,NLD,14,80.00045,-12.813894
2022,AUS,NLD,15,78.415232,-11.663869
2022,AUS,NLD,16,76.167517,-10.028129
2022,AUS,NLD,17,74.86096,-9.062149
2022,AUS,NLD,18,72.534164,-7.335598
2022,AUS,NLD,19,71.143256,-6.071941
2022,AUS,NLD,20,70.0003,-5.001776
2022,AUS,NLD,21,67.449371,-2.586972
2022,AUS,NLD,22,66.998946,-2.158083
2022,AUS,NLD,23,64.901577,-0.16069
2022,AUS,NLD,24,64.732936,-1.1e-05
2022,AUS,NLD,25,62.291959,2.325
2022,AUS,NLD,26,60.528485,3.996958
2022,AUS,NLD,27,59.99973,4.498272
2022,AUS,NLD,28,57.133366,7.184484
2022,AUS,NLD,29,52.3,11.6
2022,AUS,NLD,30,50.856149,12.884027
2022,AUS,NLD,31,45.0,12.0
2022,AUS,NLD,32,43.746586,12.40439
2022,AUS,NLD,33,43.3,12.7
2022,AUS,NLD,34,42.541058,13.676089
2022,AUS,NLD,35,42.341309,14.509144
2022,AUS,NLD,36,41.000977,17.098792
2022,AUS,NLD,37,38.572998,20.807472
2022,AUS,NLD,38,37.786499,22.210682
2022,AUS,NLD,39,37.0,23.6
2022,AUS,NLD,40,34.5,27.0
2022,AUS,NLD,41,33.233643,28.444544
2022,AUS,NLD,42,32.6,29.7
2022,AUS,NLD,43,32.557983,30.213982
2022,AUS,NLD,44,32.382202,30.318359
2022,AUS,NLD,45,32.310104,31.102922
2022,AUS,NLD,46,32.359877,31.336373
2022,AUS,NLD,47,32.1,31.7
2022,AUS,NLD,48,30.408377,32.316071
2022,AUS,NLD,49,28.905525,32.863395
2022,AUS,NLD,50,28.212434,33.115811
2022,AUS,NLD,51,27.927542,33.219565
2022,AUS,NLD,52,26.306431,33.748752
2022,AUS,NLD,53,25.478721,34.011915
2022,AUS,NLD,54,24.926664,34.187436
2022,AUS,NLD,55,23.0,34.8
2022,AUS,NLD,56,21.407365,35.126694
2022,AUS,NLD,57,17.902084,35.845726
2022,AUS,NLD,58,16.726588,36.086854
2022,AUS,NLD,59,15.2,36.4
2022,AUS,NLD,60,13.263819,36.907095
2022,AUS,NLD,61,12.110644,37.209117
2022,AUS,NLD,62,12.086301,37.215493
2022,AUS,NLD,63,11.827836,37.283186
2022,AUS,NLD,64,11.172235,37.454891
2022,AUS,NLD,65,11.0,37.5
2022,AUS,NLD,66,10.373031,37.482087
2022,AUS,NLD,67,7.5,37.4
2022,AUS,NLD,68,3.1,37.2
2022,AUS,NLD,69,-0.366667,36.666667
2022,AUS,NLD,70,-1.62439,36.473171
2022,AUS,NLD,71,-2.244793,36.377724
2022,AUS,NLD,72,-2.590675,36.324512
2022,AUS,NLD,73,-3.264225,36.220888
2022,AUS,NLD,74,-3.683043,36.156455
2022,AUS,NLD,75,-4.7,36.0
2022,AUS,NLD,76,-5.269383,35.97289
2022,AUS,NLD,77,-5.354867,35.968819
2022,AUS,NLD,78,-5.75,35.95
2022,AUS,NLD,79,-7.26966,36.31906
2022,AUS,NLD,80,-8.219465,36.549727
2022,AUS,NLD,81,-9.25,36.8
2022,AUS,NLD,82,-9.452092,37.781589
2022,AUS,NLD,83,-9.6,38.5
2022,AUS,NLD,84,-9.9844,40.7798
2022,AUS,NLD,85,-9.5,43.0
2022,AUS,NLD,86,-9.14264,43.688493
2022,AUS,NLD,87,-9.019938,43.924891
2022,AUS,NLD,88,-8.49576,44.934776
2022,AUS,NLD,89,-7.954994,45.668797
2022,AUS,NLD,90,-6.698867,47.340067
2022,AUS,NLD,91,-5.5,48.6667
2022,AUS,NLD,92,-5.06401,48.799916
2022,AUS,NLD,93,-4.270518,49.042365
2022,AUS,NLD,94,-4.030414,49.115729
2022,AUS,NLD,95,-3.986163,49.129249
2022,AUS,NLD,96,-3.197043,49.370363
2022,AUS,NLD,97,-2.39189,49.616376
2022,AUS,NLD,98,-1.992006,49.738559
2022,AUS,NLD,99,-1.93365,49.75639
2022,AUS,NLD,100,-1.665743,49.838248
2022,AUS,NLD,101,-1.47977,49.895072
2022,AUS,NLD,102,-1.3,49.95
2022,AUS,NLD,103,-0.671539,50.155459
2022,AUS,NLD,104,-0.545959,50.196513
2022,AUS,NLD,105,-0.343359,50.262748
2022,AUS,NLD,106,0.39288,50.503441
2022,AUS,NLD,107,1.193894,50.765311
2022,AUS,NLD,108,1.3,50.8
2022,AUS,NLD,109,1.441366,50.849032
2022,AUS,NLD,110,1.567687,50.892845
2022,AUS,NLD,111,1.813195,50.988387
2022,AUS,NLD,112,2.1,51.1
2022,AUS,NLD,113,2.356699,51.178984
2022,AUS,NLD,114,3.4,51.5
2022,AUS,NLD,115,3.559619,51.659619
2022,AUS,NLD,116,3.9,52.0
2022,AUS,NLD,117,4.069748,51.987629
2022,AUS,NLD,118,4.151802,51.961827
2022,AUS,NLD,119,4.230423,51.922673
2022,AUS,NLD,120,4.289818,51.89641
2022,AUS,NLD,121,4.32827,51.89302
2022,AUS,NLD,122,4.369469,51.900223
2022,RUS,USA,0,30.172577,59.920613
2022,RUS,USA,1,27.89978,60.17977
2022,RUS,USA,2,27.125244,59.95226
2022,RUS,USA,3,26.240845,59.971508
2022,RUS,USA,4,24.7,59.8
2022,RUS,USA,5,24.011424,59.701632
2022,RUS,USA,6,22.6,59.5
2022,RUS,USA,7,20.6,58.2
2022,RUS,USA,8,18.118532,56.645032
2022,RUS,USA,9,17.0,56.4
2022,RUS,USA,10,16.209967,55.954553
2022,RUS,USA,11,15.80658,55.72711
2022,RUS,USA,12,14.374661,55.229033
2022,RUS,USA,13,13.836081,55.240216
2022,RUS,USA,14,13.229812,55.252805
2022,RUS,USA,15,12.974851,55.258099
2022,RUS,USA,16,12.68255,55.305583
2022,RUS,USA,17,12.700195,55.514637
2022,RUS,USA,18,12.75,55.9
2022,RUS,USA,19,12.629725,56.063887
2022,RUS,USA,20,12.409121,56.337379
2022,RUS,USA,21,12.409118,56.337382
2022,RUS,USA,22,11.988567,56.905254
2022,RUS,USA,23,11.4,57.7
2022,RUS,USA,24,10.7333,57.8
2022,RUS,USA,25,9.973674,57.861058
2022,RUS,USA,26,9.916106,57.865686
2022,RUS,USA,27,9.754772,57.878654
2022,RUS,USA,28,8.05,57.95
2022,RUS,USA,29,5.95,58.0
2022,RUS,USA,30,4.598436,58.068003
2022,RUS,USA,31,3.831853,58.106573
2022,RUS,USA,32,0.800855,58.439728
2022,RUS,USA,33,-0.657457,58.531538
2022,RUS,USA,34,-1.247855,58.568708
2022,RUS,USA,35,-1.882382,58.608655
2022,RUS,USA,36,-2.874305,58.649909
2022,RUS,USA,37,-3.397818,58.762202
2022,RUS,USA,38,-4.799483,58.7
2022,RUS,USA,39,-5.2,58.7
2022,RUS,USA,40,-5.720463,58.67623
2022,RUS,USA,41,-5.722863,58.67612
2022,RUS,USA,42,-5.723212,58.676105
2022,RUS,USA,43,-6.489458,58.64111
2022,RUS,USA,44,-10.1362,58.47456
2022,RUS,USA,45,-11.841927,58.396659
2022,RUS,USA,46,-15.775448,57.509738
2022,RUS,USA,47,-17.061319,57.214364
2022,RUS,USA,48,-18.562576,56.869513
2022,RUS,USA,49,-20.002982,56.53398
2022,RUS,USA,50,-25.001623,55.193677
2022,RUS,USA,51,-25.711132,55.003434
2022,RUS,USA,52,-26.9129,54.6812
2022,RUS,USA,53,-30.003101,53.607151
2022,RUS,USA,54,-30.964823,53.272889
2022,RUS,USA,55,-32.596784,52.705674
2022,RUS,USA,56,-33.785385,52.292557
2022,RUS,USA,57,-40.0,50.0
2022,RUS,USA,58,-41.658626,48.508366
2022,RUS,USA,59,-45.109081,45.405304
2022,RUS,USA,60,-45.319011,45.21651
2022,RUS,USA,61,-47.493255,42.807466
2022,RUS,USA,62,-49.417076,40.652855
2022,RUS,USA,63,-50.0,40.0
2022,RUS,USA,64,-55.000024,35.385732
2022,RUS,USA,65,-55.3052,35.1041
2022,RUS,USA,66,-55.856709,34.50451
2022,RUS,USA,67,-55.861059,34.499781
2022,RUS,USA,68,-57.742406,32.454415
2022,RUS,USA,69,-57.765496,32.429312
2022,RUS,USA,70,-60.0,30.0
2022,RUS,USA,71,-60.223798,29.75575
2022,RUS,USA,72,-61.33976,28.537799
2022,RUS,USA,73,-62.306029,27.483223
2022,RUS,USA,74,-64.634,24.9425
2022,RUS,USA,75,-64.647219,24.92641
2022,RUS,USA,76,-66.572194,22.583364
2022,RUS,USA,77,-66.320768,20.154246
2022,RUS,USA,78,-66.441166,20.032
2022,RUS,USA,79,-66.504998,19.967188
2022,RUS,USA,80,-66.605655,19.864985
2022,RUS,USA,81,-66.628548,19.841741
2022,RUS,USA,82,-66.667107,19.80259
2022,RUS,USA,83,-66.754064,19.714298
2022,RUS,USA,84,-66.934172,19.531425
2022,RUS,USA,85,-67.057838,19.40586
2022,RUS,USA,86,-67.097137,19.365958
2022,RUS,USA,87,-67.331093,19.128409
2022,RUS,USA,88,-67.95,18.5
2022,RUS,USA,89,-68.615112,17.952606
2022,RUS,USA,90,-69.75,17.5
2022,RUS,USA,91,-71.173962,16.455021
2022,RUS,USA,92,-71.579995,16.157053
2022,RUS,USA,93,-72.224911,15.683779
2022,RUS,USA,94,-72.249859,15.665471
2022,RUS,USA,95,-73.284043,14.906532
2022,RUS,USA,96,-74.9584,13.6778
2022,RUS,USA,97,-74.970687,13.668227
2022,RUS,USA,98,-80.0,9.75
2022,RUS,USA,99,-79.900612,9.208176
2022,RUS,USA,100,-79.821304,9.173012
2022,RUS,USA,101,-79.803246,9.118307
2022,RUS,USA,102,-79.741379,9.118236
2022,RUS,USA,103,-79.689331,9.10639
2022,RUS,USA,104,-79.641747,9.035982
2022,RUS,USA,105,-79.585922,8.992656
2022,RUS,USA,106,-79.494118,8.796576
2022,RUS,USA,107,-79.5,8.6
2022,RUS,USA,108,-79.672852,7.422389
2022,RUS,USA,109,-80.227822,6.983728
2022,RUS,USA,110,-81.4,6.9
2022,RUS,USA,111,-82.8,7.4167
2022,RUS,USA,112,-87.997356,10.035818
2022,RUS,USA,113,-89.110835,10.580401
2022,RUS,USA,114,-90.991341,11.48884
2022,RUS,USA,115,-99.913376,15.63055
2022,RUS,USA,116,-99.9,16.5
2022,RUS,USA,117,-103.40332,17.983958
2022,RUS,USA,118,-106.489938,20.102998
2022,RUS,USA,119,-109.7,22.5
2022,RUS,USA,120,-112.510986,24.716895
2022,RUS,USA,121,-115.2,27.5
2022,RUS,USA,122,-117.3,32.7
2022,RUS,USA,123,-117.435608,33.167445
2022,RUS,USA,124,-118.1215,33.6276
2022,RUS,USA,125,-118.194489,33.703898
2022,ARE,DEU,0,54.312286,24.519638
2022,ARE,DEU,1,53.953193,24.798804
2022,ARE,DEU,2,54.990692,25.321684
2022,ARE,DEU,3,55.2,25.6
2022,ARE,DEU,4,55.467372,25.778718
2022,ARE,DEU,5,55.837469,26.025658
2022,ARE,DEU,6,56.343384,26.441066
2022,ARE,DEU,7,56.547226,26.511054
2022,ARE,DEU,8,56.763061,26.422112
2022,ARE,DEU,9,56.931531,25.961959
2022,ARE,DEU,10,57.1,25.5
2022,ARE,DEU,11,59.0,24.0
2022,ARE,DEU,12,60.4,22.7
2022,ARE,DEU,13,59.0,20.0
2022,ARE,DEU,14,58.191833,18.742507
2022,ARE,DEU,15,56.876033,17.38386
2022,ARE,DEU,16,54.2,16.2
2022,ARE,DEU,17,49.5581,14.1436
2022,ARE,DEU,18,45.0,12.0
2022,ARE,DEU,19,43.746586,12.40439
2022,ARE,DEU,20,43.3,12.7
2022,ARE,DEU,21,42.541058,13.676089
2022,ARE,DEU,22,42.341309,14.509144
2022,ARE,DEU,23,41.000977,17.098792
2022,ARE,DEU,24,38.572998,20.807472
2022,ARE,DEU,25,37.786499,22.210682
2022,ARE,DEU,26,37.0,23.6
2022,ARE,DEU,27,34.5,27.0
2022,ARE,DEU,28,33.233643,28.444544
2022,ARE,DEU,29,32.6,29.7
2022,ARE,DEU,30,32.557983,30.213982
2022,ARE,DEU,31,32.382202,30.318359
2022,ARE,DEU,32,32.310104,31.102922
2022,ARE,DEU,33,32.359877,31.336373
2022,ARE,DEU,34,32.1,31.7
2022,ARE,DEU,35,30.408377,32.316071
2022,ARE,DEU,36,28.905525,32.863395
2022,ARE,DEU,37,28.212434,33.115811
2022,ARE,DEU,38,27.927542,33.219565
2022,ARE,DEU,39,26.306431,33.748752
2022,ARE,DEU,40,25.478721,34.011915
2022,ARE,DEU,41,24.926664,34.187436
2022,ARE,DEU,42,23.0,34.8
2022,ARE,DEU,43,21.407365,35.126694
2022,ARE,DEU,44,17.902084,35.845726
2022,ARE,DEU,45,16.726588,36.086854
2022,ARE,DEU,46,15.2,36.4
2022,ARE,DEU,47,13.263819,36.907095
2022,ARE,DEU,48,12.110644,37.209117
2022,ARE,DEU,49,12.086301,37.215493
2022,ARE,DEU,50,11.827836,37.283186
2022,ARE,DEU,51,11.172235,37.454891
2022,ARE,DEU,52,11.0,37.5
2022,ARE,DEU,53,10.373031,37.482087
2022,ARE,DEU,54,7.5,37.4
2022,ARE,DEU,55,3.1,37.2
2022,ARE,DEU,56,-0.366667,36.666667
2022,ARE,DEU,57,-1.62439,36.473171
2022,ARE,DEU,58,-2.244793,36.377724
2022,ARE,DEU,59,-2.590675,36.324512
2022,ARE,DEU,60,-3.264225,36.220888
2022,ARE,DEU,61,-3.683043,36.156455
2022,ARE,DEU,62,-4.7,36.0
2022,ARE,DEU,63,-5.269383,35.97289
2022,ARE,DEU,64,-5.354867,35.968819
2022,ARE,DEU,65,-5.75,35.95
2022,ARE,DEU,66,-7.26966,36.31906
2022,ARE,DEU,67,-8.219465,36.549727
2022,ARE,DEU,68,-9.25,36.8
2022,ARE,DEU,69,-9.452092,37.781589
2022,ARE,DEU,70,-9.6,38.5
2022,ARE,DEU,71,-9.9844,40.7798
2022,ARE,DEU,72,-9.5,43.0
2022,ARE,DEU,73,-9.14264,43.688493
2022,ARE,DEU,74,-9.019938,43.924891
2022,ARE,DEU,75,-8.49576,44.934776
2022,ARE,DEU,76,-7.954994,45.668797
2022,ARE,DEU,77,-6.698867,47.340067
2022,ARE,DEU,78,-5.5,48.6667
2022,ARE,DEU,79,-5.06401,48.799916
2022,ARE,DEU,80,-4.270518,49.042365
2022,ARE,DEU,81,-4.030414,49.115729
2022,ARE,DEU,82,-3.986163,49.129249
2022,ARE,DEU,83,-3.197043,49.370363
2022,ARE,DEU,84,-2.39189,49.616376
2022,ARE,DEU,85,-1.992006,49.738559
2022,ARE,DEU,86,-1.93365,49.75639
2022,ARE,DEU,87,-1.665743,49.838248
2022,ARE,DEU,88,-1.47977,49.895072
2022,ARE,DEU,89,-1.3,49.95
2022,ARE,DEU,90,-0.671539,50.155459
2022,ARE,DEU,91,-0.545959,50.196513
2022,ARE,DEU,92,-0.343359,50.262748
2022,ARE,DEU,93,0.39288,50.503441
2022,ARE,DEU,94,1.193894,50.765311
2022,ARE,DEU,95,1.3,50.8
2022,ARE,DEU,96,1.498302,50.961124
2022,ARE,DEU,97,1.648479,51.072443
2022,ARE,DEU,98,1.868984,51.235892
2022,ARE,DEU,99,2.3601,51.6089
2022,ARE,DEU,100,2.9,51.9
2022,ARE,DEU,101,3.044362,52.01549
2022,ARE,DEU,102,3.327388,52.241911
2022,ARE,DEU,103,3.900173,52.700139
2022,ARE,DEU,104,4.9,53.5
2022,ARE,DEU,105,6.384053,53.685507
2022,ARE,DEU,106,8.25,53.9
2022,ARE,DEU,107,8.745294,53.909831
2022,ARE,DEU,108,9.041942,53.874321
2022,ARE,DEU,109,9.227347,53.877053
2022,ARE,DEU,110,9.336273,53.840148
2022,ARE,DEU,111,9.39653,53.775829
2022,ARE,DEU,112,9.496185,53.710038
2022,ARE,DEU,113,9.535584,53.633153
2022,ARE,DEU,114,9.632921,53.583652
2022,ARE,DEU,115,9.751117,53.55475
2022,ARE,DEU,116,9.927252,53.545112
2022,ZMB,CHN,0,34.788208,-19.87006
2022,ZMB,CHN,1,35.408936,-20.004322
2022,ZMB,CHN,2,38.8889,-17.5205
2022,ZMB,CHN,3,41.7,-15.0
2022,ZMB,CHN,4,43.0,-12.0
2022,ZMB,CHN,5,43.780518,-12.044693
2022,ZMB,CHN,6,50.0,-10.0
2022,ZMB,CHN,7,54.286051,-10.031461
2022,ZMB,CHN,8,60.0,-10.0
2022,ZMB,CHN,9,64.451991,-10.032679
2022,ZMB,CHN,10,64.9998,-10.0367
2022,ZMB,CHN,11,65.054317,-10.0363
2022,ZMB,CHN,12,67.59807,-10.017629
2022,ZMB,CHN,13,70.0,-10.0
2022,ZMB,CHN,14,73.630427,-10.016558
2022,ZMB,CHN,15,74.86096,-9.062149
2022,ZMB,CHN,16,75.615874,-8.45337
2022,ZMB,CHN,17,80.0,-4.954142
2022,ZMB,CHN,18,82.695228,-2.733196
2022,ZMB,CHN,19,86.112347,-1e-05
2022,ZMB,CHN,20,88.040723,1.4295
2022,ZMB,CHN,21,94.326449,6.157121
2022,ZMB,CHN,22,98.128129,5.811729
2022,ZMB,CHN,23,99.763807,4.084523
2022,ZMB,CHN,24,100.6,3.2
2022,ZMB,CHN,25,101.316415,2.586072
2022,ZMB,CHN,26,102.0,2.0
2022,ZMB,CHN,27,103.6,1.1
2022,ZMB,CHN,28,103.861103,1.171415
2022,ZMB,CHN,29,104.145848,1.249295
2022,ZMB,CHN,30,104.482294,1.341312
2022,ZMB,CHN,31,108.7023,8.3192
2022,ZMB,CHN,32,110.027598,10.173186
2022,ZMB,CHN,33,110.80697,11.263464
2022,ZMB,CHN,34,111.0534,11.6082
2022,ZMB,CHN,35,111.478346,12.523981
2022,ZMB,CHN,36,112.965,15.7278
2022,ZMB,CHN,37,114.338334,17.570129
2022,ZMB,CHN,38,115.841059,19.666279
2022,ZMB,CHN,39,116.5017,20.601113
2022,ZMB,CHN,40,117.437994,21.922538
2022,ZMB,CHN,41,118.030487,22.691517
2022,ZMB,CHN,42,118.203464,22.930938
2022,ZMB,CHN,43,118.724128,23.582665
2022,ZMB,CHN,44,118.980046,23.949944
2022,ZMB,CHN,45,119.33882,24.448861
2022,ZMB,CHN,46,119.523707,24.707707
2022,ZMB,CHN,47,119.761963,25.085599
2022,ZMB,CHN,48,119.820497,25.236972
2022,ZMB,CHN,49,120.0,25.7
2022,ZMB,CHN,50,120.232569,26.078521
2022,ZMB,CHN,51,120.787503,26.976762
2022,ZMB,CHN,52,121.3,27.8
2022,ZMB,CHN,53,122.23938,28.579698
2022,ZMB,CHN,54,122.557297,29.38397
2022,ZMB,CHN,55,122.652515,29.623632
2022,ZMB,CHN,56,122.875214,30.181935
2022,ZMB,CHN,57,122.878907,30.349364
2022,ZMB,CHN,58,122.891141,30.901897
2022,ZMB,CHN,59,122.66922,30.932268
2022,ZMB,CHN,60,121.944122,31.062345
2022,MYS,CHN,0,101.351624,2.99927
2022,MYS,CHN,1,101.34613,3.074695
2022,MYS,CHN,2,101.273346,3.12269
2022,MYS,CHN,3,100.6,3.2
2022,MYS,CHN,4,101.316415,2.586072
2022,MYS,CHN,5,102.0,2.0
2022,MYS,CHN,6,103.6,1.1
2022,MYS,CHN,7,103.861103,1.171415
2022,MYS,CHN,8,104.145848,1.249295
2022,MYS,CHN,9,104.482294,1.341312
2022,MYS,CHN,10,108.7023,8.3192
2022,MYS,CHN,11,110.027598,10.173186
2022,MYS,CHN,12,110.80697,11.263464
2022,MYS,CHN,13,111.0534,11.6082
2022,MYS,CHN,14,111.478346,12.523981
2022,MYS,CHN,15,112.965,15.7278
2022,MYS,CHN,16,114.338334,17.570129
2022,MYS,CHN,17,115.841059,19.666279
2022,MYS,CHN,18,116.5017,20.601113
2022,MYS,CHN,19,117.437994,21.922538
2022,MYS,CHN,20,118.030487,22.691517
2022,MYS,CHN,21,118.203464,22.930938
2022,MYS,CHN,22,118.724128,23.582665
2022,MYS,CHN,23,118.980046,23.949944
2022,MYS,CHN,24,119.33882,24.448861
2022,MYS,CHN,25,119.523707,24.707707
2022,MYS,CHN,26,119.761963,25.085599
2022,MYS,CHN,27,119.820497,25.236972
2022,MYS,CHN,28,120.0,25.7
2022,MYS,CHN,29,120.232569,26.078521
2022,MYS,CHN,30,120.787503,26.976762
2022,MYS,CHN,31,121.3,27.8
2022,MYS,CHN,32,122.23938,28.579698
2022,MYS,CHN,33,122.557297,29.38397
2022,MYS,CHN,34,122.652515,29.623632
2022,MYS,CHN,35,122.875214,30.181935
2022,MYS,CHN,36,122.878907,30.349364
2022,MYS,CHN,37,122.891141,30.901897
2022,MYS,CHN,38,122.66922,30.932268
2022,MYS,CHN,39,121.944122,31.062345
2022,NOR,USA,0,10.728836,59.902541
2022,NOR,USA,1,10.649872,59.88532
2022,NOR,USA,2,10.546042,59.80694
2022,NOR,USA,3,10.60421,59.682128
2022,NOR,USA,4,10.641289,59.574505
2022,NOR,USA,5,10.562668,59.445773
2022,NOR,USA,6,10.583954,59.265881
2022,NOR,USA,7,10.7,59.1
2022,NOR,USA,8,10.499442,59.008837
2022,NOR,USA,9,10.049246,58.804203
2022,NOR,USA,10,10.009312,58.786051
2022,NOR,USA,11,9.94527,58.756941
2022,NOR,USA,12,9.802224,58.69192
2022,NOR,USA,13,9.6,58.6
2022,NOR,USA,14,8.05,57.95
2022,NOR,USA,15,5.95,58.0
2022,NOR,USA,16,4.598436,58.068003
2022,NOR,USA,17,3.831853,58.106573
2022,NOR,USA,18,0.800855,58.439728
2022,NOR,USA,19,-0.657457,58.531538
2022,NOR,USA,20,-1.247855,58.568708
2022,NOR,USA,21,-1.882382,58.608655
2022,NOR,USA,22,-2.874305,58.649909
2022,NOR,USA,23,-3.397818,58.762202
2022,NOR,USA,24,-4.799483,58.7
2022,NOR,USA,25,-5.2,58.7
2022,NOR,USA,26,-5.720463,58.67623
2022,NOR,USA,27,-5.722863,58.67612
2022,NOR,USA,28,-5.723212,58.676105
2022,NOR,USA,29,-6.489458,58.64111
2022,NOR,USA,30,-10.1362,58.47456
2022,NOR,USA,31,-11.841927,58.396659
2022,NOR,USA,32,-15.775448,57.509738
2022,NOR,USA,33,-17.061319,57.214364
2022,NOR,USA,34,-18.562576,56.869513
2022,NOR,USA,35,-20.002982,56.53398
2022,NOR,USA,36,-25.001623,55.193677
2022,NOR,USA,37,-25.711132,55.003434
2022,NOR,USA,38,-26.9129,54.6812
2022,NOR,USA,39,-30.003101,53.607151
2022,NOR,USA,40,-30.964823,53.272889
2022,NOR,USA,41,-32.596784,52.705674
2022,NOR,USA,42,-33.785385,52.292557
2022,NOR,USA,43,-40.0,50.0
2022,NOR,USA,44,-41.658626,48.508366
2022,NOR,USA,45,-45.109081,45.405304
2022,NOR,USA,46,-45.319011,45.21651
2022,NOR,USA,47,-47.493255,42.807466
2022,NOR,USA,48,-49.417076,40.652855
2022,NOR,USA,49,-50.0,40.0
2022,NOR,USA,50,-55.000024,35.385732
2022,NOR,USA,51,-55.3052,35.1041
2022,NOR,USA,52,-55.856709,34.50451
2022,NOR,USA,53,-55.861059,34.499781
2022,NOR,USA,54,-57.742406,32.454415
2022,NOR,USA,55,-57.765496,32.429312
2022,NOR,USA,56,-60.0,30.0
2022,NOR,USA,57,-60.223798,29.75575
2022,NOR,USA,58,-61.33976,28.537799
2022,NOR,USA,59,-62.306029,27.483223
2022,NOR,USA,60,-64.634,24.9425
2022,NOR,USA,61,-64.647219,24.92641
2022,NOR,USA,62,-66.572194,22.583364
2022,NOR,USA,63,-66.320768,20.154246
2022,NOR,USA,64,-66.441166,20.032
2022,NOR,USA,65,-66.504998,19.967188
2022,NOR,USA,66,-66.605655,19.864985
2022,NOR,USA,67,-66.628548,19.841741
2022,NOR,USA,68,-66.667107,19.80259
2022,NOR,USA,69,-66.754064,19.714298
2022,NOR,USA,70,-66.934172,19.531425
2022,NOR,USA,71,-67.057838,19.40586
2022,NOR,USA,72,-67.097137,19.365958
2022,NOR,USA,73,-67.331093,19.128409
2022,NOR,USA,74,-67.95,18.5
2022,NOR,USA,75,-68.615112,17.952606
2022,NOR,USA,76,-69.75,17.5
2022,NOR,USA,77,-71.173962,16.455021
2022,NOR,USA,78,-71.579995,16.157053
2022,NOR,USA,79,-72.224911,15.683779
2022,NOR,USA,80,-72.249859,15.665471
2022,NOR,USA,81,-73.284043,14.906532
2022,NOR,USA,82,-74.9584,13.6778
2022,NOR,USA,83,-74.970687,13.668227
2022,NOR,USA,84,-80.0,9.75
2022,NOR,USA,85,-79.900612,9.208176
2022,NOR,USA,86,-79.821304,9.173012
2022,NOR,USA,87,-79.803246,9.118307
2022,NOR,USA,88,-79.741379,9.118236
2022,NOR,USA,89,-79.689331,9.10639
2022,NOR,USA,90,-79.641747,9.035982
2022,NOR,USA,91,-79.585922,8.992656
2022,NOR,USA,92,-79.494118,8.796576
2022,NOR,USA,93,-79.5,8.6
2022,NOR,USA,94,-79.672852,7.422389
2022,NOR,USA,95,-80.227822,6.983728
2022,NOR,USA,96,-81.4,6.9
2022,NOR,USA,97,-82.8,7.4167
2022,NOR,USA,98,-87.997356,10.035818
2022,NOR,USA,99,-89.110835,10.580401
2022,NOR,USA,100,-90.991341,11.48884
2022,NOR,USA,101,-99.913376,15.63055
2022,NOR,USA,102,-99.9,16.5
2022,NOR,USA,103,-103.40332,17.983958
2022,NOR,USA,104,-106.489938,20.102998
2022,NOR,USA,105,-109.7,22.5
2022,NOR,USA,106,-112.510986,24.716895
2022,NOR,USA,107,-115.2,27.5
2022,NOR,USA,108,-117.3,32.7
2022,NOR,USA,109,-117.435608,33.167445
2022,NOR,USA,110,-118.1215,33.6276
2022,NOR,USA,111,-118.194489,33.703898
2022,ZAF,DEU,0,31.173706,-29.816817
2022,ZAF,DEU,1,28.5,-33.5
2022,ZAF,DEU,2,26.0,-34.5
2022,ZAF,DEU,3,22.0,-35.0
2022,ZAF,DEU,4,18.0,-35.0
2022,ZAF,DEU,5,12.499733,-28.1252
2022,ZAF,DEU,6,10.425227,-25.53227
2022,ZAF,DEU,7,7.89386,-22.368307
2022,ZAF,DEU,8,5.653262,-19.567777
2022,ZAF,DEU,9,3.542734,-16.929822
2022,ZAF,DEU,10,1.7833,-14.7307
2022,ZAF,DEU,11,0.000405,-12.501846
2022,ZAF,DEU,12,-1.100476,-11.1256
2022,ZAF,DEU,13,-1.989182,-10.0146
2022,ZAF,DEU,14,-5.531121,-5.586708
2022,ZAF,DEU,15,-10.0,-2e-05
2022,ZAF,DEU,16,-13.4277,5.5302
2022,ZAF,DEU,17,-17.0,11.0
2022,ZAF,DEU,18,-18.0,15.0
2022,ZAF,DEU,19,-18.0,21.0
2022,ZAF,DEU,20,-15.128174,27.999252
2022,ZAF,DEU,21,-15.145809,28.538331
2022,ZAF,DEU,22,-15.172119,29.337503
2022,ZAF,DEU,23,-13.9051,32.4093
2022,ZAF,DEU,24,-13.32875,34.065242
2022,ZAF,DEU,25,-13.114888,34.6797
2022,ZAF,DEU,26,-12.839781,35.470126
2022,ZAF,DEU,27,-12.761203,35.695892
2022,ZAF,DEU,28,-12.608538,36.134522
2022,ZAF,DEU,29,-12.493983,36.463656
2022,ZAF,DEU,30,-12.32612,36.945951
2022,ZAF,DEU,31,-12.262448,37.128892
2022,ZAF,DEU,32,-12.131862,37.504085
2022,ZAF,DEU,33,-12.057515,37.717697
2022,ZAF,DEU,34,-11.81009,38.428587
2022,ZAF,DEU,35,-11.664545,38.84676
2022,ZAF,DEU,36,-11.158374,40.301066
2022,ZAF,DEU,37,-11.070622,40.553191
2022,ZAF,DEU,38,-10.289669,42.796988
2022,ZAF,DEU,39,-10.167909,43.146826
2022,ZAF,DEU,40,-10.063992,43.402334
2022,ZAF,DEU,41,-7.987368,45.91425
2022,ZAF,DEU,42,-6.698867,47.340067
2022,ZAF,DEU,43,-5.5,48.6667
2022,ZAF,DEU,44,-5.06401,48.799916
2022,ZAF,DEU,45,-4.270518,49.042365
2022,ZAF,DEU,46,-4.030414,49.115729
2022,ZAF,DEU,47,-3.986163,49.129249
2022,ZAF,DEU,48,-3.197043,49.370363
2022,ZAF,DEU,49,-2.39189,49.616376
2022,ZAF,DEU,50,-1.992006,49.738559
2022,ZAF,DEU,51,-1.93365,49.75639
2022,ZAF,DEU,52,-1.665743,49.838248
2022,ZAF,DEU,53,-1.47977,49.895072
2022,ZAF,DEU,54,-1.3,49.95
2022,ZAF,DEU,55,-0.671539,50.155459
2022,ZAF,DEU,56,-0.545959,50.196513
2022,ZAF,DEU,57,-0.343359,50.262748
2022,ZAF,DEU,58,0.39288,50.503441
2022,ZAF,DEU,59,1.193894,50.765311
2022,ZAF,DEU,60,1.3,50.8
2022,ZAF,DEU,61,1.498302,50.961124
2022,ZAF,DEU,62,1.648479,51.072443
2022,ZAF,DEU,63,1.868984,51.235892
2022,ZAF,DEU,64,2.3601,51.6089
2022,ZAF,DEU,65,2.9,51.9
2022,ZAF,DEU,66,3.044362,52.01549
2022,ZAF,DEU,67,3.327388,52.241911
2022,ZAF,DEU,68,3.900173,52.700139
2022,ZAF,DEU,69,4.9,53.5
2022,ZAF,DEU,70,6.384053,53.685507
2022,ZAF,DEU,71,8.25,53.9
2022,ZAF,DEU,72,8.745294,53.909831
2022,ZAF,DEU,73,9.041942,53.874321
2022,ZAF,DEU,74,9.227347,53.877053
2022,ZAF,DEU,75,9.336273,53.840148
2022,ZAF,DEU,76,9.39653,53.775829
2022,ZAF,DEU,77,9.496185,53.710038
2022,ZAF,DEU,78,9.535584,53.633153
2022,ZAF,DEU,79,9.632921,53.583652
2022,ZAF,DEU,80,9.751117,53.55475
2022,ZAF,DEU,81,9.927252,53.545112
2022,ARM,CHN,0,41.5099,42.2115
2022,ARM,CHN,1,40.68662,42.210718
2022,ARM,CHN,2,40.497022,42.210538
2022,ARM,CHN,3,38.779766,42.208908
2022,ARM,CHN,4,38.342673,42.208493
2022,ARM,CHN,5,37.980452,42.208149
2022,ARM,CHN,6,36.392455,42.206641
2022,ARM,CHN,7,35.2956,42.2056
2022,ARM,CHN,8,32.8322,42.1344
2022,ARM,CHN,9,29.132431,41.242447
2022,ARM,CHN,10,29.096026,41.186306
2022,ARM,CHN,11,29.050519,41.15205
2022,ARM,CHN,12,29.070542,41.117776
2022,ARM,CHN,13,29.042328,41.050547
2022,ARM,CHN,14,28.995,41.027893
2022,ARM,CHN,15,28.977708,40.971568
2022,ARM,CHN,16,28.501542,40.82216
2022,ARM,CHN,17,28.449481,40.805825
2022,ARM,CHN,18,27.277634,40.60495
2022,ARM,CHN,19,26.768188,40.440676
2022,ARM,CHN,20,26.2,40.1
2022,ARM,CHN,21,26.143615,39.992927
2022,ARM,CHN,22,26.097501,39.784356
2022,ARM,CHN,23,25.953472,39.494984
2022,ARM,CHN,24,25.825253,39.237374
2022,ARM,CHN,25,25.830528,39.136019
2022,ARM,CHN,26,26.022956,38.889479
2022,ARM,CHN,27,26.157985,38.716479
2022,ARM,CHN,28,26.308653,38.523442
2022,ARM,CHN,29,26.269821,38.437945
2022,ARM,CHN,30,26.184875,38.339023
2022,ARM,CHN,31,26.172739,38.253308
2022,ARM,CHN,32,26.366219,37.813395
2022,ARM,CHN,33,26.430146,37.266748
2022,ARM,CHN,34,26.635875,37.008989
2022,ARM,CHN,35,27.002784,36.547109
2022,ARM,CHN,36,27.030399,36.498505
2022,ARM,CHN,37,27.2,36.2
2022,ARM,CHN,38,27.548237,35.88019
2022,ARM,CHN,39,28.180712,35.299346
2022,ARM,CHN,40,28.881234,34.656009
2022,ARM,CHN,41,28.964326,34.5797
2022,ARM,CHN,42,29.595152,34.000371
2022,ARM,CHN,43,29.703004,33.901323
2022,ARM,CHN,44,30.699385,32.986279
2022,ARM,CHN,45,30.765996,32.925106
2022,ARM,CHN,46,32.1,31.7
2022,ARM,CHN,47,32.359877,31.336373
2022,ARM,CHN,48,32.310104,31.102922
2022,ARM,CHN,49,32.382202,30.318359
2022,ARM,CHN,50,32.557983,30.213982
2022,ARM,CHN,51,32.6,29.7
2022,ARM,CHN,52,33.233643,28.444544
2022,ARM,CHN,53,34.5,27.0
2022,ARM,CHN,54,37.0,23.6
2022,ARM,CHN,55,37.786499,22.210682
2022,ARM,CHN,56,38.572998,20.807472
2022,ARM,CHN,57,41.000977,17.098792
2022,ARM,CHN,58,42.341309,14.509144
2022,ARM,CHN,59,42.541058,13.676089
2022,ARM,CHN,60,43.3,12.7
2022,ARM,CHN,61,43.746586,12.40439
2022,ARM,CHN,62,45.0,12.0
2022,ARM,CHN,63,50.856149,12.884027
2022,ARM,CHN,64,53.61885,13.300009
2022,ARM,CHN,65,55.041504,12.747516
2022,ARM,CHN,66,59.894005,11.083455
2022,ARM,CHN,67,60.825733,10.866984
2022,ARM,CHN,68,62.0601,10.5802
2022,ARM,CHN,69,64.303249,10.031585
2022,ARM,CHN,70,64.698862,9.934828
2022,ARM,CHN,71,64.992809,9.862937
2022,ARM,CHN,72,65.7044,9.6889
2022,ARM,CHN,73,68.858995,8.881605
2022,ARM,CHN,74,69.3291,8.7613
2022,ARM,CHN,75,69.671733,8.6701
2022,ARM,CHN,76,69.999915,8.582747
2022,ARM,CHN,77,70.817426,8.365148
2022,ARM,CHN,78,75.966807,6.966807
2022,ARM,CHN,79,78.019032,6.387793
2022,ARM,CHN,80,80.1,5.8
2022,ARM,CHN,81,81.9,5.9
2022,ARM,CHN,82,85.9479,6.1983
2022,ARM,CHN,83,90.0,6.4664
2022,ARM,CHN,84,94.326449,6.157121
2022,ARM,CHN,85,98.128129,5.811729
2022,ARM,CHN,86,99.763807,4.084523
2022,ARM,CHN,87,100.6,3.2
2022,ARM,CHN,88,101.316415,2.586072
2022,ARM,CHN,89,102.0,2.0
2022,ARM,CHN,90,103.6,1.1
2022,ARM,CHN,91,103.861103,1.171415
2022,ARM,CHN,92,104.145848,1.249295
2022,ARM,CHN,93,104.482294,1.341312
2022,ARM,CHN,94,108.7023,8.3192
2022,ARM,CHN,95,110.027598,10.173186
2022,ARM,CHN,96,110.80697,11.263464
2022,ARM,CHN,97,111.0534,11.6082
2022,ARM,CHN,98,111.478346,12.523981
2022,ARM,CHN,99,112.965,15.7278
2022,ARM,CHN,100,114.338334,17.570129
2022,ARM,CHN,101,115.841059,19.666279
2022,ARM,CHN,102,116.5017,20.601113
2022,ARM,CHN,103,117.437994,21.922538
2022,ARM,CHN,104,118.030487,22.691517
2022,ARM,CHN,105,118.203464,22.930938
2022,ARM,CHN,106,118.724128,23.582665
2022,ARM,CHN,107,118.980046,23.949944
2022,ARM,CHN,108,119.33882,24.448861
2022,ARM,CHN,109,119.523707,24.707707
2022,ARM,CHN,110,119.761963,25.085599
2022,ARM,CHN,111,119.820497,25.236972
2022,ARM,CHN,112,120.0,25.7
2022,ARM,CHN,113,120.232569,26.078521
2022,ARM,CHN,114,120.787503,26.976762
2022,ARM,CHN,115,121.3,27.8
2022,ARM,CHN,116,122.23938,28.579698
2022,ARM,CHN,117,122.557297,29.38397
2022,ARM,CHN,118,122.652515,29.623632
2022,ARM,CHN,119,122.875214,30.181935
2022,ARM,CHN,120,122.878907,30.349364
2022,ARM,CHN,121,122.891141,30.901897
2022,ARM,CHN,122,122.66922,30.932268
2022,ARM,CHN,123,121.944122,31.062345
2022,COD,ESP,0,13.42804,-5.864671
2022,COD,ESP,1,13.005066,-5.895408
2022,COD,ESP,2,12.7668,-6.013556
2022,COD,ESP,3,12.384338,-6.077742
2022,COD,ESP,4,11.543725,-5.95973
2022,COD,ESP,5,5.577742,-3.058641
2022,COD,ESP,6,5.300429,-2.907092
2022,COD,ESP,7,4.876639,-2.674661
2022,COD,ESP,8,0.0,-2e-05
2022,COD,ESP,9,-2.368781,1.108294
2022,COD,ESP,10,-3.7467,1.753
2022,COD,ESP,11,-7.5,3.5
2022,COD,ESP,12,-11.5,5.5
2022,COD,ESP,13,-14.5,8.5
2022,COD,ESP,14,-17.0,11.0
2022,COD,ESP,15,-18.0,15.0
2022,COD,ESP,16,-18.0,21.0
2022,COD,ESP,17,-13.963623,27.410786
2022,COD,ESP,18,-12.194387,29.156452
2022,COD,ESP,19,-10.1,31.8
2022,COD,ESP,20,-8.751058,33.623031
2022,COD,ESP,21,-7.7875,34.076471
2022,COD,ESP,22,-7.1,34.4
2022,COD,ESP,23,-5.75,35.95
2022,COD,ESP,24,-5.354867,35.968819
2022,COD,ESP,25,-5.269383,35.97289
2022,COD,ESP,26,-4.417056,36.339533
2022,COD,ESP,27,-4.070282,36.488703
2022,COD,ESP,28,-3.811553,36.6
2022,COD,ESP,29,-3.559793,36.6
2022,COD,ESP,30,-3.464998,36.6
2022,COD,ESP,31,-2.508613,36.6
2022,COD,ESP,32,-2.1,36.6
2022,COD,ESP,33,-0.589854,37.511837
2022,COD,ESP,34,-0.491527,37.627043
2022,COD,ESP,35,0.258592,38.441352
2022,COD,ESP,36,0.267518,38.480858
2022,COD,ESP,37,0.3373,38.7897
2022,COD,ESP,38,0.129546,38.995264
2022,COD,ESP,39,-0.309838,39.430018
2022,SAU,CHN,0,39.001465,21.473518
2022,SAU,CHN,1,38.572998,20.807472
2022,SAU,CHN,2,41.000977,17.098792
2022,SAU,CHN,3,42.341309,14.509144
2022,SAU,CHN,4,42.541058,13.676089
2022,SAU,CHN,5,43.3,12.7
2022,SAU,CHN,6,43.746586,12.40439
2022,SAU,CHN,7,45.0,12.0
2022,SAU,CHN,8,50.856149,12.884027
2022,SAU,CHN,9,53.61885,13.300009
2022,SAU,CHN,10,55.041504,12.747516
2022,SAU,CHN,11,59.894005,11.083455
2022,SAU,CHN,12,60.825733,10.866984
2022,SAU,CHN,13,62.0601,10.5802
2022,SAU,CHN,14,64.303249,10.031585
2022,SAU,CHN,15,64.698862,9.934828
2022,SAU,CHN,16,64.992809,9.862937
2022,SAU,CHN,17,65.7044,9.6889
2022,SAU,CHN,18,68.858995,8.881605
2022,SAU,CHN,19,69.3291,8.7613
2022,SAU,CHN,20,69.671733,8.6701
2022,SAU,CHN,21,69.999915,8.582747
2022,SAU,CHN,22,70.817426,8.365148
2022,SAU,CHN,23,75.966807,6.966807
2022,SAU,CHN,24,78.019032,6.387793
2022,SAU,CHN,25,80.1,5.8
2022,SAU,CHN,26,81.9,5.9
2022,SAU,CHN,27,85.9479,6.1983
2022,SAU,CHN,28,90.0,6.4664
2022,SAU,CHN,29,94.326449,6.157121
2022,SAU,CHN,30,98.128129,5.811729
2022,SAU,CHN,31,99.763807,4.084523
2022,SAU,CHN,32,100.6,3.2
2022,SAU,CHN,33,101.316415,2.586072
2022,SAU,CHN,34,102.0,2.0
2022,SAU,CHN,35,103.6,1.1
2022,SAU,CHN,36,103.861103,1.171415
2022,SAU,CHN,37,104.145848,1.249295
2022,SAU,CHN,38,104.482294,1.341312
2022,SAU,CHN,39,108.7023,8.3192
2022,SAU,CHN,40,110.027598,10.173186
2022,SAU,CHN,41,110.80697,11.263464
2022,SAU,CHN,42,111.0534,11.6082
2022,SAU,CHN,43,111.478346,12.523981
2022,SAU,CHN,44,112.965,15.7278
2022,SAU,CHN,45,114.338334,17.570129
2022,SAU,CHN,46,115.841059,19.666279
2022,SAU,CHN,47,116.5017,20.601113
2022,SAU,CHN,48,117.437994,21.922538
2022,SAU,CHN,49,118.030487,22.691517
2022,SAU,CHN,50,118.203464,22.930938
2022,SAU,CHN,51,118.724128,23.582665
2022,SAU,CHN,52,118.980046,23.949944
2022,SAU,CHN,53,119.33882,24.448861
2022,SAU,CHN,54,119.523707,24.707707
2022,SAU,CHN,55,119.761963,25.085599
2022,SAU,CHN,56,119.820497,25.236972
2022,SAU,CHN,57,120.0,25.7
2022,SAU,CHN,58,120.232569,26.078521
2022,SAU,CHN,59,120.787503,26.976762
2022,SAU,CHN,60,121.3,27.8
2022,SAU,CHN,61,122.23938,28.579698
2022,SAU,CHN,62,122.557297,29.38397
2022,SAU,CHN,63,122.652515,29.623632
2022,SAU,CHN,64,122.875214,30.181935
2022,SAU,CHN,65,122.878907,30.349364
2022,SAU,CHN,66,122.891141,30.901897
2022,SAU,CHN,67,122.66922,30.932268
2022,SAU,CHN,68,121.944122,31.062345
2022,IND,NLD,0,72.80777,18.941361
2022,IND,NLD,1,72.4,19.0
2022,IND,NLD,2,69.999749,18.43269
2022,IND,NLD,3,67.795105,17.911613
2022,IND,NLD,4,66.257926,17.527476
2022,IND,NLD,5,64.766386,17.128701
2022,IND,NLD,6,62.6071,16.551398
2022,IND,NLD,7,61.54,16.2661
2022,IND,NLD,8,59.44496,15.644932
2022,IND,NLD,9,56.810303,14.567634
2022,IND,NLD,10,53.61885,13.300009
2022,IND,NLD,11,50.856149,12.884027
2022,IND,NLD,12,45.0,12.0
2022,IND,NLD,13,43.746586,12.40439
2022,IND,NLD,14,43.3,12.7
2022,IND,NLD,15,42.541058,13.676089
2022,IND,NLD,16,42.341309,14.509144
2022,IND,NLD,17,41.000977,17.098792
2022,IND,NLD,18,38.572998,20.807472
2022,IND,NLD,19,37.786499,22.210682
2022,IND,NLD,20,37.0,23.6
2022,IND,NLD,21,34.5,27.0
2022,IND,NLD,22,33.233643,28.444544
2022,IND,NLD,23,32.6,29.7
2022,IND,NLD,24,32.557983,30.213982
2022,IND,NLD,25,32.382202,30.318359
2022,IND,NLD,26,32.310104,31.102922
2022,IND,NLD,27,32.359877,31.336373
2022,IND,NLD,28,32.1,31.7
2022,IND,NLD,29,30.408377,32.316071
2022,IND,NLD,30,28.905525,32.863395
2022,IND,NLD,31,28.212434,33.115811
2022,IND,NLD,32,27.927542,33.219565
2022,IND,NLD,33,26.306431,33.748752
2022,IND,NLD,34,25.478721,34.011915
2022,IND,NLD,35,24.926664,34.187436
2022,IND,NLD,36,23.0,34.8
2022,IND,NLD,37,21.407365,35.126694
2022,IND,NLD,38,17.902084,35.845726
2022,IND,NLD,39,16.726588,36.086854
2022,IND,NLD,40,15.2,36.4
2022,IND,NLD,41,13.263819,36.907095
2022,IND,NLD,42,12.110644,37.209117
2022,IND,NLD,43,12.086301,37.215493
2022,IND,NLD,44,11.827836,37.283186
2022,IND,NLD,45,11.172235,37.454891
2022,IND,NLD,46,11.0,37.5
2022,IND,NLD,47,10.373031,37.482087
2022,IND,NLD,48,7.5,37.4
2022,IND,NLD,49,3.1,37.2
2022,IND,NLD,50,-0.366667,36.666667
2022,IND,NLD,51,-1.62439,36.473171
2022,IND,NLD,52,-2.244793,36.377724
2022,IND,NLD,53,-2.590675,36.324512
2022,IND,NLD,54,-3.264225,36.220888
2022,IND,NLD,55,-3.683043,36.156455
2022,IND,NLD,56,-4.7,36.0
2022,IND,NLD,57,-5.269383,35.97289
2022,IND,NLD,58,-5.354867,35.968819
2022,IND,NLD,59,-5.75,35.95
2022,IND,NLD,60,-7.26966,36.31906
2022,IND,NLD,61,-8.219465,36.549727
2022,IND,NLD,62,-9.25,36.8
2022,IND,NLD,63,-9.452092,37.781589
2022,IND,NLD,64,-9.6,38.5
2022,IND,NLD,65,-9.9844,40.7798
2022,IND,NLD,66,-9.5,43.0
2022,IND,NLD,67,-9.14264,43.688493
2022,IND,NLD,68,-9.019938,43.924891
2022,IND,NLD,69,-8.49576,44.934776
2022,IND,NLD,70,-7.954994,45.668797
2022,IND,NLD,71,-6.698867,47.340067
2022,IND,NLD,72,-5.5,48.6667
2022,IND,NLD,73,-5.06401,48.799916
2022,IND,NLD,74,-4.270518,49.042365
2022,IND,NLD,75,-4.030414,49.115729
2022,IND,NLD,76,-3.986163,49.129249
2022,IND,NLD,77,-3.197043,49.370363
2022,IND,NLD,78,-2.39189,49.616376
2022,IND,NLD,79,-1.992006,49.738559
2022,IND,NLD,80,-1.93365,49.75639
2022,IND,NLD,81,-1.665743,49.838248
2022,IND,NLD,82,-1.47977,49.895072
2022,IND,NLD,83,-1.3,49.95
2022,IND,NLD,84,-0.671539,50.155459
2022,IND,NLD,85,-0.545959,50.196513
2022,IND,NLD,86,-0.343359,50.262748
2022,IND,NLD,87,0.39288,50.503441
2022,IND,NLD,88,1.193894,50.765311
2022,IND,NLD,89,1.3,50.8
2022,IND,NLD,90,1.441366,50.849032
2022,IND,NLD,91,1.567687,50.892845
2022,IND,NLD,92,1.813195,50.988387
2022,IND,NLD,93,2.1,51.1
2022,IND,NLD,94,2.356699,51.178984
2022,IND,NLD,95,3.4,51.5
2022,IND,NLD,96,3.559619,51.659619
2022,IND,NLD,97,3.9,52.0
2022,IND,NLD,98,4.069748,51.987629
2022,IND,NLD,99,4.151802,51.961827
2022,IND,NLD,100,4.230423,51.922673
2022,IND,NLD,101,4.289818,51.89641
2022,IND,NLD,102,4.32827,51.89302
2022,IND,NLD,103,4.369469,51.900223
2022,SRB,CHN,0,22.91566,40.620354
2022,SRB,CHN,1,22.862266,40.550313
2022,SRB,CHN,2,22.765184,40.465429
2022,SRB,CHN,3,22.8,40.2
2022,SRB,CHN,4,23.17973,39.816101
2022,SRB,CHN,5,23.878784,39.069313
2022,SRB,CHN,6,24.1753,38.8096
2022,SRB,CHN,7,24.350414,38.557553
2022,SRB,CHN,8,24.657285,38.115863
2022,SRB,CHN,9,24.6863,38.0741
2022,SRB,CHN,10,24.99144,38.090529
2022,SRB,CHN,11,25.525134,38.119263
2022,SRB,CHN,12,25.538027,38.090345
2022,SRB,CHN,13,25.657886,37.821527
2022,SRB,CHN,14,25.706749,37.711938
2022,SRB,CHN,15,25.949452,37.4041
2022,SRB,CHN,16,26.023353,37.283125
2022,SRB,CHN,17,26.218853,36.96309
2022,SRB,CHN,18,26.649029,36.62852
2022,SRB,CHN,19,26.831176,36.486854
2022,SRB,CHN,20,27.2,36.2
2022,SRB,CHN,21,27.548237,35.88019
2022,SRB,CHN,22,28.180712,35.299346
2022,SRB,CHN,23,28.881234,34.656009
2022,SRB,CHN,24,28.964326,34.5797
2022,SRB,CHN,25,29.595152,34.000371
2022,SRB,CHN,26,29.703004,33.901323
2022,SRB,CHN,27,30.699385,32.986279
2022,SRB,CHN,28,30.765996,32.925106
2022,SRB,CHN,29,32.1,31.7
2022,SRB,CHN,30,32.359877,31.336373
2022,SRB,CHN,31,32.310104,31.102922
2022,SRB,CHN,32,32.382202,30.318359
2022,SRB,CHN,33,32.557983,30.213982
2022,SRB,CHN,34,32.6,29.7
2022,SRB,CHN,35,33.233643,28.444544
2022,SRB,CHN,36,34.5,27.0
2022,SRB,CHN,37,37.0,23.6
2022,SRB,CHN,38,37.786499,22.210682
2022,SRB,CHN,39,38.572998,20.807472
2022,SRB,CHN,40,41.000977,17.098792
2022,SRB,CHN,41,42.341309,14.509144
2022,SRB,CHN,42,42.541058,13.676089
2022,SRB,CHN,43,43.3,12.7
2022,SRB,CHN,44,43.746586,12.40439
2022,SRB,CHN,45,45.0,12.0
2022,SRB,CHN,46,50.856149,12.884027
2022,SRB,CHN,47,53.61885,13.300009
2022,SRB,CHN,48,55.041504,12.747516
2022,SRB,CHN,49,59.894005,11.083455
2022,SRB,CHN,50,60.825733,10.866984
2022,SRB,CHN,51,62.0601,10.5802
2022,SRB,CHN,52,64.303249,10.031585
2022,SRB,CHN,53,64.698862,9.934828
2022,SRB,CHN,54,64.992809,9.862937
2022,SRB,CHN,55,65.7044,9.6889
2022,SRB,CHN,56,68.858995,8.881605
2022,SRB,CHN,57,69.3291,8.7613
2022,SRB,CHN,58,69.671733,8.6701
2022,SRB,CHN,59,69.999915,8.582747
2022,SRB,CHN,60,70.817426,8.365148
2022,SRB,CHN,61,75.966807,6.966807
2022,SRB,CHN,62,78.019032,6.387793
2022,SRB,CHN,63,80.1,5.8
2022,SRB,CHN,64,81.9,5.9
2022,SRB,CHN,65,85.9479,6.1983
2022,SRB,CHN,66,90.0,6.4664
2022,SRB,CHN,67,94.326449,6.157121
2022,SRB,CHN,68,98.128129,5.811729
2022,SRB,CHN,69,99.763807,4.084523
2022,SRB,CHN,70,100.6,3.2
2022,SRB,CHN,71,101.316415,2.586072
2022,SRB,CHN,72,102.0,2.0
2022,SRB,CHN,73,103.6,1.1
2022,SRB,CHN,74,103.861103,1.171415
2022,SRB,CHN,75,104.145848,1.249295
2022,SRB,CHN,76,104.482294,1.341312
2022,SRB,CHN,77,108.7023,8.3192
2022,SRB,CHN,78,110.027598,10.173186
2022,SRB,CHN,79,110.80697,11.263464
2022,SRB,CHN,80,111.0534,11.6082
2022,SRB,CHN,81,111.478346,12.523981
2022,SRB,CHN,82,112.965,15.7278
2022,SRB,CHN,83,114.338334,17.570129
2022,SRB,CHN,84,115.841059,19.666279
2022,SRB,CHN,85,116.5017,20.601113
2022,SRB,CHN,86,117.437994,21.922538
2022,SRB,CHN,87,118.030487,22.691517
2022,SRB,CHN,88,118.203464,22.930938
2022,SRB,CHN,89,118.724128,23.582665
2022,SRB,CHN,90,118.980046,23.949944
2022,SRB,CHN,91,119.33882,24.448861
2022,SRB,CHN,92,119.523707,24.707707
2022,SRB,CHN,93,119.761963,25.085599
2022,SRB,CHN,94,119.820497,25.236972
2022,SRB,CHN,95,120.0,25.7
2022,SRB,CHN,96,120.232569,26.078521
2022,SRB,CHN,97,120.787503,26.976762
2022,SRB,CHN,98,121.3,27.8
2022,SRB,CHN,99,122.23938,28.579698
2022,SRB,CHN,100,122.557297,29.38397
2022,SRB,CHN,101,122.652515,29.623632
2022,SRB,CHN,102,122.875214,30.181935
2022,SRB,CHN,103,122.878907,30.349364
2022,SRB,CHN,104,122.891141,30.901897
2022,SRB,CHN,105,122.66922,30.932268
2022,SRB,CHN,106,121.944122,31.062345
2022,FIN,CHN,0,24.907997,60.112071
2022,FIN,CHN,1,24.7,59.8
2022,FIN,CHN,2,24.011424,59.701632
2022,FIN,CHN,3,22.6,59.5
2022,FIN,CHN,4,20.6,58.2
2022,FIN,CHN,5,18.118532,56.645032
2022,FIN,CHN,6,17.0,56.4
2022,FIN,CHN,7,16.209967,55.954553
2022,FIN,CHN,8,15.80658,55.72711
2022,FIN,CHN,9,14.374661,55.229033
2022,FIN,CHN,10,13.836081,55.240216
2022,FIN,CHN,11,13.229812,55.252805
2022,FIN,CHN,12,12.974851,55.258099
2022,FIN,CHN,13,12.68255,55.305583
2022,FIN,CHN,14,12.700195,55.514637
2022,FIN,CHN,15,12.75,55.9
2022,FIN,CHN,16,12.629725,56.063887
2022,FIN,CHN,17,12.409121,56.337379
2022,FIN,CHN,18,12.409118,56.337382
2022,FIN,CHN,19,11.988567,56.905254
2022,FIN,CHN,20,11.4,57.7
2022,FIN,CHN,21,10.7333,57.8
2022,FIN,CHN,22,9.952745,57.599859
2022,FIN,CHN,23,8.9354,57.406
2022,FIN,CHN,24,7.983627,56.821663
2022,FIN,CHN,25,7.7379,56.6708
2022,FIN,CHN,26,6.837383,55.808317
2022,FIN,CHN,27,6.475957,55.462156
2022,FIN,CHN,28,5.795345,54.764853
2022,FIN,CHN,29,5.343228,54.126148
2022,FIN,CHN,30,4.9,53.5
2022,FIN,CHN,31,3.900173,52.700139
2022,FIN,CHN,32,3.327388,52.241911
2022,FIN,CHN,33,3.044362,52.01549
2022,FIN,CHN,34,2.9,51.9
2022,FIN,CHN,35,2.3601,51.6089
2022,FIN,CHN,36,1.868984,51.235892
2022,FIN,CHN,37,1.648479,51.072443
2022,FIN,CHN,38,1.498302,50.961124
2022,FIN,CHN,39,1.3,50.8
2022,FIN,CHN,40,1.193894,50.765311
2022,FIN,CHN,41,0.39288,50.503441
2022,FIN,CHN,42,-0.343359,50.262748
2022,FIN,CHN,43,-0.545959,50.196513
2022,FIN,CHN,44,-0.671539,50.155459
2022,FIN,CHN,45,-1.3,49.95
2022,FIN,CHN,46,-1.47977,49.895072
2022,FIN,CHN,47,-1.665743,49.838248
2022,FIN,CHN,48,-1.93365,49.75639
2022,FIN,CHN,49,-1.992006,49.738559
2022,FIN,CHN,50,-2.39189,49.616376
2022,FIN,CHN,51,-3.197043,49.370363
2022,FIN,CHN,52,-3.986163,49.129249
2022,FIN,CHN,53,-4.030414,49.115729
2022,FIN,CHN,54,-4.270518,49.042365
2022,FIN,CHN,55,-5.06401,48.799916
2022,FIN,CHN,56,-5.5,48.6667
2022,FIN,CHN,57,-6.698867,47.340067
2022,FIN,CHN,58,-7.954994,45.668797
2022,FIN,CHN,59,-8.49576,44.934776
2022,FIN,CHN,60,-9.019938,43.924891
2022,FIN,CHN,61,-9.14264,43.688493
2022,FIN,CHN,62,-9.5,43.0
2022,FIN,CHN,63,-9.9844,40.7798
2022,FIN,CHN,64,-9.6,38.5
2022,FIN,CHN,65,-9.452092,37.781589
2022,FIN,CHN,66,-9.25,36.8
2022,FIN,CHN,67,-8.219465,36.549727
2022,FIN,CHN,68,-7.26966,36.31906
2022,FIN,CHN,69,-5.75,35.95
2022,FIN,CHN,70,-5.354867,35.968819
2022,FIN,CHN,71,-5.269383,35.97289
2022,FIN,CHN,72,-4.7,36.0
2022,FIN,CHN,73,-3.683043,36.156455
2022,FIN,CHN,74,-3.264225,36.220888
2022,FIN,CHN,75,-2.590675,36.324512
2022,FIN,CHN,76,-2.244793,36.377724
2022,FIN,CHN,77,-1.62439,36.473171
2022,FIN,CHN,78,-0.366667,36.666667
2022,FIN,CHN,79,3.1,37.2
2022,FIN,CHN,80,7.5,37.4
2022,FIN,CHN,81,10.373031,37.482087
2022,FIN,CHN,82,11.0,37.5
2022,FIN,CHN,83,11.172235,37.454891
2022,FIN,CHN,84,11.827836,37.283186
2022,FIN,CHN,85,12.086301,37.215493
2022,FIN,CHN,86,12.110644,37.209117
2022,FIN,CHN,87,13.263819,36.907095
2022,FIN,CHN,88,15.2,36.4
2022,FIN,CHN,89,16.726588,36.086854
2022,FIN,CHN,90,17.902084,35.845726
2022,FIN,CHN,91,21.407365,35.126694
2022,FIN,CHN,92,23.0,34.8
2022,FIN,CHN,93,24.926664,34.187436
2022,FIN,CHN,94,25.478721,34.011915
2022,FIN,CHN,95,26.306431,33.748752
2022,FIN,CHN,96,27.927542,33.219565
2022,FIN,CHN,97,28.212434,33.115811
2022,FIN,CHN,98,28.905525,32.863395
2022,FIN,CHN,99,30.408377,32.316071
2022,FIN,CHN,100,32.1,31.7
2022,FIN,CHN,101,32.359877,31.336373
2022,FIN,CHN,102,32.310104,31.102922
2022,FIN,CHN,103,32.382202,30.318359
2022,FIN,CHN,104,32.557983,30.213982
2022,FIN,CHN,105,32.6,29.7
2022,FIN,CHN,106,33.233643,28.444544
2022,FIN,CHN,107,34.5,27.0
2022,FIN,CHN,108,37.0,23.6
2022,FIN,CHN,109,37.786499,22.210682
2022,FIN,CHN,110,38.572998,20.807472
2022,FIN,CHN,111,41.000977,17.098792
2022,FIN,CHN,112,42.341309,14.509144
2022,FIN,CHN,113,42.541058,13.676089
2022,FIN,CHN,114,43.3,12.7
2022,FIN,CHN,115,43.746586,12.40439
2022,FIN,CHN,116,45.0,12.0
2022,FIN,CHN,117,50.856149,12.884027
2022,FIN,CHN,118,53.61885,13.300009
2022,FIN,CHN,119,55.041504,12.747516
2022,FIN,CHN,120,59.894005,11.083455
2022,FIN,CHN,121,60.825733,10.866984
2022,FIN,CHN,122,62.0601,10.5802
2022,FIN,CHN,123,64.303249,10.031585
2022,FIN,CHN,124,64.698862,9.934828
2022,FIN,CHN,125,64.992809,9.862937
2022,FIN,CHN,126,65.7044,9.6889
2022,FIN,CHN,127,68.858995,8.881605
2022,FIN,CHN,128,69.3291,8.7613
2022,FIN,CHN,129,69.671733,8.6701
2022,FIN,CHN,130,69.999915,8.582747
2022,FIN,CHN,131,70.817426,8.365148
2022,FIN,CHN,132,75.966807,6.966807
2022,FIN,CHN,133,78.019032,6.387793
2022,FIN,CHN,134,80.1,5.8
2022,FIN,CHN,135,81.9,5.9
2022,FIN,CHN,136,85.9479,6.1983
2022,FIN,CHN,137,90.0,6.4664
2022,FIN,CHN,138,94.326449,6.157121
2022,FIN,CHN,139,98.128129,5.811729
2022,FIN,CHN,140,99.763807,4.084523
2022,FIN,CHN,141,100.6,3.2
2022,FIN,CHN,142,101.316415,2.586072
2022,FIN,CHN,143,102.0,2.0
2022,FIN,CHN,144,103.6,1.1
2022,FIN,CHN,145,103.861103,1.171415
2022,FIN,CHN,146,104.145848,1.249295
2022,FIN,CHN,147,104.482294,1.341312
2022,FIN,CHN,148,108.7023,8.3192
2022,FIN,CHN,149,110.027598,10.173186
2022,FIN,CHN,150,110.80697,11.263464
2022,FIN,CHN,151,111.0534,11.6082
2022,FIN,CHN,152,111.478346,12.523981
2022,FIN,CHN,153,112.965,15.7278
2022,FIN,CHN,154,114.338334,17.570129
2022,FIN,CHN,155,115.841059,19.666279
2022,FIN,CHN,156,116.5017,20.601113
2022,FIN,CHN,157,117.437994,21.922538
2022,FIN,CHN,158,118.030487,22.691517
2022,FIN,CHN,159,118.203464,22.930938
2022,FIN,CHN,160,118.724128,23.582665
2022,FIN,CHN,161,118.980046,23.949944
2022,FIN,CHN,162,119.33882,24.448861
2022,FIN,CHN,163,119.523707,24.707707
2022,FIN,CHN,164,119.761963,25.085599
2022,FIN,CHN,165,119.820497,25.236972
2022,FIN,CHN,166,120.0,25.7
2022,FIN,CHN,167,120.232569,26.078521
2022,FIN,CHN,168,120.787503,26.976762
2022,FIN,CHN,169,121.3,27.8
2022,FIN,CHN,170,122.23938,28.579698
2022,FIN,CHN,171,122.557297,29.38397
2022,FIN,CHN,172,122.652515,29.623632
2022,FIN,CHN,173,122.875214,30.181935
2022,FIN,CHN,174,122.878907,30.349364
2022,FIN,CHN,175,122.891141,30.901897
2022,FIN,CHN,176,122.66922,30.932268
2022,FIN,CHN,177,121.944122,31.062345
2022,SGP,BEL,0,103.763466,1.259893
2022,SGP,BEL,1,103.658066,1.197766
2022,SGP,BEL,2,103.6,1.1
2022,SGP,BEL,3,102.0,2.0
2022,SGP,BEL,4,101.316415,2.586072
2022,SGP,BEL,5,100.6,3.2
2022,SGP,BEL,6,99.763807,4.084523
2022,SGP,BEL,7,98.128129,5.811729
2022,SGP,BEL,8,94.326449,6.157121
2022,SGP,BEL,9,90.0,6.4664
2022,SGP,BEL,10,85.9479,6.1983
2022,SGP,BEL,11,81.9,5.9
2022,SGP,BEL,12,80.1,5.8
2022,SGP,BEL,13,78.019032,6.387793
2022,SGP,BEL,14,75.966807,6.966807
2022,SGP,BEL,15,70.817426,8.365148
2022,SGP,BEL,16,69.999915,8.582747
2022,SGP,BEL,17,69.671733,8.6701
2022,SGP,BEL,18,69.3291,8.7613
2022,SGP,BEL,19,68.858995,8.881605
2022,SGP,BEL,20,65.7044,9.6889
2022,SGP,BEL,21,64.992809,9.862937
2022,SGP,BEL,22,64.698862,9.934828
2022,SGP,BEL,23,64.303249,10.031585
2022,SGP,BEL,24,62.0601,10.5802
2022,SGP,BEL,25,60.825733,10.866984
2022,SGP,BEL,26,59.894005,11.083455
2022,SGP,BEL,27,55.041504,12.747516
2022,SGP,BEL,28,53.61885,13.300009
2022,SGP,BEL,29,50.856149,12.884027
2022,SGP,BEL,30,45.0,12.0
2022,SGP,BEL,31,43.746586,12.40439
2022,SGP,BEL,32,43.3,12.7
2022,SGP,BEL,33,42.541058,13.676089
2022,SGP,BEL,34,42.341309,14.509144
2022,SGP,BEL,35,41.000977,17.098792
2022,SGP,BEL,36,38.572998,20.807472
2022,SGP,BEL,37,37.786499,22.210682
2022,SGP,BEL,38,37.0,23.6
2022,SGP,BEL,39,34.5,27.0
2022,SGP,BEL,40,33.233643,28.444544
2022,SGP,BEL,41,32.6,29.7
2022,SGP,BEL,42,32.557983,30.213982
2022,SGP,BEL,43,32.382202,30.318359
2022,SGP,BEL,44,32.310104,31.102922
2022,SGP,BEL,45,32.359877,31.336373
2022,SGP,BEL,46,32.1,31.7
2022,SGP,BEL,47,30.408377,32.316071
2022,SGP,BEL,48,28.905525,32.863395
2022,SGP,BEL,49,28.212434,33.115811
2022,SGP,BEL,50,27.927542,33.219565
2022,SGP,BEL,51,26.306431,33.748752
2022,SGP,BEL,52,25.478721,34.011915
2022,SGP,BEL,53,24.926664,34.187436
2022,SGP,BEL,54,23.0,34.8
2022,SGP,BEL,55,21.407365,35.126694
2022,SGP,BEL,56,17.902084,35.845726
2022,SGP,BEL,57,16.726588,36.086854
2022,SGP,BEL,58,15.2,36.4
2022,SGP,BEL,59,13.263819,36.907095
2022,SGP,BEL,60,12.110644,37.209117
2022,SGP,BEL,61,12.086301,37.215493
2022,SGP,BEL,62,11.827836,37.283186
2022,SGP,BEL,63,11.172235,37.454891
2022,SGP,BEL,64,11.0,37.5
2022,SGP,BEL,65,10.373031,37.482087
2022,SGP,BEL,66,7.5,37.4
2022,SGP,BEL,67,3.1,37.2
2022,SGP,BEL,68,-0.366667,36.666667
2022,SGP,BEL,69,-1.62439,36.473171
2022,SGP,BEL,70,-2.244793,36.377724
2022,SGP,BEL,71,-2.590675,36.324512
2022,SGP,BEL,72,-3.264225,36.220888
2022,SGP,BEL,73,-3.683043,36.156455
2022,SGP,BEL,74,-4.7,36.0
2022,SGP,BEL,75,-5.269383,35.97289
2022,SGP,BEL,76,-5.354867,35.968819
2022,SGP,BEL,77,-5.75,35.95
2022,SGP,BEL,78,-7.26966,36.31906
2022,SGP,BEL,79,-8.219465,36.549727
2022,SGP,BEL,80,-9.25,36.8
2022,SGP,BEL,81,-9.452092,37.781589
2022,SGP,BEL,82,-9.6,38.5
2022,SGP,BEL,83,-9.9844,40.7798
2022,SGP,BEL,84,-9.5,43.0
2022,SGP,BEL,85,-9.14264,43.688493
2022,SGP,BEL,86,-9.019938,43.924891
2022,SGP,BEL,87,-8.49576,44.934776
2022,SGP,BEL,88,-7.954994,45.668797
2022,SGP,BEL,89,-6.698867,47.340067
2022,SGP,BEL,90,-5.5,48.6667
2022,SGP,BEL,91,-5.06401,48.799916
2022,SGP,BEL,92,-4.270518,49.042365
2022,SGP,BEL,93,-4.030414,49.115729
2022,SGP,BEL,94,-3.986163,49.129249
2022,SGP,BEL,95,-3.197043,49.370363
2022,SGP,BEL,96,-2.39189,49.616376
2022,SGP,BEL,97,-1.992006,49.738559
2022,SGP,BEL,98,-1.93365,49.75639
2022,SGP,BEL,99,-1.665743,49.838248
2022,SGP,BEL,100,-1.47977,49.895072
2022,SGP,BEL,101,-1.3,49.95
2022,SGP,BEL,102,-0.671539,50.155459
2022,SGP,BEL,103,-0.545959,50.196513
2022,SGP,BEL,104,-0.343359,50.262748
2022,SGP,BEL,105,0.39288,50.503441
2022,SGP,BEL,106,1.193894,50.765311
2022,SGP,BEL,107,1.3,50.8
2022,SGP,BEL,108,1.441366,50.849032
2022,SGP,BEL,109,1.567687,50.892845
2022,SGP,BEL,110,1.813195,50.988387
2022,SGP,BEL,111,2.1,51.1
2022,SGP,BEL,112,2.356699,51.178984
2022,SGP,BEL,113,3.4,51.5
2022,SGP,BEL,114,3.510818,51.436889
2022,SGP,BEL,115,3.677482,51.412653
2022,SGP,BEL,116,3.844528,51.354631
2022,SGP,BEL,117,3.9641,51.426
2022,SGP,BEL,118,4.0905,51.3831
2022,SGP,BEL,119,4.1894,51.3917
2022,SGP,BEL,120,4.261322,51.340907
2022,ESP,CHN,0,-0.309838,39.430018
2022,ESP,CHN,1,0.185817,39.3708
2022,ESP,CHN,2,0.387005,39.346763
2022,ESP,CHN,3,0.829129,39.29394
2022,ESP,CHN,4,1.122073,39.258941
2022,ESP,CHN,5,1.263132,39.242088
2022,ESP,CHN,6,2.078846,39.144631
2022,ESP,CHN,7,2.262884,39.122643
2022,ESP,CHN,8,3.031664,39.032552
2022,ESP,CHN,9,3.429353,38.942011
2022,ESP,CHN,10,4.200818,38.766372
2022,ESP,CHN,11,5.0023,38.5839
2022,ESP,CHN,12,6.277672,38.353416
2022,ESP,CHN,13,6.673064,38.281961
2022,ESP,CHN,14,6.710837,38.275134
2022,ESP,CHN,15,6.822421,38.254969
2022,ESP,CHN,16,7.51432,38.12993
2022,ESP,CHN,17,8.333928,37.981811
2022,ESP,CHN,18,8.676736,37.919859
2022,ESP,CHN,19,10.358927,37.615854
2022,ESP,CHN,20,11.0,37.5
2022,ESP,CHN,21,11.172235,37.454891
2022,ESP,CHN,22,11.827836,37.283186
2022,ESP,CHN,23,12.086301,37.215493
2022,ESP,CHN,24,12.110644,37.209117
2022,ESP,CHN,25,13.263819,36.907095
2022,ESP,CHN,26,15.2,36.4
2022,ESP,CHN,27,16.726588,36.086854
2022,ESP,CHN,28,17.902084,35.845726
2022,ESP,CHN,29,21.407365,35.126694
2022,ESP,CHN,30,23.0,34.8
2022,ESP,CHN,31,24.926664,34.187436
2022,ESP,CHN,32,25.478721,34.011915
2022,ESP,CHN,33,26.306431,33.748752
2022,ESP,CHN,34,27.927542,33.219565
2022,ESP,CHN,35,28.212434,33.115811
2022,ESP,CHN,36,28.905525,32.863395
2022,ESP,CHN,37,30.408377,32.316071
2022,ESP,CHN,38,32.1,31.7
2022,ESP,CHN,39,32.359877,31.336373
2022,ESP,CHN,40,32.310104,31.102922
2022,ESP,CHN,41,32.382202,30.318359
2022,ESP,CHN,42,32.557983,30.213982
2022,ESP,CHN,43,32.6,29.7
2022,ESP,CHN,44,33.233643,28.444544
2022,ESP,CHN,45,34.5,27.0
2022,ESP,CHN,46,37.0,23.6
2022,ESP,CHN,47,37.786499,22.210682
2022,ESP,CHN,48,38.572998,20.807472
2022,ESP,CHN,49,41.000977,17.098792
2022,ESP,CHN,50,42.341309,14.509144
2022,ESP,CHN,51,42.541058,13.676089
2022,ESP,CHN,52,43.3,12.7
2022,ESP,CHN,53,43.746586,12.40439
2022,ESP,CHN,54,45.0,12.0
2022,ESP,CHN,55,50.856149,12.884027
2022,ESP,CHN,56,53.61885,13.300009
2022,ESP,CHN,57,55.041504,12.747516
2022,ESP,CHN,58,59.894005,11.083455
2022,ESP,CHN,59,60.825733,10.866984
2022,ESP,CHN,60,62.0601,10.5802
2022,ESP,CHN,61,64.303249,10.031585
2022,ESP,CHN,62,64.698862,9.934828
2022,ESP,CHN,63,64.992809,9.862937
2022,ESP,CHN,64,65.7044,9.6889
2022,ESP,CHN,65,68.858995,8.881605
2022,ESP,CHN,66,69.3291,8.7613
2022,ESP,CHN,67,69.671733,8.6701
2022,ESP,CHN,68,69.999915,8.582747
2022,ESP,CHN,69,70.817426,8.365148
2022,ESP,CHN,70,75.966807,6.966807
2022,ESP,CHN,71,78.019032,6.387793
2022,ESP,CHN,72,80.1,5.8
2022,ESP,CHN,73,81.9,5.9
2022,ESP,CHN,74,85.9479,6.1983
2022,ESP,CHN,75,90.0,6.4664
2022,ESP,CHN,76,94.326449,6.157121
2022,ESP,CHN,77,98.128129,5.811729
2022,ESP,CHN,78,99.763807,4.084523
2022,ESP,CHN,79,100.6,3.2
2022,ESP,CHN,80,101.316415,2.586072
2022,ESP,CHN,81,102.0,2.0
2022,ESP,CHN,82,103.6,1.1
2022,ESP,CHN,83,103.861103,1.171415
2022,ESP,CHN,84,104.145848,1.249295
2022,ESP,CHN,85,104.482294,1.341312
2022,ESP,CHN,86,108.7023,8.3192
2022,ESP,CHN,87,110.027598,10.173186
2022,ESP,CHN,88,110.80697,11.263464
2022,ESP,CHN,89,111.0534,11.6082
2022,ESP,CHN,90,111.478346,12.523981
2022,ESP,CHN,91,112.965,15.7278
2022,ESP,CHN,92,114.338334,17.570129
2022,ESP,CHN,93,115.841059,19.666279
2022,ESP,CHN,94,116.5017,20.601113
2022,ESP,CHN,95,117.437994,21.922538
2022,ESP,CHN,96,118.030487,22.691517
2022,ESP,CHN,97,118.203464,22.930938
2022,ESP,CHN,98,118.724128,23.582665
2022,ESP,CHN,99,118.980046,23.949944
2022,ESP,CHN,100,119.33882,24.448861
2022,ESP,CHN,101,119.523707,24.707707
2022,ESP,CHN,102,119.761963,25.085599
2022,ESP,CHN,103,119.820497,25.236972
2022,ESP,CHN,104,120.0,25.7
2022,ESP,CHN,105,120.232569,26.078521
2022,ESP,CHN,106,120.787503,26.976762
2022,ESP,CHN,107,121.3,27.8
2022,ESP,CHN,108,122.23938,28.579698
2022,ESP,CHN,109,122.557297,29.38397
2022,ESP,CHN,110,122.652515,29.623632
2022,ESP,CHN,111,122.875214,30.181935
2022,ESP,CHN,112,122.878907,30.349364
2022,ESP,CHN,113,122.891141,30.901897
2022,ESP,CHN,114,122.66922,30.932268
2022,ESP,CHN,115,121.944122,31.062345
2022,RUS,CHN,0,30.172577,59.920613
2022,RUS,CHN,1,27.89978,60.17977
2022,RUS,CHN,2,27.125244,59.95226
2022,RUS,CHN,3,26.240845,59.971508
2022,RUS,CHN,4,24.7,59.8
2022,RUS,CHN,5,24.011424,59.701632
2022,RUS,CHN,6,22.6,59.5
2022,RUS,CHN,7,20.6,58.2
2022,RUS,CHN,8,18.118532,56.645032
2022,RUS,CHN,9,17.0,56.4
2022,RUS,CHN,10,16.209967,55.954553
2022,RUS,CHN,11,15.80658,55.72711
2022,RUS,CHN,12,14.374661,55.229033
2022,RUS,CHN,13,13.836081,55.240216
2022,RUS,CHN,14,13.229812,55.252805
2022,RUS,CHN,15,12.974851,55.258099
2022,RUS,CHN,16,12.68255,55.305583
2022,RUS,CHN,17,12.700195,55.514637
2022,RUS,CHN,18,12.75,55.9
2022,RUS,CHN,19,12.629725,56.063887
2022,RUS,CHN,20,12.409121,56.337379
2022,RUS,CHN,21,12.409118,56.337382
2022,RUS,CHN,22,11.988567,56.905254
2022,RUS,CHN,23,11.4,57.7
2022,RUS,CHN,24,10.7333,57.8
2022,RUS,CHN,25,9.952745,57.599859
2022,RUS,CHN,26,8.9354,57.406
2022,RUS,CHN,27,7.983627,56.821663
2022,RUS,CHN,28,7.7379,56.6708
2022,RUS,CHN,29,6.837383,55.808317
2022,RUS,CHN,30,6.475957,55.462156
2022,RUS,CHN,31,5.795345,54.764853
2022,RUS,CHN,32,5.343228,54.126148
2022,RUS,CHN,33,4.9,53.5
2022,RUS,CHN,34,3.900173,52.700139
2022,RUS,CHN,35,3.327388,52.241911
2022,RUS,CHN,36,3.044362,52.01549
2022,RUS,CHN,37,2.9,51.9
2022,RUS,CHN,38,2.3601,51.6089
2022,RUS,CHN,39,1.868984,51.235892
2022,RUS,CHN,40,1.648479,51.072443
2022,RUS,CHN,41,1.498302,50.961124
2022,RUS,CHN,42,1.3,50.8
2022,RUS,CHN,43,1.193894,50.765311
2022,RUS,CHN,44,0.39288,50.503441
2022,RUS,CHN,45,-0.343359,50.262748
2022,RUS,CHN,46,-0.545959,50.196513
2022,RUS,CHN,47,-0.671539,50.155459
2022,RUS,CHN,48,-1.3,49.95
2022,RUS,CHN,49,-1.47977,49.895072
2022,RUS,CHN,50,-1.665743,49.838248
2022,RUS,CHN,51,-1.93365,49.75639
2022,RUS,CHN,52,-1.992006,49.738559
2022,RUS,CHN,53,-2.39189,49.616376
2022,RUS,CHN,54,-3.197043,49.370363
2022,RUS,CHN,55,-3.986163,49.129249
2022,RUS,CHN,56,-4.030414,49.115729
2022,RUS,CHN,57,-4.270518,49.042365
2022,RUS,CHN,58,-5.06401,48.799916
2022,RUS,CHN,59,-5.5,48.6667
2022,RUS,CHN,60,-6.698867,47.340067
2022,RUS,CHN,61,-7.954994,45.668797
2022,RUS,CHN,62,-8.49576,44.934776
2022,RUS,CHN,63,-9.019938,43.924891
2022,RUS,CHN,64,-9.14264,43.688493
2022,RUS,CHN,65,-9.5,43.0
2022,RUS,CHN,66,-9.9844,40.7798
2022,RUS,CHN,67,-9.6,38.5
2022,RUS,CHN,68,-9.452092,37.781589
2022,RUS,CHN,69,-9.25,36.8
2022,RUS,CHN,70,-8.219465,36.549727
2022,RUS,CHN,71,-7.26966,36.31906
2022,RUS,CHN,72,-5.75,35.95
2022,RUS,CHN,73,-5.354867,35.968819
2022,RUS,CHN,74,-5.269383,35.97289
2022,RUS,CHN,75,-4.7,36.0
2022,RUS,CHN,76,-3.683043,36.156455
2022,RUS,CHN,77,-3.264225,36.220888
2022,RUS,CHN,78,-2.590675,36.324512
2022,RUS,CHN,79,-2.244793,36.377724
2022,RUS,CHN,80,-1.62439,36.473171
2022,RUS,CHN,81,-0.366667,36.666667
2022,RUS,CHN,82,3.1,37.2
2022,RUS,CHN,83,7.5,37.4
2022,RUS,CHN,84,10.373031,37.482087
2022,RUS,CHN,85,11.0,37.5
2022,RUS,CHN,86,11.172235,37.454891
2022,RUS,CHN,87,11.827836,37.283186
2022,RUS,CHN,88,12.086301,37.215493
2022,RUS,CHN,89,12.110644,37.209117
2022,RUS,CHN,90,13.263819,36.907095
2022,RUS,CHN,91,15.2,36.4
2022,RUS,CHN,92,16.726588,36.086854
2022,RUS,CHN,93,17.902084,35.845726
2022,RUS,CHN,94,21.407365,35.126694
2022,RUS,CHN,95,23.0,34.8
2022,RUS,CHN,96,24.926664,34.187436
2022,RUS,CHN,97,25.478721,34.011915
2022,RUS,CHN,98,26.306431,33.748752
2022,RUS,CHN,99,27.927542,33.219565
2022,RUS,CHN,100,28.212434,33.115811
2022,RUS,CHN,101,28.905525,32.863395
2022,RUS,CHN,102,30.408377,32.316071
2022,RUS,CHN,103,32.1,31.7
2022,RUS,CHN,104,32.359877,31.336373
2022,RUS,CHN,105,32.310104,31.102922
2022,RUS,CHN,106,32.382202,30.318359
2022,RUS,CHN,107,32.557983,30.213982
2022,RUS,CHN,108,32.6,29.7
2022,RUS,CHN,109,33.233643,28.444544
2022,RUS,CHN,110,34.5,27.0
2022,RUS,CHN,111,37.0,23.6
2022,RUS,CHN,112,37.786499,22.210682
2022,RUS,CHN,113,38.572998,20.807472
2022,RUS,CHN,114,41.000977,17.098792
2022,RUS,CHN,115,42.341309,14.509144
2022,RUS,CHN,116,42.541058,13.676089
2022,RUS,CHN,117,43.3,12.7
2022,RUS,CHN,118,43.746586,12.40439
2022,RUS,CHN,119,45.0,12.0
2022,RUS,CHN,120,50.856149,12.884027
2022,RUS,CHN,121,53.61885,13.300009
2022,RUS,CHN,122,55.041504,12.747516
2022,RUS,CHN,123,59.894005,11.083455
2022,RUS,CHN,124,60.825733,10.866984
2022,RUS,CHN,125,62.0601,10.5802
2022,RUS,CHN,126,64.303249,10.031585
2022,RUS,CHN,127,64.698862,9.934828
2022,RUS,CHN,128,64.992809,9.862937
2022,RUS,CHN,129,65.7044,9.6889
2022,RUS,CHN,130,68.858995,8.881605
2022,RUS,CHN,131,69.3291,8.7613
2022,RUS,CHN,132,69.671733,8.6701
2022,RUS,CHN,133,69.999915,8.582747
2022,RUS,CHN,134,70.817426,8.365148
2022,RUS,CHN,135,75.966807,6.966807
2022,RUS,CHN,136,78.019032,6.387793
2022,RUS,CHN,137,80.1,5.8
2022,RUS,CHN,138,81.9,5.9
2022,RUS,CHN,139,85.9479,6.1983
2022,RUS,CHN,140,90.0,6.4664
2022,RUS,CHN,141,94.326449,6.157121
2022,RUS,CHN,142,98.128129,5.811729
2022,RUS,CHN,143,99.763807,4.084523
2022,RUS,CHN,144,100.6,3.2
2022,RUS,CHN,145,101.316415,2.586072
2022,RUS,CHN,146,102.0,2.0
2022,RUS,CHN,147,103.6,1.1
2022,RUS,CHN,148,103.861103,1.171415
2022,RUS,CHN,149,104.145848,1.249295
2022,RUS,CHN,150,104.482294,1.341312
2022,RUS,CHN,151,108.7023,8.3192
2022,RUS,CHN,152,110.027598,10.173186
2022,RUS,CHN,153,110.80697,11.263464
2022,RUS,CHN,154,111.0534,11.6082
2022,RUS,CHN,155,111.478346,12.523981
2022,RUS,CHN,156,112.965,15.7278
2022,RUS,CHN,157,114.338334,17.570129
2022,RUS,CHN,158,115.841059,19.666279
2022,RUS,CHN,159,116.5017,20.601113
2022,RUS,CHN,160,117.437994,21.922538
2022,RUS,CHN,161,118.030487,22.691517
2022,RUS,CHN,162,118.203464,22.930938
2022,RUS,CHN,163,118.724128,23.582665
2022,RUS,CHN,164,118.980046,23.949944
2022,RUS,CHN,165,119.33882,24.448861
2022,RUS,CHN,166,119.523707,24.707707
2022,RUS,CHN,167,119.761963,25.085599
2022,RUS,CHN,168,119.820497,25.236972
2022,RUS,CHN,169,120.0,25.7
2022,RUS,CHN,170,120.232569,26.078521
2022,RUS,CHN,171,120.787503,26.976762
2022,RUS,CHN,172,121.3,27.8
2022,RUS,CHN,173,122.23938,28.579698
2022,RUS,CHN,174,122.557297,29.38397
2022,RUS,CHN,175,122.652515,29.623632
2022,RUS,CHN,176,122.875214,30.181935
2022,RUS,CHN,177,122.878907,30.349364
2022,RUS,CHN,178,122.891141,30.901897
2022,RUS,CHN,179,122.66922,30.932268
2022,RUS,CHN,180,121.944122,31.062345
2022,KAZ,CHN,0,51.138611,43.612217
2022,KAZ,CHN,1,50.818028,43.557566
2022,KAZ,CHN,2,47.8023,45.1174
2022,KAZ,CHN,3,47.782562,45.394294
2022,KAZ,CHN,4,47.698791,45.682042
2022,KAZ,CHN,5,47.637474,45.721894
2022,KAZ,CHN,6,47.645714,45.768157
2022,KAZ,CHN,7,47.684166,45.806481
2022,KAZ,CHN,8,47.671463,45.84765
2022,KAZ,CHN,9,47.622436,45.880277
2022,KAZ,CHN,10,47.662262,45.938593
2022,KAZ,CHN,11,47.62999,45.974889
2022,KAZ,CHN,12,47.694534,45.981573
2022,KAZ,CHN,13,47.704834,46.028271
2022,KAZ,CHN,14,47.742599,46.099295
2022,KAZ,CHN,15,47.817444,46.150242
2022,KAZ,CHN,16,47.849029,46.192582
2022,KAZ,CHN,17,47.908768,46.212552
2022,KAZ,CHN,18,48.039368,46.392098
2022,KAZ,CHN,19,47.976196,46.460286
2022,KAZ,CHN,20,48.033874,46.524607
2022,KAZ,CHN,21,48.017395,46.541621
2022,KAZ,CHN,22,47.906158,46.581298
2022,KAZ,CHN,23,47.892425,46.653022
2022,KAZ,CHN,24,47.832001,46.747251
2022,KAZ,CHN,25,47.714721,46.85891
2022,KAZ,CHN,26,47.604858,46.843876
2022,KAZ,CHN,27,47.604858,46.956531
2022,KAZ,CHN,28,47.077514,47.218471
2022,KAZ,CHN,29,47.121459,47.296802
2022,KAZ,CHN,30,46.978637,47.427097
2022,KAZ,CHN,31,46.874267,47.427097
2022,KAZ,CHN,32,46.55017,47.723704
2022,KAZ,CHN,33,46.352416,47.860317
2022,KAZ,CHN,34,46.154662,47.948739
2022,KAZ,CHN,35,46.176635,48.205773
2022,KAZ,CHN,36,46.00415,48.240877
2022,KAZ,CHN,37,45.888794,48.323167
2022,KAZ,CHN,38,45.563324,48.466398
2022,KAZ,CHN,39,45.368316,48.408059
2022,KAZ,CHN,40,45.097778,48.474597
2022,KAZ,CHN,41,44.976929,48.437986
2022,KAZ,CHN,42,44.905517,48.477167
2022,KAZ,CHN,43,44.625366,48.538156
2022,KAZ,CHN,44,44.557148,48.530549
2022,KAZ,CHN,45,44.551981,48.484619
2022,KAZ,CHN,46,44.503624,48.424983
2022,KAZ,CHN,47,44.483025,48.42202
2022,KAZ,CHN,48,44.347069,48.468501
2022,KAZ,CHN,49,44.206787,48.494017
2022,KAZ,CHN,50,44.160095,48.548619
2022,KAZ,CHN,51,44.063965,48.624963
2022,KAZ,CHN,52,43.967422,48.682195
2022,KAZ,CHN,53,43.694824,48.654066
2022,KAZ,CHN,54,43.32019,48.48606
2022,KAZ,CHN,55,42.728026,47.767294
2022,KAZ,CHN,56,42.090819,47.560018
2022,KAZ,CHN,57,40.915282,47.582266
2022,KAZ,CHN,58,40.508788,47.463503
2022,KAZ,CHN,59,40.201171,47.225172
2022,KAZ,CHN,60,39.695799,47.195305
2022,KAZ,CHN,61,39.267333,47.075668
2022,KAZ,CHN,62,39.0431,47.104
2022,KAZ,CHN,63,37.6629,46.8238
2022,KAZ,CHN,64,36.8592,45.6212
2022,KAZ,CHN,65,36.4,45.0
2022,KAZ,CHN,66,33.0,43.0
2022,KAZ,CHN,67,29.132431,41.242447
2022,KAZ,CHN,68,29.096026,41.186306
2022,KAZ,CHN,69,29.050519,41.15205
2022,KAZ,CHN,70,29.070542,41.117776
2022,KAZ,CHN,71,29.042328,41.050547
2022,KAZ,CHN,72,28.995,41.027893
2022,KAZ,CHN,73,28.977708,40.971568
2022,KAZ,CHN,74,28.501542,40.82216
2022,KAZ,CHN,75,28.449481,40.805825
2022,KAZ,CHN,76,27.277634,40.60495
2022,KAZ,CHN,77,26.768188,40.440676
2022,KAZ,CHN,78,26.2,40.1
2022,KAZ,CHN,79,26.143615,39.992927
2022,KAZ,CHN,80,26.097501,39.784356
2022,KAZ,CHN,81,25.953472,39.494984
2022,KAZ,CHN,82,25.825253,39.237374
2022,KAZ,CHN,83,25.830528,39.136019
2022,KAZ,CHN,84,26.022956,38.889479
2022,KAZ,CHN,85,26.157985,38.716479
2022,KAZ,CHN,86,26.308653,38.523442
2022,KAZ,CHN,87,26.269821,38.437945
2022,KAZ,CHN,88,26.184875,38.339023
2022,KAZ,CHN,89,26.172739,38.253308
2022,KAZ,CHN,90,26.366219,37.813395
2022,KAZ,CHN,91,26.430146,37.266748
2022,KAZ,CHN,92,26.635875,37.008989
2022,KAZ,CHN,93,27.002784,36.547109
2022,KAZ,CHN,94,27.030399,36.498505
2022,KAZ,CHN,95,27.2,36.2
2022,KAZ,CHN,96,27.548237,35.88019
2022,KAZ,CHN,97,28.180712,35.299346
2022,KAZ,CHN,98,28.881234,34.656009
2022,KAZ,CHN,99,28.964326,34.5797
2022,KAZ,CHN,100,29.595152,34.000371
2022,KAZ,CHN,101,29.703004,33.901323
2022,KAZ,CHN,102,30.699385,32.986279
2022,KAZ,CHN,103,30.765996,32.925106
2022,KAZ,CHN,104,32.1,31.7
2022,KAZ,CHN,105,32.359877,31.336373
2022,KAZ,CHN,106,32.310104,31.102922
2022,KAZ,CHN,107,32.382202,30.318359
2022,KAZ,CHN,108,32.557983,30.213982
2022,KAZ,CHN,109,32.6,29.7
2022,KAZ,CHN,110,33.233643,28.444544
2022,KAZ,CHN,111,34.5,27.0
2022,KAZ,CHN,112,37.0,23.6
2022,KAZ,CHN,113,37.786499,22.210682
2022,KAZ,CHN,114,38.572998,20.807472
2022,KAZ,CHN,115,41.000977,17.098792
2022,KAZ,CHN,116,42.341309,14.509144
2022,KAZ,CHN,117,42.541058,13.676089
2022,KAZ,CHN,118,43.3,12.7
2022,KAZ,CHN,119,43.746586,12.40439
2022,KAZ,CHN,120,45.0,12.0
2022,KAZ,CHN,121,50.856149,12.884027
2022,KAZ,CHN,122,53.61885,13.300009
2022,KAZ,CHN,123,55.041504,12.747516
2022,KAZ,CHN,124,59.894005,11.083455
2022,KAZ,CHN,125,60.825733,10.866984
2022,KAZ,CHN,126,62.0601,10.5802
2022,KAZ,CHN,127,64.303249,10.031585
2022,KAZ,CHN,128,64.698862,9.934828
2022,KAZ,CHN,129,64.992809,9.862937
2022,KAZ,CHN,130,65.7044,9.6889
2022,KAZ,CHN,131,68.858995,8.881605
2022,KAZ,CHN,132,69.3291,8.7613
2022,KAZ,CHN,133,69.671733,8.6701
2022,KAZ,CHN,134,69.999915,8.582747
2022,KAZ,CHN,135,70.817426,8.365148
2022,KAZ,CHN,136,75.966807,6.966807
2022,KAZ,CHN,137,78.019032,6.387793
2022,KAZ,CHN,138,80.1,5.8
2022,KAZ,CHN,139,81.9,5.9
2022,KAZ,CHN,140,85.9479,6.1983
2022,KAZ,CHN,141,90.0,6.4664
2022,KAZ,CHN,142,94.326449,6.157121
2022,KAZ,CHN,143,98.128129,5.811729
2022,KAZ,CHN,144,99.763807,4.084523
2022,KAZ,CHN,145,100.6,3.2
2022,KAZ,CHN,146,101.316415,2.586072
2022,KAZ,CHN,147,102.0,2.0
2022,KAZ,CHN,148,103.6,1.1
2022,KAZ,CHN,149,103.861103,1.171415
2022,KAZ,CHN,150,104.145848,1.249295
2022,KAZ,CHN,151,104.482294,1.341312
2022,KAZ,CHN,152,108.7023,8.3192
2022,KAZ,CHN,153,110.027598,10.173186
2022,KAZ,CHN,154,110.80697,11.263464
2022,KAZ,CHN,155,111.0534,11.6082
2022,KAZ,CHN,156,111.478346,12.523981
2022,KAZ,CHN,157,112.965,15.7278
2022,KAZ,CHN,158,114.338334,17.570129
2022,KAZ,CHN,159,115.841059,19.666279
2022,KAZ,CHN,160,116.5017,20.601113
2022,KAZ,CHN,161,117.437994,21.922538
2022,KAZ,CHN,162,118.030487,22.691517
2022,KAZ,CHN,163,118.203464,22.930938
2022,KAZ,CHN,164,118.724128,23.582665
2022,KAZ,CHN,165,118.980046,23.949944
2022,KAZ,CHN,166,119.33882,24.448861
2022,KAZ,CHN,167,119.523707,24.707707
2022,KAZ,CHN,168,119.761963,25.085599
2022,KAZ,CHN,169,119.820497,25.236972
2022,KAZ,CHN,170,120.0,25.7
2022,KAZ,CHN,171,120.232569,26.078521
2022,KAZ,CHN,172,120.787503,26.976762
2022,KAZ,CHN,173,121.3,27.8
2022,KAZ,CHN,174,122.23938,28.579698
2022,KAZ,CHN,175,122.557297,29.38397
2022,KAZ,CHN,176,122.652515,29.623632
2022,KAZ,CHN,177,122.875214,30.181935
2022,KAZ,CHN,178,122.878907,30.349364
2022,KAZ,CHN,179,122.891141,30.901897
2022,KAZ,CHN,180,122.66922,30.932268
2022,KAZ,CHN,181,121.944122,31.062345
2023,MYS,KOR,0,101.351624,2.99927
2023,MYS,KOR,1,101.34613,3.074695
2023,MYS,KOR,2,101.273346,3.12269
2023,MYS,KOR,3,100.6,3.2
2023,MYS,KOR,4,101.316415,2.586072
2023,MYS,KOR,5,102.0,2.0
2023,MYS,KOR,6,103.6,1.1
2023,MYS,KOR,7,103.861103,1.171415
2023,MYS,KOR,8,104.145848,1.249295
2023,MYS,KOR,9,104.482294,1.341312
2023,MYS,KOR,10,108.7023,8.3192
2023,MYS,KOR,11,110.027598,10.173186
2023,MYS,KOR,12,110.80697,11.263464
2023,MYS,KOR,13,111.0534,11.6082
2023,MYS,KOR,14,111.478346,12.523981
2023,MYS,KOR,15,112.965,15.7278
2023,MYS,KOR,16,114.338334,17.570129
2023,MYS,KOR,17,115.841059,19.666279
2023,MYS,KOR,18,116.5017,20.601113
2023,MYS,KOR,19,117.437994,21.922538
2023,MYS,KOR,20,118.030487,22.691517
2023,MYS,KOR,21,118.203464,22.930938
2023,MYS,KOR,22,118.724128,23.582665
2023,MYS,KOR,23,118.980046,23.949944
2023,MYS,KOR,24,119.33882,24.448861
2023,MYS,KOR,25,119.523707,24.707707
2023,MYS,KOR,26,119.761963,25.085599
2023,MYS,KOR,27,119.820497,25.236972
2023,MYS,KOR,28,120.0,25.7
2023,MYS,KOR,29,120.232569,26.078521
2023,MYS,KOR,30,120.787503,26.976762
2023,MYS,KOR,31,121.3,27.8
2023,MYS,KOR,32,122.23938,28.579698
2023,MYS,KOR,33,122.557297,29.38397
2023,MYS,KOR,34,122.652515,29.623632
2023,MYS,KOR,35,122.875214,30.181935
2023,MYS,KOR,36,122.878907,30.349364
2023,MYS,KOR,37,122.891141,30.901897
2023,MYS,KOR,38,122.9,31.3
2023,MYS,KOR,39,125.34383,32.983736
2023,MYS,KOR,40,126.035156,33.45436
2023,MYS,KOR,41,126.643151,33.735423
2023,MYS,KOR,42,127.444583,34.104419
2023,MYS,KOR,43,128.16925,34.40691
2023,MYS,KOR,44,128.916321,34.761923
2023,MYS,KOR,45,129.2,35.0
2023,AUS,SWE,0,118.6,-19.6
2023,AUS,SWE,1,116.664478,-20.18796
2023,AUS,SWE,2,114.5,-20.9
2023,AUS,SWE,3,113.379129,-21.524903
2023,AUS,SWE,4,112.686952,-21.910802
2023,AUS,SWE,5,111.835796,-22.385334
2023,AUS,SWE,6,110.809354,-22.957591
2023,AUS,SWE,7,110.632363,-22.913768
2023,AUS,SWE,8,106.4209,-21.871
2023,AUS,SWE,9,100.0,-20.0
2023,AUS,SWE,10,90.0,-20.0
2023,AUS,SWE,11,86.989753,-17.784076
2023,AUS,SWE,12,84.280892,-15.879421
2023,AUS,SWE,13,82.853149,-14.861447
2023,AUS,SWE,14,80.00045,-12.813894
2023,AUS,SWE,15,78.415232,-11.663869
2023,AUS,SWE,16,76.167517,-10.028129
2023,AUS,SWE,17,74.86096,-9.062149
2023,AUS,SWE,18,72.534164,-7.335598
2023,AUS,SWE,19,71.143256,-6.071941
2023,AUS,SWE,20,70.0003,-5.001776
2023,AUS,SWE,21,67.449371,-2.586972
2023,AUS,SWE,22,66.998946,-2.158083
2023,AUS,SWE,23,64.901577,-0.16069
2023,AUS,SWE,24,64.732936,-1.1e-05
2023,AUS,SWE,25,62.291959,2.325
2023,AUS,SWE,26,60.528485,3.996958
2023,AUS,SWE,27,59.99973,4.498272
2023,AUS,SWE,28,57.133366,7.184484
2023,AUS,SWE,29,52.3,11.6
2023,AUS,SWE,30,50.856149,12.884027
2023,AUS,SWE,31,45.0,12.0
2023,AUS,SWE,32,43.746586,12.40439
2023,AUS,SWE,33,43.3,12.7
2023,AUS,SWE,34,42.541058,13.676089
2023,AUS,SWE,35,42.341309,14.509144
2023,AUS,SWE,36,41.000977,17.098792
2023,AUS,SWE,37,38.572998,20.807472
2023,AUS,SWE,38,37.786499,22.210682
2023,AUS,SWE,39,37.0,23.6
2023,AUS,SWE,40,34.5,27.0
2023,AUS,SWE,41,33.233643,28.444544
2023,AUS,SWE,42,32.6,29.7
2023,AUS,SWE,43,32.557983,30.213982
2023,AUS,SWE,44,32.382202,30.318359
2023,AUS,SWE,45,32.310104,31.102922
2023,AUS,SWE,46,32.359877,31.336373
2023,AUS,SWE,47,32.1,31.7
2023,AUS,SWE,48,30.408377,32.316071
2023,AUS,SWE,49,28.905525,32.863395
2023,AUS,SWE,50,28.212434,33.115811
2023,AUS,SWE,51,27.927542,33.219565
2023,AUS,SWE,52,26.306431,33.748752
2023,AUS,SWE,53,25.478721,34.011915
2023,AUS,SWE,54,24.926664,34.187436
2023,AUS,SWE,55,23.0,34.8
2023,AUS,SWE,56,21.407365,35.126694
2023,AUS,SWE,57,17.902084,35.845726
2023,AUS,SWE,58,16.726588,36.086854
2023,AUS,SWE,59,15.2,36.4
2023,AUS,SWE,60,13.263819,36.907095
2023,AUS,SWE,61,12.110644,37.209117
2023,AUS,SWE,62,12.086301,37.215493
2023,AUS,SWE,63,11.827836,37.283186
2023,AUS,SWE,64,11.172235,37.454891
2023,AUS,SWE,65,11.0,37.5
2023,AUS,SWE,66,10.373031,37.482087
2023,AUS,SWE,67,7.5,37.4
2023,AUS,SWE,68,3.1,37.2
2023,AUS,SWE,69,-0.366667,36.666667
2023,AUS,SWE,70,-1.62439,36.473171
2023,AUS,SWE,71,-2.244793,36.377724
2023,AUS,SWE,72,-2.590675,36.324512
2023,AUS,SWE,73,-3.264225,36.220888
2023,AUS,SWE,74,-3.683043,36.156455
2023,AUS,SWE,75,-4.7,36.0
2023,AUS,SWE,76,-5.269383,35.97289
2023,AUS,SWE,77,-5.354867,35.968819
2023,AUS,SWE,78,-5.75,35.95
2023,AUS,SWE,79,-7.26966,36.31906
2023,AUS,SWE,80,-8.219465,36.549727
2023,AUS,SWE,81,-9.25,36.8
2023,AUS,SWE,82,-9.452092,37.781589
2023,AUS,SWE,83,-9.6,38.5
2023,AUS,SWE,84,-9.9844,40.7798
2023,AUS,SWE,85,-9.5,43.0
2023,AUS,SWE,86,-9.14264,43.688493
2023,AUS,SWE,87,-9.019938,43.924891
2023,AUS,SWE,88,-8.49576,44.934776
2023,AUS,SWE,89,-7.954994,45.668797
2023,AUS,SWE,90,-6.698867,47.340067
2023,AUS,SWE,91,-5.5,48.6667
2023,AUS,SWE,92,-5.06401,48.799916
2023,AUS,SWE,93,-4.270518,49.042365
2023,AUS,SWE,94,-4.030414,49.115729
2023,AUS,SWE,95,-3.986163,49.129249
2023,AUS,SWE,96,-3.197043,49.370363
2023,AUS,SWE,97,-2.39189,49.616376
2023,AUS,SWE,98,-1.992006,49.738559
2023,AUS,SWE,99,-1.93365,49.75639
2023,AUS,SWE,100,-1.665743,49.838248
2023,AUS,SWE,101,-1.47977,49.895072
2023,AUS,SWE,102,-1.3,49.95
2023,AUS,SWE,103,-0.671539,50.155459
2023,AUS,SWE,104,-0.545959,50.196513
2023,AUS,SWE,105,-0.343359,50.262748
2023,AUS,SWE,106,0.39288,50.503441
2023,AUS,SWE,107,1.193894,50.765311
2023,AUS,SWE,108,1.3,50.8
2023,AUS,SWE,109,1.498302,50.961124
2023,AUS,SWE,110,1.648479,51.072443
2023,AUS,SWE,111,1.868984,51.235892
2023,AUS,SWE,112,2.3601,51.6089
2023,AUS,SWE,113,2.9,51.9
2023,AUS,SWE,114,3.044362,52.01549
2023,AUS,SWE,115,3.327388,52.241911
2023,AUS,SWE,116,3.900173,52.700139
2023,AUS,SWE,117,4.9,53.5
2023,AUS,SWE,118,5.343228,54.126148
2023,AUS,SWE,119,5.795345,54.764853
2023,AUS,SWE,120,6.475957,55.462156
2023,AUS,SWE,121,6.837383,55.808317
2023,AUS,SWE,122,7.7379,56.6708
2023,AUS,SWE,123,7.983627,56.821663
2023,AUS,SWE,124,8.9354,57.406
2023,AUS,SWE,125,9.952745,57.599859
2023,AUS,SWE,126,10.7333,57.8
2023,AUS,SWE,127,11.4,57.7
2023,AUS,SWE,128,11.524055,57.879429
2023,KOR,ITA,0,129.2,35.0
2023,KOR,ITA,1,128.916321,34.761923
2023,KOR,ITA,2,128.16925,34.40691
2023,KOR,ITA,3,127.444583,34.104419
2023,KOR,ITA,4,126.643151,33.735423
2023,KOR,ITA,5,126.035156,33.45436
2023,KOR,ITA,6,125.34383,32.983736
2023,KOR,ITA,7,122.9,31.3
2023,KOR,ITA,8,122.891141,30.901897
2023,KOR,ITA,9,122.878907,30.349364
2023,KOR,ITA,10,122.875214,30.181935
2023,KOR,ITA,11,122.652515,29.623632
2023,KOR,ITA,12,122.557297,29.38397
2023,KOR,ITA,13,122.23938,28.579698
2023,KOR,ITA,14,121.3,27.8
2023,KOR,ITA,15,120.787503,26.976762
2023,KOR,ITA,16,120.232569,26.078521
2023,KOR,ITA,17,120.0,25.7
2023,KOR,ITA,18,119.820497,25.236972
2023,KOR,ITA,19,119.761963,25.085599
2023,KOR,ITA,20,119.523707,24.707707
2023,KOR,ITA,21,119.33882,24.448861
2023,KOR,ITA,22,118.980046,23.949944
2023,KOR,ITA,23,118.724128,23.582665
2023,KOR,ITA,24,118.203464,22.930938
2023,KOR,ITA,25,118.030487,22.691517
2023,KOR,ITA,26,117.437994,21.922538
2023,KOR,ITA,27,116.5017,20.601113
2023,KOR,ITA,28,115.841059,19.666279
2023,KOR,ITA,29,114.338334,17.570129
2023,KOR,ITA,30,112.965,15.7278
2023,KOR,ITA,31,111.478346,12.523981
2023,KOR,ITA,32,111.0534,11.6082
2023,KOR,ITA,33,110.80697,11.263464
2023,KOR,ITA,34,110.027598,10.173186
2023,KOR,ITA,35,108.7023,8.3192
2023,KOR,ITA,36,104.482294,1.341312
2023,KOR,ITA,37,104.145848,1.249295
2023,KOR,ITA,38,103.861103,1.171415
2023,KOR,ITA,39,103.6,1.1
2023,KOR,ITA,40,102.0,2.0
2023,KOR,ITA,41,101.316415,2.586072
2023,KOR,ITA,42,100.6,3.2
2023,KOR,ITA,43,99.763807,4.084523
2023,KOR,ITA,44,98.128129,5.811729
2023,KOR,ITA,45,94.326449,6.157121
2023,KOR,ITA,46,90.0,6.4664
2023,KOR,ITA,47,85.9479,6.1983
2023,KOR,ITA,48,81.9,5.9
2023,KOR,ITA,49,80.1,5.8
2023,KOR,ITA,50,78.019032,6.387793
2023,KOR,ITA,51,75.966807,6.966807
2023,KOR,ITA,52,70.817426,8.365148
2023,KOR,ITA,53,69.999915,8.582747
2023,KOR,ITA,54,69.671733,8.6701
2023,KOR,ITA,55,69.3291,8.7613
2023,KOR,ITA,56,68.858995,8.881605
2023,KOR,ITA,57,65.7044,9.6889
2023,KOR,ITA,58,64.992809,9.862937
2023,KOR,ITA,59,64.698862,9.934828
2023,KOR,ITA,60,64.303249,10.031585
2023,KOR,ITA,61,62.0601,10.5802
2023,KOR,ITA,62,60.825733,10.866984
2023,KOR,ITA,63,59.894005,11.083455
2023,KOR,ITA,64,55.041504,12.747516
2023,KOR,ITA,65,53.61885,13.300009
2023,KOR,ITA,66,50.856149,12.884027
2023,KOR,ITA,67,45.0,12.0
2023,KOR,ITA,68,43.746586,12.40439
2023,KOR,ITA,69,43.3,12.7
2023,KOR,ITA,70,42.541058,13.676089
2023,KOR,ITA,71,42.341309,14.509144
2023,KOR,ITA,72,41.000977,17.098792
2023,KOR,ITA,73,38.572998,20.807472
2023,KOR,ITA,74,37.786499,22.210682
2023,KOR,ITA,75,37.0,23.6
2023,KOR,ITA,76,34.5,27.0
2023,KOR,ITA,77,33.233643,28.444544
2023,KOR,ITA,78,32.6,29.7
2023,KOR,ITA,79,32.557983,30.213982
2023,KOR,ITA,80,32.382202,30.318359
2023,KOR,ITA,81,32.310104,31.102922
2023,KOR,ITA,82,32.359877,31.336373
2023,KOR,ITA,83,32.1,31.7
2023,KOR,ITA,84,30.408377,32.316071
2023,KOR,ITA,85,28.905525,32.863395
2023,KOR,ITA,86,28.212434,33.115811
2023,KOR,ITA,87,27.927542,33.219565
2023,KOR,ITA,88,26.306431,33.748752
2023,KOR,ITA,89,25.478721,34.011915
2023,KOR,ITA,90,24.926664,34.187436
2023,KOR,ITA,91,23.0,34.8
2023,KOR,ITA,92,21.77807,35.299098
2023,KOR,ITA,93,19.552876,36.20798
2023,KOR,ITA,94,19.23473,36.337927
2023,KOR,ITA,95,18.123961,36.791622
2023,KOR,ITA,96,15.9,37.7
2023,KOR,ITA,97,15.571908,37.844599
2023,KOR,ITA,98,15.557174,38.032185
2023,KOR,ITA,99,15.608743,38.230867
2023,KOR,ITA,100,15.711882,38.273843
2023,KOR,ITA,101,15.727668,38.366322
2023,KOR,ITA,102,15.4,38.8
2023,KOR,ITA,103,14.145004,39.572698
2023,KOR,ITA,104,13.827598,39.768124
2023,KOR,ITA,105,13.227763,40.137441
2023,KOR,ITA,106,13.02217,40.264024
2023,KOR,ITA,107,12.360453,40.671442
2023,KOR,ITA,108,12.249699,40.926028
2023,KOR,ITA,109,12.0,41.5
2023,KOR,ITA,110,11.547236,41.852706
2023,KOR,ITA,111,11.423529,41.948769
2023,KOR,ITA,112,11.35892,41.99894
2023,KOR,ITA,113,11.1,42.2
2023,KOR,ITA,114,10.536509,42.836874
2023,KOR,ITA,115,10.188081,43.360624
2023,KOR,ITA,116,10.0,43.6
2023,KOR,ITA,117,9.402194,44.002769
2023,KOR,ITA,118,8.960037,44.378349
2023,USA,FRA,0,-118.194489,33.703898
2023,USA,FRA,1,-118.1215,33.6276
2023,USA,FRA,2,-117.435608,33.167445
2023,USA,FRA,3,-117.3,32.7
2023,USA,FRA,4,-115.2,27.5
2023,USA,FRA,5,-112.510986,24.716895
2023,USA,FRA,6,-109.7,22.5
2023,USA,FRA,7,-106.489938,20.102998
2023,USA,FRA,8,-103.40332,17.983958
2023,USA,FRA,9,-99.9,16.5
2023,USA,FRA,10,-99.913376,15.63055
2023,USA,FRA,11,-90.991341,11.48884
2023,USA,FRA,12,-89.110835,10.580401
2023,USA,FRA,13,-87.997356,10.035818
2023,USA,FRA,14,-82.8,7.4167
2023,USA,FRA,15,-81.4,6.9
2023,USA,FRA,16,-80.227822,6.983728
2023,USA,FRA,17,-79.672852,7.422389
2023,USA,FRA,18,-79.5,8.6
2023,USA,FRA,19,-79.494118,8.796576
2023,USA,FRA,20,-79.585922,8.992656
2023,USA,FRA,21,-79.641747,9.035982
2023,USA,FRA,22,-79.689331,9.10639
2023,USA,FRA,23,-79.741379,9.118236
2023,USA,FRA,24,-79.803246,9.118307
2023,USA,FRA,25,-79.821304,9.173012
2023,USA,FRA,26,-79.900612,9.208176
2023,USA,FRA,27,-80.0,9.75
2023,USA,FRA,28,-74.970687,13.668227
2023,USA,FRA,29,-74.9584,13.6778
2023,USA,FRA,30,-73.284043,14.906532
2023,USA,FRA,31,-72.249859,15.665471
2023,USA,FRA,32,-72.224911,15.683779
2023,USA,FRA,33,-71.579995,16.157053
2023,USA,FRA,34,-71.173962,16.455021
2023,USA,FRA,35,-69.75,17.5
2023,USA,FRA,36,-68.615112,17.952606
2023,USA,FRA,37,-67.95,18.5
2023,USA,FRA,38,-67.331093,19.128409
2023,USA,FRA,39,-67.097137,19.365958
2023,USA,FRA,40,-67.057838,19.40586
2023,USA,FRA,41,-66.934172,19.531425
2023,USA,FRA,42,-66.754064,19.714298
2023,USA,FRA,43,-66.667107,19.80259
2023,USA,FRA,44,-66.628548,19.841741
2023,USA,FRA,45,-66.605655,19.864985
2023,USA,FRA,46,-66.504998,19.967188
2023,USA,FRA,47,-66.441166,20.032
2023,USA,FRA,48,-66.320768,20.154246
2023,USA,FRA,49,-65.0321,21.4627
2023,USA,FRA,50,-63.113598,23.300654
2023,USA,FRA,51,-60.618883,25.604749
2023,USA,FRA,52,-60.001076,26.15807
2023,USA,FRA,53,-58.8184,27.2173
2023,USA,FRA,54,-57.951012,27.936496
2023,USA,FRA,55,-57.878884,27.996301
2023,USA,FRA,56,-56.6607,29.00636
2023,USA,FRA,57,-55.346294,30.087016
2023,USA,FRA,58,-52.246233,32.44219
2023,USA,FRA,59,-51.699014,32.839924
2023,USA,FRA,60,-50.001683,34.008615
2023,USA,FRA,61,-48.55276,35.006266
2023,USA,FRA,62,-46.192316,36.486048
2023,USA,FRA,63,-44.2375,37.6913
2023,USA,FRA,64,-40.0,40.0
2023,USA,FRA,65,-37.894086,40.959473
2023,USA,FRA,66,-34.863425,42.340269
2023,USA,FRA,67,-32.990451,43.193613
2023,USA,FRA,68,-32.7508,43.3028
2023,USA,FRA,69,-30.002556,44.262362
2023,USA,FRA,70,-25.548163,45.817634
2023,USA,FRA,71,-24.7426,46.0989
2023,USA,FRA,72,-24.113938,46.255613
2023,USA,FRA,73,-20.001632,47.280732
2023,USA,FRA,74,-17.925346,47.79831
2023,USA,FRA,75,-16.888237,48.056841
2023,USA,FRA,76,-15.9842,48.2822
2023,USA,FRA,77,-14.710836,48.481015
2023,USA,FRA,78,-13.147736,48.725068
2023,USA,FRA,79,-10.632436,49.138636
2023,USA,FRA,80,-6.709922,49.73023
2023,USA,FRA,81,-6.5833,49.75
2023,USA,FRA,82,-5.979701,49.782237
2023,USA,FRA,83,-5.740436,49.795016
2023,USA,FRA,84,-5.630965,49.800862
2023,USA,FRA,85,-5.491611,49.808305
2023,USA,FRA,86,-4.868405,49.841589
2023,USA,FRA,87,-4.088283,49.883253
2023,USA,FRA,88,-2.93586,49.944802
2023,USA,FRA,89,-2.185907,49.984855
2023,USA,FRA,90,-2.054102,49.991895
2023,USA,FRA,91,-2.049842,49.991658
2023,USA,FRA,92,-1.922118,49.984562
2023,USA,FRA,93,-1.852691,49.980705
2023,USA,FRA,94,-1.699789,49.97221
2023,USA,FRA,95,-1.441104,49.957839
2023,USA,FRA,96,-1.3,49.95
2023,USA,FRA,97,-0.754538,49.742898
2023,USA,FRA,98,-0.390945,49.604849
2023,USA,FRA,99,-0.109,49.4978
2023,USA,FRA,100,0.082233,49.485898
2023,RUS,CHN,0,30.172577,59.920613
2023,RUS,CHN,1,27.89978,60.17977
2023,RUS,CHN,2,27.125244,59.95226
2023,RUS,CHN,3,26.240845,59.971508
2023,RUS,CHN,4,24.7,59.8
2023,RUS,CHN,5,24.011424,59.701632
2023,RUS,CHN,6,22.6,59.5
2023,RUS,CHN,7,20.6,58.2
2023,RUS,CHN,8,18.118532,56.645032
2023,RUS,CHN,9,17.0,56.4
2023,RUS,CHN,10,16.209967,55.954553
2023,RUS,CHN,11,15.80658,55.72711
2023,RUS,CHN,12,14.374661,55.229033
2023,RUS,CHN,13,13.836081,55.240216
2023,RUS,CHN,14,13.229812,55.252805
2023,RUS,CHN,15,12.974851,55.258099
2023,RUS,CHN,16,12.68255,55.305583
2023,RUS,CHN,17,12.700195,55.514637
2023,RUS,CHN,18,12.75,55.9
2023,RUS,CHN,19,12.629725,56.063887
2023,RUS,CHN,20,12.409121,56.337379
2023,RUS,CHN,21,12.409118,56.337382
2023,RUS,CHN,22,11.988567,56.905254
2023,RUS,CHN,23,11.4,57.7
2023,RUS,CHN,24,10.7333,57.8
2023,RUS,CHN,25,9.952745,57.599859
2023,RUS,CHN,26,8.9354,57.406
2023,RUS,CHN,27,7.983627,56.821663
2023,RUS,CHN,28,7.7379,56.6708
2023,RUS,CHN,29,6.837383,55.808317
2023,RUS,CHN,30,6.475957,55.462156
2023,RUS,CHN,31,5.795345,54.764853
2023,RUS,CHN,32,5.343228,54.126148
2023,RUS,CHN,33,4.9,53.5
2023,RUS,CHN,34,3.900173,52.700139
2023,RUS,CHN,35,3.327388,52.241911
2023,RUS,CHN,36,3.044362,52.01549
2023,RUS,CHN,37,2.9,51.9
2023,RUS,CHN,38,2.3601,51.6089
2023,RUS,CHN,39,1.868984,51.235892
2023,RUS,CHN,40,1.648479,51.072443
2023,RUS,CHN,41,1.498302,50.961124
2023,RUS,CHN,42,1.3,50.8
2023,RUS,CHN,43,1.193894,50.765311
2023,RUS,CHN,44,0.39288,50.503441
2023,RUS,CHN,45,-0.343359,50.262748
2023,RUS,CHN,46,-0.545959,50.196513
2023,RUS,CHN,47,-0.671539,50.155459
2023,RUS,CHN,48,-1.3,49.95
2023,RUS,CHN,49,-1.47977,49.895072
2023,RUS,CHN,50,-1.665743,49.838248
2023,RUS,CHN,51,-1.93365,49.75639
2023,RUS,CHN,52,-1.992006,49.738559
2023,RUS,CHN,53,-2.39189,49.616376
2023,RUS,CHN,54,-3.197043,49.370363
2023,RUS,CHN,55,-3.986163,49.129249
2023,RUS,CHN,56,-4.030414,49.115729
2023,RUS,CHN,57,-4.270518,49.042365
2023,RUS,CHN,58,-5.06401,48.799916
2023,RUS,CHN,59,-5.5,48.6667
2023,RUS,CHN,60,-6.698867,47.340067
2023,RUS,CHN,61,-7.954994,45.668797
2023,RUS,CHN,62,-8.49576,44.934776
2023,RUS,CHN,63,-9.019938,43.924891
2023,RUS,CHN,64,-9.14264,43.688493
2023,RUS,CHN,65,-9.5,43.0
2023,RUS,CHN,66,-9.9844,40.7798
2023,RUS,CHN,67,-9.6,38.5
2023,RUS,CHN,68,-9.452092,37.781589
2023,RUS,CHN,69,-9.25,36.8
2023,RUS,CHN,70,-8.219465,36.549727
2023,RUS,CHN,71,-7.26966,36.31906
2023,RUS,CHN,72,-5.75,35.95
2023,RUS,CHN,73,-5.354867,35.968819
2023,RUS,CHN,74,-5.269383,35.97289
2023,RUS,CHN,75,-4.7,36.0
2023,RUS,CHN,76,-3.683043,36.156455
2023,RUS,CHN,77,-3.264225,36.220888
2023,RUS,CHN,78,-2.590675,36.324512
2023,RUS,CHN,79,-2.244793,36.377724
2023,RUS,CHN,80,-1.62439,36.473171
2023,RUS,CHN,81,-0.366667,36.666667
2023,RUS,CHN,82,3.1,37.2
2023,RUS,CHN,83,7.5,37.4
2023,RUS,CHN,84,10.373031,37.482087
2023,RUS,CHN,85,11.0,37.5
2023,RUS,CHN,86,11.172235,37.454891
2023,RUS,CHN,87,11.827836,37.283186
2023,RUS,CHN,88,12.086301,37.215493
2023,RUS,CHN,89,12.110644,37.209117
2023,RUS,CHN,90,13.263819,36.907095
2023,RUS,CHN,91,15.2,36.4
2023,RUS,CHN,92,16.726588,36.086854
2023,RUS,CHN,93,17.902084,35.845726
2023,RUS,CHN,94,21.407365,35.126694
2023,RUS,CHN,95,23.0,34.8
2023,RUS,CHN,96,24.926664,34.187436
2023,RUS,CHN,97,25.478721,34.011915
2023,RUS,CHN,98,26.306431,33.748752
2023,RUS,CHN,99,27.927542,33.219565
2023,RUS,CHN,100,28.212434,33.115811
2023,RUS,CHN,101,28.905525,32.863395
2023,RUS,CHN,102,30.408377,32.316071
2023,RUS,CHN,103,32.1,31.7
2023,RUS,CHN,104,32.359877,31.336373
2023,RUS,CHN,105,32.310104,31.102922
2023,RUS,CHN,106,32.382202,30.318359
2023,RUS,CHN,107,32.557983,30.213982
2023,RUS,CHN,108,32.6,29.7
2023,RUS,CHN,109,33.233643,28.444544
2023,RUS,CHN,110,34.5,27.0
2023,RUS,CHN,111,37.0,23.6
2023,RUS,CHN,112,37.786499,22.210682
2023,RUS,CHN,113,38.572998,20.807472
2023,RUS,CHN,114,41.000977,17.098792
2023,RUS,CHN,115,42.341309,14.509144
2023,RUS,CHN,116,42.541058,13.676089
2023,RUS,CHN,117,43.3,12.7
2023,RUS,CHN,118,43.746586,12.40439
2023,RUS,CHN,119,45.0,12.0
2023,RUS,CHN,120,50.856149,12.884027
2023,RUS,CHN,121,53.61885,13.300009
2023,RUS,CHN,122,55.041504,12.747516
2023,RUS,CHN,123,59.894005,11.083455
2023,RUS,CHN,124,60.825733,10.866984
2023,RUS,CHN,125,62.0601,10.5802
2023,RUS,CHN,126,64.303249,10.031585
2023,RUS,CHN,127,64.698862,9.934828
2023,RUS,CHN,128,64.992809,9.862937
2023,RUS,CHN,129,65.7044,9.6889
2023,RUS,CHN,130,68.858995,8.881605
2023,RUS,CHN,131,69.3291,8.7613
2023,RUS,CHN,132,69.671733,8.6701
2023,RUS,CHN,133,69.999915,8.582747
2023,RUS,CHN,134,70.817426,8.365148
2023,RUS,CHN,135,75.966807,6.966807
2023,RUS,CHN,136,78.019032,6.387793
2023,RUS,CHN,137,80.1,5.8
2023,RUS,CHN,138,81.9,5.9
2023,RUS,CHN,139,85.9479,6.1983
2023,RUS,CHN,140,90.0,6.4664
2023,RUS,CHN,141,94.326449,6.157121
2023,RUS,CHN,142,98.128129,5.811729
2023,RUS,CHN,143,99.763807,4.084523
2023,RUS,CHN,144,100.6,3.2
2023,RUS,CHN,145,101.316415,2.586072
2023,RUS,CHN,146,102.0,2.0
2023,RUS,CHN,147,103.6,1.1
2023,RUS,CHN,148,103.861103,1.171415
2023,RUS,CHN,149,104.145848,1.249295
2023,RUS,CHN,150,104.482294,1.341312
2023,RUS,CHN,151,108.7023,8.3192
2023,RUS,CHN,152,110.027598,10.173186
2023,RUS,CHN,153,110.80697,11.263464
2023,RUS,CHN,154,111.0534,11.6082
2023,RUS,CHN,155,111.478346,12.523981
2023,RUS,CHN,156,112.965,15.7278
2023,RUS,CHN,157,114.338334,17.570129
2023,RUS,CHN,158,115.841059,19.666279
2023,RUS,CHN,159,116.5017,20.601113
2023,RUS,CHN,160,117.437994,21.922538
2023,RUS,CHN,161,118.030487,22.691517
2023,RUS,CHN,162,118.203464,22.930938
2023,RUS,CHN,163,118.724128,23.582665
2023,RUS,CHN,164,118.980046,23.949944
2023,RUS,CHN,165,119.33882,24.448861
2023,RUS,CHN,166,119.523707,24.707707
2023,RUS,CHN,167,119.761963,25.085599
2023,RUS,CHN,168,119.820497,25.236972
2023,RUS,CHN,169,120.0,25.7
2023,RUS,CHN,170,120.232569,26.078521
2023,RUS,CHN,171,120.787503,26.976762
2023,RUS,CHN,172,121.3,27.8
2023,RUS,CHN,173,122.23938,28.579698
2023,RUS,CHN,174,122.557297,29.38397
2023,RUS,CHN,175,122.652515,29.623632
2023,RUS,CHN,176,122.875214,30.181935
2023,RUS,CHN,177,122.878907,30.349364
2023,RUS,CHN,178,122.891141,30.901897
2023,RUS,CHN,179,122.66922,30.932268
2023,RUS,CHN,180,121.944122,31.062345
2023,PRT,FIN,0,-9.1137,38.6997
2023,PRT,FIN,1,-9.2895,38.6804
2023,PRT,FIN,2,-9.6,38.5
2023,PRT,FIN,3,-9.9844,40.7798
2023,PRT,FIN,4,-9.5,43.0
2023,PRT,FIN,5,-9.14264,43.688493
2023,PRT,FIN,6,-9.019938,43.924891
2023,PRT,FIN,7,-8.49576,44.934776
2023,PRT,FIN,8,-7.954994,45.668797
2023,PRT,FIN,9,-6.698867,47.340067
2023,PRT,FIN,10,-5.5,48.6667
2023,PRT,FIN,11,-5.06401,48.799916
2023,PRT,FIN,12,-4.270518,49.042365
2023,PRT,FIN,13,-4.030414,49.115729
2023,PRT,FIN,14,-3.986163,49.129249
2023,PRT,FIN,15,-3.197043,49.370363
2023,PRT,FIN,16,-2.39189,49.616376
2023,PRT,FIN,17,-1.992006,49.738559
2023,PRT,FIN,18,-1.93365,49.75639
2023,PRT,FIN,19,-1.665743,49.838248
2023,PRT,FIN,20,-1.47977,49.895072
2023,PRT,FIN,21,-1.3,49.95
2023,PRT,FIN,22,-0.671539,50.155459
2023,PRT,FIN,23,-0.545959,50.196513
2023,PRT,FIN,24,-0.343359,50.262748
2023,PRT,FIN,25,0.39288,50.503441
2023,PRT,FIN,26,1.193894,50.765311
2023,PRT,FIN,27,1.3,50.8
2023,PRT,FIN,28,1.498302,50.961124
2023,PRT,FIN,29,1.648479,51.072443
2023,PRT,FIN,30,1.868984,51.235892
2023,PRT,FIN,31,2.3601,51.6089
2023,PRT,FIN,32,2.9,51.9
2023,PRT,FIN,33,3.044362,52.01549
2023,PRT,FIN,34,3.327388,52.241911
2023,PRT,FIN,35,3.900173,52.700139
2023,PRT,FIN,36,4.9,53.5
2023,PRT,FIN,37,5.343228,54.126148
2023,PRT,FIN,38,5.795345,54.764853
2023,PRT,FIN,39,6.475957,55.462156
2023,PRT,FIN,40,6.837383,55.808317
2023,PRT,FIN,41,7.7379,56.6708
2023,PRT,FIN,42,7.983627,56.821663
2023,PRT,FIN,43,8.9354,57.406
2023,PRT,FIN,44,9.952745,57.599859
2023,PRT,FIN,45,10.7333,57.8
2023,PRT,FIN,46,11.4,57.7
2023,PRT,FIN,47,11.988567,56.905254
2023,PRT,FIN,48,12.409118,56.337382
2023,PRT,FIN,49,12.409121,56.337379
2023,PRT,FIN,50,12.629725,56.063887
2023,PRT,FIN,51,12.75,55.9
2023,PRT,FIN,52,12.700195,55.514637
2023,PRT,FIN,53,12.68255,55.305583
2023,PRT,FIN,54,12.974851,55.258099
2023,PRT,FIN,55,13.229812,55.252805
2023,PRT,FIN,56,13.836081,55.240216
2023,PRT,FIN,57,14.374661,55.229033
2023,PRT,FIN,58,15.80658,55.72711
2023,PRT,FIN,59,16.209967,55.954553
2023,PRT,FIN,60,17.0,56.4
2023,PRT,FIN,61,18.118532,56.645032
2023,PRT,FIN,62,20.6,58.2
2023,PRT,FIN,63,22.6,59.5
2023,PRT,FIN,64,24.011424,59.701632
2023,PRT,FIN,65,24.7,59.8
2023,PRT,FIN,66,24.907997,60.112071
2023,IND,VNM,0,72.80777,18.941361
2023,IND,VNM,1,72.4,19.0
2023,IND,VNM,2,73.0,15.3
2023,IND,VNM,3,74.133516,12.773359
2023,IND,VNM,4,75.3,9.7
2023,IND,VNM,5,77.0,8.0
2023,IND,VNM,6,78.868856,6.674926
2023,IND,VNM,7,80.1,5.8
2023,IND,VNM,8,81.9,5.9
2023,IND,VNM,9,85.9479,6.1983
2023,IND,VNM,10,90.0,6.4664
2023,IND,VNM,11,94.326449,6.157121
2023,IND,VNM,12,98.128129,5.811729
2023,IND,VNM,13,99.763807,4.084523
2023,IND,VNM,14,100.6,3.2
2023,IND,VNM,15,101.316415,2.586072
2023,IND,VNM,16,102.0,2.0
2023,IND,VNM,17,103.6,1.1
2023,IND,VNM,18,103.861103,1.171415
2023,IND,VNM,19,104.145848,1.249295
2023,IND,VNM,20,104.482294,1.341312
2023,IND,VNM,21,107.3207,7.6091
2023,IND,VNM,22,109.758911,12.146746
2023,IND,VNM,23,109.624875,13.892702
2023,IND,VNM,24,109.279238,15.116448
2023,IND,VNM,25,109.0,16.1
2023,IND,VNM,26,107.583618,17.926476
2023,IND,VNM,27,107.281494,18.713894
2023,IND,VNM,28,107.218304,19.250364
2023,IND,VNM,29,107.1,20.25
2023,IND,VNM,30,106.8731,20.6858
2023,CHL,DEU,0,-71.3,-23.8
2023,CHL,DEU,1,-70.631104,-20.231275
2023,CHL,DEU,2,-71.0,-18.9
2023,CHL,DEU,3,-72.7,-17.3
2023,CHL,DEU,4,-75.168457,-15.919074
2023,CHL,DEU,5,-77.0,-13.7
2023,CHL,DEU,6,-77.7,-12.0
2023,CHL,DEU,7,-80.0,-10.0
2023,CHL,DEU,8,-80.2,-7.3
2023,CHL,DEU,9,-81.9,-5.25
2023,CHL,DEU,10,-81.25,-3.0
2023,CHL,DEU,11,-81.8,-0.9
2023,CHL,DEU,12,-81.176151,1.84843
2023,CHL,DEU,13,-80.9033,3.0505
2023,CHL,DEU,14,-80.412834,5.194964
2023,CHL,DEU,15,-79.672852,7.422389
2023,CHL,DEU,16,-79.5,8.6
2023,CHL,DEU,17,-79.494118,8.796576
2023,CHL,DEU,18,-79.585922,8.992656
2023,CHL,DEU,19,-79.641747,9.035982
2023,CHL,DEU,20,-79.689331,9.10639
2023,CHL,DEU,21,-79.741379,9.118236
2023,CHL,DEU,22,-79.803246,9.118307
2023,CHL,DEU,23,-79.821304,9.173012
2023,CHL,DEU,24,-79.900612,9.208176
2023,CHL,DEU,25,-80.0,9.75
2023,CHL,DEU,26,-74.970687,13.668227
2023,CHL,DEU,27,-74.9584,13.6778
2023,CHL,DEU,28,-73.284043,14.906532
2023,CHL,DEU,29,-72.249859,15.665471
2023,CHL,DEU,30,-72.224911,15.683779
2023,CHL,DEU,31,-71.579995,16.157053
2023,CHL,DEU,32,-71.173962,16.455021
2023,CHL,DEU,33,-69.75,17.5
2023,CHL,DEU,34,-68.615112,17.952606
2023,CHL,DEU,35,-67.95,18.5
2023,CHL,DEU,36,-67.331093,19.128409
2023,CHL,DEU,37,-67.097137,19.365958
2023,CHL,DEU,38,-67.057838,19.40586
2023,CHL,DEU,39,-66.934172,19.531425
2023,CHL,DEU,40,-66.754064,19.714298
2023,CHL,DEU,41,-66.667107,19.80259
2023,CHL,DEU,42,-66.628548,19.841741
2023,CHL,DEU,43,-66.605655,19.864985
2023,CHL,DEU,44,-66.504998,19.967188
2023,CHL,DEU,45,-66.441166,20.032
2023,CHL,DEU,46,-66.320768,20.154246
2023,CHL,DEU,47,-65.0321,21.4627
2023,CHL,DEU,48,-63.113598,23.300654
2023,CHL,DEU,49,-60.618883,25.604749
2023,CHL,DEU,50,-60.001076,26.15807
2023,CHL,DEU,51,-58.8184,27.2173
2023,CHL,DEU,52,-57.951012,27.936496
2023,CHL,DEU,53,-57.878884,27.996301
2023,CHL,DEU,54,-56.6607,29.00636
2023,CHL,DEU,55,-55.346294,30.087016
2023,CHL,DEU,56,-52.246233,32.44219
2023,CHL,DEU,57,-51.699014,32.839924
2023,CHL,DEU,58,-50.001683,34.008615
2023,CHL,DEU,59,-48.55276,35.006266
2023,CHL,DEU,60,-46.192316,36.486048
2023,CHL,DEU,61,-44.2375,37.6913
2023,CHL,DEU,62,-40.0,40.0
2023,CHL,DEU,63,-37.894086,40.959473
2023,CHL,DEU,64,-34.863425,42.340269
2023,CHL,DEU,65,-32.990451,43.193613
2023,CHL,DEU,66,-32.7508,43.3028
2023,CHL,DEU,67,-30.002556,44.262362
2023,CHL,DEU,68,-25.548163,45.817634
2023,CHL,DEU,69,-24.7426,46.0989
2023,CHL,DEU,70,-24.113938,46.255613
2023,CHL,DEU,71,-20.001632,47.280732
2023,CHL,DEU,72,-17.925346,47.79831
2023,CHL,DEU,73,-16.888237,48.056841
2023,CHL,DEU,74,-15.9842,48.2822
2023,CHL,DEU,75,-14.710836,48.481015
2023,CHL,DEU,76,-13.147736,48.725068
2023,CHL,DEU,77,-10.632436,49.138636
2023,CHL,DEU,78,-6.709922,49.73023
2023,CHL,DEU,79,-6.5833,49.75
2023,CHL,DEU,80,-5.979701,49.782237
2023,CHL,DEU,81,-5.740436,49.795016
2023,CHL,DEU,82,-5.630965,49.800862
2023,CHL,DEU,83,-5.491611,49.808305
2023,CHL,DEU,84,-4.868405,49.841589
2023,CHL,DEU,85,-4.088283,49.883253
2023,CHL,DEU,86,-2.93586,49.944802
2023,CHL,DEU,87,-2.624015,50.023556
2023,CHL,DEU,88,-2.270882,50.112738
2023,CHL,DEU,89,-2.100162,50.138244
2023,CHL,DEU,90,-1.755087,50.189798
2023,CHL,DEU,91,-1.577583,50.216317
2023,CHL,DEU,92,-1.251907,50.264973
2023,CHL,DEU,93,-0.76446,50.337798
2023,CHL,DEU,94,-0.764313,50.33751
2023,CHL,DEU,95,-0.672505,50.358079
2023,CHL,DEU,96,-0.505582,50.395477
2023,CHL,DEU,97,0.301537,50.576304
2023,CHL,DEU,98,1.149895,50.76637
2023,CHL,DEU,99,1.3,50.8
2023,CHL,DEU,100,1.498302,50.961124
2023,CHL,DEU,101,1.648479,51.072443
2023,CHL,DEU,102,1.868984,51.235892
2023,CHL,DEU,103,2.3601,51.6089
2023,CHL,DEU,104,2.9,51.9
2023,CHL,DEU,105,3.044362,52.01549
2023,CHL,DEU,106,3.327388,52.241911
2023,CHL,DEU,107,3.900173,52.700139
2023,CHL,DEU,108,4.9,53.5
2023,CHL,DEU,109,6.384053,53.685507
2023,CHL,DEU,110,8.25,53.9
2023,CHL,DEU,111,8.745294,53.909831
2023,CHL,DEU,112,9.041942,53.874321
2023,CHL,DEU,113,9.227347,53.877053
2023,CHL,DEU,114,9.336273,53.840148
2023,CHL,DEU,115,9.39653,53.775829
2023,CHL,DEU,116,9.496185,53.710038
2023,CHL,DEU,117,9.535584,53.633153
2023,CHL,DEU,118,9.632921,53.583652
2023,CHL,DEU,119,9.751117,53.55475
2023,CHL,DEU,120,9.927252,53.545112
2023,BGR,NLD,0,24.410713,40.912624
2023,BGR,NLD,1,24.4152,40.7548
2023,BGR,NLD,2,24.489301,39.944518
2023,BGR,NLD,3,24.502965,39.7951
2023,BGR,NLD,4,24.533054,39.466082
2023,BGR,NLD,5,24.583411,39.272261
2023,BGR,NLD,6,24.706879,38.794768
2023,BGR,NLD,7,24.657285,38.115863
2023,BGR,NLD,8,24.520041,37.90673
2023,BGR,NLD,9,24.372282,37.856919
2023,BGR,NLD,10,24.114615,37.769372
2023,BGR,NLD,11,24.083063,37.715634
2023,BGR,NLD,12,24.063647,37.621498
2023,BGR,NLD,13,23.888901,37.615875
2023,BGR,NLD,14,23.885914,37.616154
2023,BGR,NLD,15,23.6425,37.8192
2023,BGR,NLD,16,23.505426,37.837248
2023,BGR,NLD,17,23.401569,37.850922
2023,BGR,NLD,18,23.175353,37.880707
2023,BGR,NLD,19,23.020113,37.909026
2023,BGR,NLD,20,22.947178,37.960508
2023,BGR,NLD,21,22.828287,38.02424
2023,BGR,NLD,22,21.9041,38.3486
2023,BGR,NLD,23,21.353302,38.219841
2023,BGR,NLD,24,21.158505,38.131249
2023,BGR,NLD,25,20.98035,38.076305
2023,BGR,NLD,26,20.680488,37.977089
2023,BGR,NLD,27,20.319182,37.971516
2023,BGR,NLD,28,18.393028,37.938699
2023,BGR,NLD,29,16.419052,37.905068
2023,BGR,NLD,30,16.152761,37.900531
2023,BGR,NLD,31,15.6982,37.892786
2023,BGR,NLD,32,15.557174,38.032185
2023,BGR,NLD,33,15.608743,38.230867
2023,BGR,NLD,34,15.711882,38.273843
2023,BGR,NLD,35,15.727668,38.366322
2023,BGR,NLD,36,13.3959,38.2913
2023,BGR,NLD,37,12.743535,38.243566
2023,BGR,NLD,38,12.099936,38.196473
2023,BGR,NLD,39,11.661179,38.164369
2023,BGR,NLD,40,11.013127,38.116951
2023,BGR,NLD,41,10.445158,38.075392
2023,BGR,NLD,42,10.311505,38.065613
2023,BGR,NLD,43,10.136119,38.052779
2023,BGR,NLD,44,9.780069,38.026727
2023,BGR,NLD,45,9.1442,37.9802
2023,BGR,NLD,46,8.676736,37.919859
2023,BGR,NLD,47,8.147147,37.851498
2023,BGR,NLD,48,7.507237,37.768897
2023,BGR,NLD,49,7.192242,37.728237
2023,BGR,NLD,50,7.095237,37.715715
2023,BGR,NLD,51,3.1,37.2
2023,BGR,NLD,52,-0.366667,36.666667
2023,BGR,NLD,53,-1.62439,36.473171
2023,BGR,NLD,54,-2.244793,36.377724
2023,BGR,NLD,55,-2.590675,36.324512
2023,BGR,NLD,56,-3.264225,36.220888
2023,BGR,NLD,57,-3.683043,36.156455
2023,BGR,NLD,58,-4.7,36.0
2023,BGR,NLD,59,-5.269383,35.97289
2023,BGR,NLD,60,-5.354867,35.968819
2023,BGR,NLD,61,-5.75,35.95
2023,BGR,NLD,62,-7.26966,36.31906
2023,BGR,NLD,63,-8.219465,36.549727
2023,BGR,NLD,64,-9.25,36.8
2023,BGR,NLD,65,-9.452092,37.781589
2023,BGR,NLD,66,-9.6,38.5
2023,BGR,NLD,67,-9.9844,40.7798
2023,BGR,NLD,68,-9.5,43.0
2023,BGR,NLD,69,-9.14264,43.688493
2023,BGR,NLD,70,-9.019938,43.924891
2023,BGR,NLD,71,-8.49576,44.934776
2023,BGR,NLD,72,-7.954994,45.668797
2023,BGR,NLD,73,-6.698867,47.340067
2023,BGR,NLD,74,-5.5,48.6667
2023,BGR,NLD,75,-5.06401,48.799916
2023,BGR,NLD,76,-4.270518,49.042365
2023,BGR,NLD,77,-4.030414,49.115729
2023,BGR,NLD,78,-3.986163,49.129249
2023,BGR,NLD,79,-3.197043,49.370363
2023,BGR,NLD,80,-2.39189,49.616376
2023,BGR,NLD,81,-1.992006,49.738559
2023,BGR,NLD,82,-1.93365,49.75639
2023,BGR,NLD,83,-1.665743,49.838248
2023,BGR,NLD,84,-1.47977,49.895072
2023,BGR,NLD,85,-1.3,49.95
2023,BGR,NLD,86,-0.671539,50.155459
2023,BGR,NLD,87,-0.545959,50.196513
2023,BGR,NLD,88,-0.343359,50.262748
2023,BGR,NLD,89,0.39288,50.503441
2023,BGR,NLD,90,1.193894,50.765311
2023,BGR,NLD,91,1.3,50.8
2023,BGR,NLD,92,1.441366,50.849032
2023,BGR,NLD,93,1.567687,50.892845
2023,BGR,NLD,94,1.813195,50.988387
2023,BGR,NLD,95,2.1,51.1
2023,BGR,NLD,96,2.356699,51.178984
2023,BGR,NLD,97,3.4,51.5
2023,BGR,NLD,98,3.559619,51.659619
2023,BGR,NLD,99,3.9,52.0
2023,BGR,NLD,100,4.069748,51.987629
2023,BGR,NLD,101,4.151802,51.961827
2023,BGR,NLD,102,4.230423,51.922673
2023,BGR,NLD,103,4.289818,51.89641
2023,BGR,NLD,104,4.32827,51.89302
2023,BGR,NLD,105,4.369469,51.900223
2023,PER,NLD,0,-77.7,-12.0
2023,PER,NLD,1,-80.0,-10.0
2023,PER,NLD,2,-80.2,-7.3
2023,PER,NLD,3,-81.9,-5.25
2023,PER,NLD,4,-81.25,-3.0
2023,PER,NLD,5,-81.8,-0.9
2023,PER,NLD,6,-81.176151,1.84843
2023,PER,NLD,7,-80.9033,3.0505
2023,PER,NLD,8,-80.412834,5.194964
2023,PER,NLD,9,-79.672852,7.422389
2023,PER,NLD,10,-79.5,8.6
2023,PER,NLD,11,-79.494118,8.796576
2023,PER,NLD,12,-79.585922,8.992656
2023,PER,NLD,13,-79.641747,9.035982
2023,PER,NLD,14,-79.689331,9.10639
2023,PER,NLD,15,-79.741379,9.118236
2023,PER,NLD,16,-79.803246,9.118307
2023,PER,NLD,17,-79.821304,9.173012
2023,PER,NLD,18,-79.900612,9.208176
2023,PER,NLD,19,-80.0,9.75
2023,PER,NLD,20,-74.970687,13.668227
2023,PER,NLD,21,-74.9584,13.6778
2023,PER,NLD,22,-73.284043,14.906532
2023,PER,NLD,23,-72.249859,15.665471
2023,PER,NLD,24,-72.224911,15.683779
2023,PER,NLD,25,-71.579995,16.157053
2023,PER,NLD,26,-71.173962,16.455021
2023,PER,NLD,27,-69.75,17.5
2023,PER,NLD,28,-68.615112,17.952606
2023,PER,NLD,29,-67.95,18.5
2023,PER,NLD,30,-67.331093,19.128409
2023,PER,NLD,31,-67.097137,19.365958
2023,PER,NLD,32,-67.057838,19.40586
2023,PER,NLD,33,-66.934172,19.531425
2023,PER,NLD,34,-66.754064,19.714298
2023,PER,NLD,35,-66.667107,19.80259
2023,PER,NLD,36,-66.628548,19.841741
2023,PER,NLD,37,-66.605655,19.864985
2023,PER,NLD,38,-66.504998,19.967188
2023,PER,NLD,39,-66.441166,20.032
2023,PER,NLD,40,-66.320768,20.154246
2023,PER,NLD,41,-65.0321,21.4627
2023,PER,NLD,42,-63.113598,23.300654
2023,PER,NLD,43,-60.618883,25.604749
2023,PER,NLD,44,-60.001076,26.15807
2023,PER,NLD,45,-58.8184,27.2173
2023,PER,NLD,46,-57.951012,27.936496
2023,PER,NLD,47,-57.878884,27.996301
2023,PER,NLD,48,-56.6607,29.00636
2023,PER,NLD,49,-55.346294,30.087016
2023,PER,NLD,50,-52.246233,32.44219
2023,PER,NLD,51,-51.699014,32.839924
2023,PER,NLD,52,-50.001683,34.008615
2023,PER,NLD,53,-48.55276,35.006266
2023,PER,NLD,54,-46.192316,36.486048
2023,PER,NLD,55,-44.2375,37.6913
2023,PER,NLD,56,-40.0,40.0
2023,PER,NLD,57,-37.894086,40.959473
2023,PER,NLD,58,-34.863425,42.340269
2023,PER,NLD,59,-32.990451,43.193613
2023,PER,NLD,60,-32.7508,43.3028
2023,PER,NLD,61,-30.002556,44.262362
2023,PER,NLD,62,-25.548163,45.817634
2023,PER,NLD,63,-24.7426,46.0989
2023,PER,NLD,64,-24.113938,46.255613
2023,PER,NLD,65,-20.001632,47.280732
2023,PER,NLD,66,-17.925346,47.79831
2023,PER,NLD,67,-16.888237,48.056841
2023,PER,NLD,68,-15.9842,48.2822
2023,PER,NLD,69,-14.710836,48.481015
2023,PER,NLD,70,-13.147736,48.725068
2023,PER,NLD,71,-10.632436,49.138636
2023,PER,NLD,72,-6.709922,49.73023
2023,PER,NLD,73,-6.5833,49.75
2023,PER,NLD,74,-5.979701,49.782237
2023,PER,NLD,75,-5.740436,49.795016
2023,PER,NLD,76,-5.630965,49.800862
2023,PER,NLD,77,-5.491611,49.808305
2023,PER,NLD,78,-4.868405,49.841589
2023,PER,NLD,79,-4.088283,49.883253
2023,PER,NLD,80,-2.93586,49.944802
2023,PER,NLD,81,-2.624015,50.023556
2023,PER,NLD,82,-2.270882,50.112738
2023,PER,NLD,83,-2.100162,50.138244
2023,PER,NLD,84,-1.755087,50.189798
2023,PER,NLD,85,-1.577583,50.216317
2023,PER,NLD,86,-1.251907,50.264973
2023,PER,NLD,87,-0.76446,50.337798
2023,PER,NLD,88,-0.764313,50.33751
2023,PER,NLD,89,-0.672505,50.358079
2023,PER,NLD,90,-0.505582,50.395477
2023,PER,NLD,91,0.301537,50.576304
2023,PER,NLD,92,1.149895,50.76637
2023,PER,NLD,93,1.3,50.8
2023,PER,NLD,94,1.441366,50.849032
2023,PER,NLD,95,1.567687,50.892845
2023,PER,NLD,96,1.813195,50.988387
2023,PER,NLD,97,2.1,51.1
2023,PER,NLD,98,2.356699,51.178984
2023,PER,NLD,99,3.4,51.5
2023,PER,NLD,100,3.559619,51.659619
2023,PER,NLD,101,3.9,52.0
2023,PER,NLD,102,4.069748,51.987629
2023,PER,NLD,103,4.151802,51.961827
2023,PER,NLD,104,4.230423,51.922673
2023,PER,NLD,105,4.289818,51.89641
2023,PER,NLD,106,4.32827,51.89302
2023,PER,NLD,107,4.369469,51.900223
2023,COD,NLD,0,13.42804,-5.864671
2023,COD,NLD,1,13.005066,-5.895408
2023,COD,NLD,2,12.7668,-6.013556
2023,COD,NLD,3,12.384338,-6.077742
2023,COD,NLD,4,11.543725,-5.95973
2023,COD,NLD,5,5.577742,-3.058641
2023,COD,NLD,6,5.300429,-2.907092
2023,COD,NLD,7,4.876639,-2.674661
2023,COD,NLD,8,0.0,-2e-05
2023,COD,NLD,9,-2.368781,1.108294
2023,COD,NLD,10,-3.7467,1.753
2023,COD,NLD,11,-7.5,3.5
2023,COD,NLD,12,-11.5,5.5
2023,COD,NLD,13,-14.5,8.5
2023,COD,NLD,14,-17.0,11.0
2023,COD,NLD,15,-18.0,15.0
2023,COD,NLD,16,-18.0,21.0
2023,COD,NLD,17,-15.128174,27.999252
2023,COD,NLD,18,-15.145809,28.538331
2023,COD,NLD,19,-15.172119,29.337503
2023,COD,NLD,20,-13.9051,32.4093
2023,COD,NLD,21,-13.32875,34.065242
2023,COD,NLD,22,-13.114888,34.6797
2023,COD,NLD,23,-12.839781,35.470126
2023,COD,NLD,24,-12.761203,35.695892
2023,COD,NLD,25,-12.608538,36.134522
2023,COD,NLD,26,-12.493983,36.463656
2023,COD,NLD,27,-12.32612,36.945951
2023,COD,NLD,28,-12.262448,37.128892
2023,COD,NLD,29,-12.131862,37.504085
2023,COD,NLD,30,-12.057515,37.717697
2023,COD,NLD,31,-11.81009,38.428587
2023,COD,NLD,32,-11.664545,38.84676
2023,COD,NLD,33,-11.158374,40.301066
2023,COD,NLD,34,-11.070622,40.553191
2023,COD,NLD,35,-10.289669,42.796988
2023,COD,NLD,36,-10.167909,43.146826
2023,COD,NLD,37,-10.063992,43.402334
2023,COD,NLD,38,-7.987368,45.91425
2023,COD,NLD,39,-6.698867,47.340067
2023,COD,NLD,40,-5.5,48.6667
2023,COD,NLD,41,-5.06401,48.799916
2023,COD,NLD,42,-4.270518,49.042365
2023,COD,NLD,43,-4.030414,49.115729
2023,COD,NLD,44,-3.986163,49.129249
2023,COD,NLD,45,-3.197043,49.370363
2023,COD,NLD,46,-2.39189,49.616376
2023,COD,NLD,47,-1.992006,49.738559
2023,COD,NLD,48,-1.93365,49.75639
2023,COD,NLD,49,-1.665743,49.838248
2023,COD,NLD,50,-1.47977,49.895072
2023,COD,NLD,51,-1.3,49.95
2023,COD,NLD,52,-0.671539,50.155459
2023,COD,NLD,53,-0.545959,50.196513
2023,COD,NLD,54,-0.343359,50.262748
2023,COD,NLD,55,0.39288,50.503441
2023,COD,NLD,56,1.193894,50.765311
2023,COD,NLD,57,1.3,50.8
2023,COD,NLD,58,1.441366,50.849032
2023,COD,NLD,59,1.567687,50.892845
2023,COD,NLD,60,1.813195,50.988387
2023,COD,NLD,61,2.1,51.1
2023,COD,NLD,62,2.356699,51.178984
2023,COD,NLD,63,3.4,51.5
2023,COD,NLD,64,3.559619,51.659619
2023,COD,NLD,65,3.9,52.0
2023,COD,NLD,66,4.069748,51.987629
2023,COD,NLD,67,4.151802,51.961827
2023,COD,NLD,68,4.230423,51.922673
2023,COD,NLD,69,4.289818,51.89641
2023,COD,NLD,70,4.32827,51.89302
2023,COD,NLD,71,4.369469,51.900223
2023,KOR,GBR,0,129.2,35.0
2023,KOR,GBR,1,128.916321,34.761923
2023,KOR,GBR,2,128.16925,34.40691
2023,KOR,GBR,3,127.444583,34.104419
2023,KOR,GBR,4,126.643151,33.735423
2023,KOR,GBR,5,126.035156,33.45436
2023,KOR,GBR,6,125.34383,32.983736
2023,KOR,GBR,7,122.9,31.3
2023,KOR,GBR,8,122.891141,30.901897
2023,KOR,GBR,9,122.878907,30.349364
2023,KOR,GBR,10,122.875214,30.181935
2023,KOR,GBR,11,122.652515,29.623632
2023,KOR,GBR,12,122.557297,29.38397
2023,KOR,GBR,13,122.23938,28.579698
2023,KOR,GBR,14,121.3,27.8
2023,KOR,GBR,15,120.787503,26.976762
2023,KOR,GBR,16,120.232569,26.078521
2023,KOR,GBR,17,120.0,25.7
2023,KOR,GBR,18,119.820497,25.236972
2023,KOR,GBR,19,119.761963,25.085599
2023,KOR,GBR,20,119.523707,24.707707
2023,KOR,GBR,21,119.33882,24.448861
2023,KOR,GBR,22,118.980046,23.949944
2023,KOR,GBR,23,118.724128,23.582665
2023,KOR,GBR,24,118.203464,22.930938
2023,KOR,GBR,25,118.030487,22.691517
2023,KOR,GBR,26,117.437994,21.922538
2023,KOR,GBR,27,116.5017,20.601113
2023,KOR,GBR,28,115.841059,19.666279
2023,KOR,GBR,29,114.338334,17.570129
2023,KOR,GBR,30,112.965,15.7278
2023,KOR,GBR,31,111.478346,12.523981
2023,KOR,GBR,32,111.0534,11.6082
2023,KOR,GBR,33,110.80697,11.263464
2023,KOR,GBR,34,110.027598,10.173186
2023,KOR,GBR,35,108.7023,8.3192
2023,KOR,GBR,36,104.482294,1.341312
2023,KOR,GBR,37,104.145848,1.249295
2023,KOR,GBR,38,103.861103,1.171415
2023,KOR,GBR,39,103.6,1.1
2023,KOR,GBR,40,102.0,2.0
2023,KOR,GBR,41,101.316415,2.586072
2023,KOR,GBR,42,100.6,3.2
2023,KOR,GBR,43,99.763807,4.084523
2023,KOR,GBR,44,98.128129,5.811729
2023,KOR,GBR,45,94.326449,6.157121
2023,KOR,GBR,46,90.0,6.4664
2023,KOR,GBR,47,85.9479,6.1983
2023,KOR,GBR,48,81.9,5.9
2023,KOR,GBR,49,80.1,5.8
2023,KOR,GBR,50,78.019032,6.387793
2023,KOR,GBR,51,75.966807,6.966807
2023,KOR,GBR,52,70.817426,8.365148
2023,KOR,GBR,53,69.999915,8.582747
2023,KOR,GBR,54,69.671733,8.6701
2023,KOR,GBR,55,69.3291,8.7613
2023,KOR,GBR,56,68.858995,8.881605
2023,KOR,GBR,57,65.7044,9.6889
2023,KOR,GBR,58,64.992809,9.862937
2023,KOR,GBR,59,64.698862,9.934828
2023,KOR,GBR,60,64.303249,10.031585
2023,KOR,GBR,61,62.0601,10.5802
2023,KOR,GBR,62,60.825733,10.866984
2023,KOR,GBR,63,59.894005,11.083455
2023,KOR,GBR,64,55.041504,12.747516
2023,KOR,GBR,65,53.61885,13.300009
2023,KOR,GBR,66,50.856149,12.884027
2023,KOR,GBR,67,45.0,12.0
2023,KOR,GBR,68,43.746586,12.40439
2023,KOR,GBR,69,43.3,12.7
2023,KOR,GBR,70,42.541058,13.676089
2023,KOR,GBR,71,42.341309,14.509144
2023,KOR,GBR,72,41.000977,17.098792
2023,KOR,GBR,73,38.572998,20.807472
2023,KOR,GBR,74,37.786499,22.210682
2023,KOR,GBR,75,37.0,23.6
2023,KOR,GBR,76,34.5,27.0
2023,KOR,GBR,77,33.233643,28.444544
2023,KOR,GBR,78,32.6,29.7
2023,KOR,GBR,79,32.557983,30.213982
2023,KOR,GBR,80,32.382202,30.318359
2023,KOR,GBR,81,32.310104,31.102922
2023,KOR,GBR,82,32.359877,31.336373
2023,KOR,GBR,83,32.1,31.7
2023,KOR,GBR,84,30.408377,32.316071
2023,KOR,GBR,85,28.905525,32.863395
2023,KOR,GBR,86,28.212434,33.115811
2023,KOR,GBR,87,27.927542,33.219565
2023,KOR,GBR,88,26.306431,33.748752
2023,KOR,GBR,89,25.478721,34.011915
2023,KOR,GBR,90,24.926664,34.187436
2023,KOR,GBR,91,23.0,34.8
2023,KOR,GBR,92,21.407365,35.126694
2023,KOR,GBR,93,17.902084,35.845726
2023,KOR,GBR,94,16.726588,36.086854
2023,KOR,GBR,95,15.2,36.4
2023,KOR,GBR,96,13.263819,36.907095
2023,KOR,GBR,97,12.110644,37.209117
2023,KOR,GBR,98,12.086301,37.215493
2023,KOR,GBR,99,11.827836,37.283186
2023,KOR,GBR,100,11.172235,37.454891
2023,KOR,GBR,101,11.0,37.5
2023,KOR,GBR,102,10.373031,37.482087
2023,KOR,GBR,103,7.5,37.4
2023,KOR,GBR,104,3.1,37.2
2023,KOR,GBR,105,-0.366667,36.666667
2023,KOR,GBR,106,-1.62439,36.473171
2023,KOR,GBR,107,-2.244793,36.377724
2023,KOR,GBR,108,-2.590675,36.324512
2023,KOR,GBR,109,-3.264225,36.220888
2023,KOR,GBR,110,-3.683043,36.156455
2023,KOR,GBR,111,-4.7,36.0
2023,KOR,GBR,112,-5.269383,35.97289
2023,KOR,GBR,113,-5.354867,35.968819
2023,KOR,GBR,114,-5.75,35.95
2023,KOR,GBR,115,-7.26966,36.31906
2023,KOR,GBR,116,-8.219465,36.549727
2023,KOR,GBR,117,-9.25,36.8
2023,KOR,GBR,118,-9.452092,37.781589
2023,KOR,GBR,119,-9.6,38.5
2023,KOR,GBR,120,-9.9844,40.7798
2023,KOR,GBR,121,-9.5,43.0
2023,KOR,GBR,122,-9.14264,43.688493
2023,KOR,GBR,123,-9.019938,43.924891
2023,KOR,GBR,124,-8.49576,44.934776
2023,KOR,GBR,125,-7.954994,45.668797
2023,KOR,GBR,126,-6.698867,47.340067
2023,KOR,GBR,127,-5.5,48.6667
2023,KOR,GBR,128,-5.06401,48.799916
2023,KOR,GBR,129,-4.270518,49.042365
2023,KOR,GBR,130,-4.030414,49.115729
2023,KOR,GBR,131,-3.986163,49.129249
2023,KOR,GBR,132,-3.197043,49.370363
2023,KOR,GBR,133,-2.39189,49.616376
2023,KOR,GBR,134,-1.992006,49.738559
2023,KOR,GBR,135,-1.93365,49.75639
2023,KOR,GBR,136,-1.665743,49.838248
2023,KOR,GBR,137,-1.47977,49.895072
2023,KOR,GBR,138,-1.3,49.95
2023,KOR,GBR,139,-0.671539,50.155459
2023,KOR,GBR,140,-0.545959,50.196513
2023,KOR,GBR,141,-0.343359,50.262748
2023,KOR,GBR,142,0.39288,50.503441
2023,KOR,GBR,143,1.193894,50.765311
2023,KOR,GBR,144,1.3,50.8
2023,KOR,GBR,145,1.384634,51.049171
2023,KOR,GBR,146,1.4181,51.1477
2023,KOR,GBR,147,1.474566,51.467902
2023,KOR,GBR,148,1.4922,51.5679
2023,KOR,GBR,149,1.539869,51.652703
2023,KOR,GBR,150,1.613617,51.783903
2023,KOR,GBR,151,1.5065,51.878829
2023,KOR,GBR,152,1.296638,51.921686
2023,CHN,DEU,0,121.944122,31.062345
2023,CHN,DEU,1,122.66922,30.932268
2023,CHN,DEU,2,122.891141,30.901897
2023,CHN,DEU,3,122.878907,30.349364
2023,CHN,DEU,4,122.875214,30.181935
2023,CHN,DEU,5,122.652515,29.623632
2023,CHN,DEU,6,122.557297,29.38397
2023,CHN,DEU,7,122.23938,28.579698
2023,CHN,DEU,8,121.3,27.8
2023,CHN,DEU,9,120.787503,26.976762
2023,CHN,DEU,10,120.232569,26.078521
2023,CHN,DEU,11,120.0,25.7
2023,CHN,DEU,12,119.820497,25.236972
2023,CHN,DEU,13,119.761963,25.085599
2023,CHN,DEU,14,119.523707,24.707707
2023,CHN,DEU,15,119.33882,24.448861
2023,CHN,DEU,16,118.980046,23.949944
2023,CHN,DEU,17,118.724128,23.582665
2023,CHN,DEU,18,118.203464,22.930938
2023,CHN,DEU,19,118.030487,22.691517
2023,CHN,DEU,20,117.437994,21.922538
2023,CHN,DEU,21,116.5017,20.601113
2023,CHN,DEU,22,115.841059,19.666279
2023,CHN,DEU,23,114.338334,17.570129
2023,CHN,DEU,24,112.965,15.7278
2023,CHN,DEU,25,111.478346,12.523981
2023,CHN,DEU,26,111.0534,11.6082
2023,CHN,DEU,27,110.80697,11.263464
2023,CHN,DEU,28,110.027598,10.173186
2023,CHN,DEU,29,108.7023,8.3192
2023,CHN,DEU,30,104.482294,1.341312
2023,CHN,DEU,31,104.145848,1.249295
2023,CHN,DEU,32,103.861103,1.171415
2023,CHN,DEU,33,103.6,1.1
2023,CHN,DEU,34,102.0,2.0
2023,CHN,DEU,35,101.316415,2.586072
2023,CHN,DEU,36,100.6,3.2
2023,CHN,DEU,37,99.763807,4.084523
2023,CHN,DEU,38,98.128129,5.811729
2023,CHN,DEU,39,94.326449,6.157121
2023,CHN,DEU,40,90.0,6.4664
2023,CHN,DEU,41,85.9479,6.1983
2023,CHN,DEU,42,81.9,5.9
2023,CHN,DEU,43,80.1,5.8
2023,CHN,DEU,44,78.019032,6.387793
2023,CHN,DEU,45,75.966807,6.966807
2023,CHN,DEU,46,70.817426,8.365148
2023,CHN,DEU,47,69.999915,8.582747
2023,CHN,DEU,48,69.671733,8.6701
2023,CHN,DEU,49,69.3291,8.7613
2023,CHN,DEU,50,68.858995,8.881605
2023,CHN,DEU,51,65.7044,9.6889
2023,CHN,DEU,52,64.992809,9.862937
2023,CHN,DEU,53,64.698862,9.934828
2023,CHN,DEU,54,64.303249,10.031585
2023,CHN,DEU,55,62.0601,10.5802
2023,CHN,DEU,56,60.825733,10.866984
2023,CHN,DEU,57,59.894005,11.083455
2023,CHN,DEU,58,55.041504,12.747516
2023,CHN,DEU,59,53.61885,13.300009
2023,CHN,DEU,60,50.856149,12.884027
2023,CHN,DEU,61,45.0,12.0
2023,CHN,DEU,62,43.746586,12.40439
2023,CHN,DEU,63,43.3,12.7
2023,CHN,DEU,64,42.541058,13.676089
2023,CHN,DEU,65,42.341309,14.509144
2023,CHN,DEU,66,41.000977,17.098792
2023,CHN,DEU,67,38.572998,20.807472
2023,CHN,DEU,68,37.786499,22.210682
2023,CHN,DEU,69,37.0,23.6
2023,CHN,DEU,70,34.5,27.0
2023,CHN,DEU,71,33.233643,28.444544
2023,CHN,DEU,72,32.6,29.7
2023,CHN,DEU,73,32.557983,30.213982
2023,CHN,DEU,74,32.382202,30.318359
2023,CHN,DEU,75,32.310104,31.102922
2023,CHN,DEU,76,32.359877,31.336373
2023,CHN,DEU,77,32.1,31.7
2023,CHN,DEU,78,30.408377,32.316071
2023,CHN,DEU,79,28.905525,32.863395
2023,CHN,DEU,80,28.212434,33.115811
2023,CHN,DEU,81,27.927542,33.219565
2023,CHN,DEU,82,26.306431,33.748752
2023,CHN,DEU,83,25.478721,34.011915
2023,CHN,DEU,84,24.926664,34.187436
2023,CHN,DEU,85,23.0,34.8
2023,CHN,DEU,86,21.407365,35.126694
2023,CHN,DEU,87,17.902084,35.845726
2023,CHN,DEU,88,16.726588,36.086854
2023,CHN,DEU,89,15.2,36.4
2023,CHN,DEU,90,13.263819,36.907095
2023,CHN,DEU,91,12.110644,37.209117
2023,CHN,DEU,92,12.086301,37.215493
2023,CHN,DEU,93,11.827836,37.283186
2023,CHN,DEU,94,11.172235,37.454891
2023,CHN,DEU,95,11.0,37.5
2023,CHN,DEU,96,10.373031,37.482087
2023,CHN,DEU,97,7.5,37.4
2023,CHN,DEU,98,3.1,37.2
2023,CHN,DEU,99,-0.366667,36.666667
2023,CHN,DEU,100,-1.62439,36.473171
2023,CHN,DEU,101,-2.244793,36.377724
2023,CHN,DEU,102,-2.590675,36.324512
2023,CHN,DEU,103,-3.264225,36.220888
2023,CHN,DEU,104,-3.683043,36.156455
2023,CHN,DEU,105,-4.7,36.0
2023,CHN,DEU,106,-5.269383,35.97289
2023,CHN,DEU,107,-5.354867,35.968819
2023,CHN,DEU,108,-5.75,35.95
2023,CHN,DEU,109,-7.26966,36.31906
2023,CHN,DEU,110,-8.219465,36.549727
2023,CHN,DEU,111,-9.25,36.8
2023,CHN,DEU,112,-9.452092,37.781589
2023,CHN,DEU,113,-9.6,38.5
2023,CHN,DEU,114,-9.9844,40.7798
2023,CHN,DEU,115,-9.5,43.0
2023,CHN,DEU,116,-9.14264,43.688493
2023,CHN,DEU,117,-9.019938,43.924891
2023,CHN,DEU,118,-8.49576,44.934776
2023,CHN,DEU,119,-7.954994,45.668797
2023,CHN,DEU,120,-6.698867,47.340067
2023,CHN,DEU,121,-5.5,48.6667
2023,CHN,DEU,122,-5.06401,48.799916
2023,CHN,DEU,123,-4.270518,49.042365
2023,CHN,DEU,124,-4.030414,49.115729
2023,CHN,DEU,125,-3.986163,49.129249
2023,CHN,DEU,126,-3.197043,49.370363
2023,CHN,DEU,127,-2.39189,49.616376
2023,CHN,DEU,128,-1.992006,49.738559
2023,CHN,DEU,129,-1.93365,49.75639
2023,CHN,DEU,130,-1.665743,49.838248
2023,CHN,DEU,131,-1.47977,49.895072
2023,CHN,DEU,132,-1.3,49.95
2023,CHN,DEU,133,-0.671539,50.155459
2023,CHN,DEU,134,-0.545959,50.196513
2023,CHN,DEU,135,-0.343359,50.262748
2023,CHN,DEU,136,0.39288,50.503441
2023,CHN,DEU,137,1.193894,50.765311
2023,CHN,DEU,138,1.3,50.8
2023,CHN,DEU,139,1.498302,50.961124
2023,CHN,DEU,140,1.648479,51.072443
2023,CHN,DEU,141,1.868984,51.235892
2023,CHN,DEU,142,2.3601,51.6089
2023,CHN,DEU,143,2.9,51.9
2023,CHN,DEU,144,3.044362,52.01549
2023,CHN,DEU,145,3.327388,52.241911
2023,CHN,DEU,146,3.900173,52.700139
2023,CHN,DEU,147,4.9,53.5
2023,CHN,DEU,148,6.384053,53.685507
2023,CHN,DEU,149,8.25,53.9
2023,CHN,DEU,150,8.745294,53.909831
2023,CHN,DEU,151,9.041942,53.874321
2023,CHN,DEU,152,9.227347,53.877053
2023,CHN,DEU,153,9.336273,53.840148
2023,CHN,DEU,154,9.39653,53.775829
2023,CHN,DEU,155,9.496185,53.710038
2023,CHN,DEU,156,9.535584,53.633153
2023,CHN,DEU,157,9.632921,53.583652
2023,CHN,DEU,158,9.751117,53.55475
2023,CHN,DEU,159,9.927252,53.545112
2023,SGP,VNM,0,103.763466,1.259893
2023,SGP,VNM,1,103.861103,1.171415
2023,SGP,VNM,2,104.145848,1.249295
2023,SGP,VNM,3,104.482294,1.341312
2023,SGP,VNM,4,107.3207,7.6091
2023,SGP,VNM,5,109.758911,12.146746
2023,SGP,VNM,6,109.624875,13.892702
2023,SGP,VNM,7,109.279238,15.116448
2023,SGP,VNM,8,109.0,16.1
2023,SGP,VNM,9,107.583618,17.926476
2023,SGP,VNM,10,107.281494,18.713894
2023,SGP,VNM,11,107.218304,19.250364
2023,SGP,VNM,12,107.1,20.25
2023,SGP,VNM,13,106.8731,20.6858
2023,MOZ,CHE,0,32.606049,-25.995081
2023,MOZ,CHE,1,32.827148,-25.995081
2023,MOZ,CHE,2,32.861481,-25.703413
2023,MOZ,CHE,3,35.142957,-24.861024
2023,MOZ,CHE,4,36.0,-24.0
2023,MOZ,CHE,5,38.929,-19.5234
2023,MOZ,CHE,6,41.7,-15.0
2023,MOZ,CHE,7,43.0,-12.0
2023,MOZ,CHE,8,44.496583,-8.106077
2023,MOZ,CHE,9,47.058219,-1.280003
2023,MOZ,CHE,10,47.812548,0.745717
2023,MOZ,CHE,11,49.4,5.0
2023,MOZ,CHE,12,50.8379,8.3029
2023,MOZ,CHE,13,52.3,11.6
2023,MOZ,CHE,14,50.856149,12.884027
2023,MOZ,CHE,15,45.0,12.0
2023,MOZ,CHE,16,43.746586,12.40439
2023,MOZ,CHE,17,43.3,12.7
2023,MOZ,CHE,18,42.541058,13.676089
2023,MOZ,CHE,19,42.341309,14.509144
2023,MOZ,CHE,20,41.000977,17.098792
2023,MOZ,CHE,21,38.572998,20.807472
2023,MOZ,CHE,22,37.786499,22.210682
2023,MOZ,CHE,23,37.0,23.6
2023,MOZ,CHE,24,34.5,27.0
2023,MOZ,CHE,25,33.233643,28.444544
2023,MOZ,CHE,26,32.6,29.7
2023,MOZ,CHE,27,32.557983,30.213982
2023,MOZ,CHE,28,32.382202,30.318359
2023,MOZ,CHE,29,32.310104,31.102922
2023,MOZ,CHE,30,32.359877,31.336373
2023,MOZ,CHE,31,32.1,31.7
2023,MOZ,CHE,32,30.408377,32.316071
2023,MOZ,CHE,33,28.905525,32.863395
2023,MOZ,CHE,34,28.212434,33.115811
2023,MOZ,CHE,35,27.927542,33.219565
2023,MOZ,CHE,36,26.306431,33.748752
2023,MOZ,CHE,37,25.478721,34.011915
2023,MOZ,CHE,38,24.926664,34.187436
2023,MOZ,CHE,39,23.0,34.8
2023,MOZ,CHE,40,21.77807,35.299098
2023,MOZ,CHE,41,19.552876,36.20798
2023,MOZ,CHE,42,19.23473,36.337927
2023,MOZ,CHE,43,18.123961,36.791622
2023,MOZ,CHE,44,15.9,37.7
2023,MOZ,CHE,45,15.571908,37.844599
2023,MOZ,CHE,46,15.557174,38.032185
2023,MOZ,CHE,47,15.608743,38.230867
2023,MOZ,CHE,48,15.711882,38.273843
2023,MOZ,CHE,49,15.727668,38.366322
2023,MOZ,CHE,50,15.4,38.8
2023,MOZ,CHE,51,14.145004,39.572698
2023,MOZ,CHE,52,13.827598,39.768124
2023,MOZ,CHE,53,13.227763,40.137441
2023,MOZ,CHE,54,13.02217,40.264024
2023,MOZ,CHE,55,12.360453,40.671442
2023,MOZ,CHE,56,12.249699,40.926028
2023,MOZ,CHE,57,12.0,41.5
2023,MOZ,CHE,58,11.547236,41.852706
2023,MOZ,CHE,59,11.423529,41.948769
2023,MOZ,CHE,60,11.35892,41.99894
2023,MOZ,CHE,61,11.1,42.2
2023,MOZ,CHE,62,10.536509,42.836874
2023,MOZ,CHE,63,10.188081,43.360624
2023,MOZ,CHE,64,10.0,43.6
2023,MOZ,CHE,65,9.402194,44.002769
2023,MOZ,CHE,66,8.960037,44.378349
2023,CAN,FRA,0,-123.141975,49.315947
2023,CAN,FRA,1,-123.314667,49.315275
2023,CAN,FRA,2,-123.3795,49.0699
2023,CAN,FRA,3,-123.051,48.8551
2023,CAN,FRA,4,-123.0054,48.7977
2023,CAN,FRA,5,-123.006,48.7325
2023,CAN,FRA,6,-123.0327,48.7351
2023,CAN,FRA,7,-123.2549,48.7146
2023,CAN,FRA,8,-123.2018,48.5113
2023,CAN,FRA,9,-123.21167,48.385442
2023,CAN,FRA,10,-123.397064,48.381794
2023,CAN,FRA,11,-123.4798,48.2308
2023,CAN,FRA,12,-123.9732,48.2659
2023,CAN,FRA,13,-124.7292,48.4862
2023,CAN,FRA,14,-125.5016,48.5683
2023,CAN,FRA,15,-125.5027,48.1173
2023,CAN,FRA,16,-125.4991,47.687
2023,CAN,FRA,17,-125.4354,47.5444
2023,CAN,FRA,18,-125.3772,47.3391
2023,CAN,FRA,19,-125.1965,46.6773
2023,CAN,FRA,20,-125.1093,46.3532
2023,CAN,FRA,21,-125.0634,46.2167
2023,CAN,FRA,22,-124.9847,45.5528
2023,CAN,FRA,23,-125.0958,44.803
2023,CAN,FRA,24,-125.103715,44.633984
2023,CAN,FRA,25,-125.1054,44.598
2023,CAN,FRA,26,-125.1621,44.0101
2023,CAN,FRA,27,-125.32,43.3704
2023,CAN,FRA,28,-125.5151,42.8378
2023,CAN,FRA,29,-125.4524,42.7398
2023,CAN,FRA,30,-125.3355,42.3965
2023,CAN,FRA,31,-125.1974,41.9968
2023,CAN,FRA,32,-125.1997,41.5487
2023,CAN,FRA,33,-125.1939,40.7581
2023,CAN,FRA,34,-124.7749,39.4264
2023,CAN,FRA,35,-124.3291,38.6558
2023,CAN,FRA,36,-124.152441,38.466818
2023,CAN,FRA,37,-122.9,37.7
2023,CAN,FRA,38,-120.8841,34.4361
2023,CAN,FRA,39,-120.5005,34.3545
2023,CAN,FRA,40,-119.8734,34.2122
2023,CAN,FRA,41,-119.5099,34.1273
2023,CAN,FRA,42,-119.2671,34.0786
2023,CAN,FRA,43,-118.9213,33.9125
2023,CAN,FRA,44,-118.4867,33.7056
2023,CAN,FRA,45,-118.4648,33.6364
2023,CAN,FRA,46,-118.295,33.6384
2023,CAN,FRA,47,-118.1788,33.6279
2023,CAN,FRA,48,-118.1215,33.6276
2023,CAN,FRA,49,-117.435608,33.167445
2023,CAN,FRA,50,-117.3,32.7
2023,CAN,FRA,51,-115.2,27.5
2023,CAN,FRA,52,-112.510986,24.716895
2023,CAN,FRA,53,-109.7,22.5
2023,CAN,FRA,54,-106.489938,20.102998
2023,CAN,FRA,55,-103.40332,17.983958
2023,CAN,FRA,56,-99.9,16.5
2023,CAN,FRA,57,-99.913376,15.63055
2023,CAN,FRA,58,-90.991341,11.48884
2023,CAN,FRA,59,-89.110835,10.580401
2023,CAN,FRA,60,-87.997356,10.035818
2023,CAN,FRA,61,-82.8,7.4167
2023,CAN,FRA,62,-81.4,6.9
2023,CAN,FRA,63,-80.227822,6.983728
2023,CAN,FRA,64,-79.672852,7.422389
2023,CAN,FRA,65,-79.5,8.6
2023,CAN,FRA,66,-79.494118,8.796576
2023,CAN,FRA,67,-79.585922,8.992656
2023,CAN,FRA,68,-79.641747,9.035982
2023,CAN,FRA,69,-79.689331,9.10639
2023,CAN,FRA,70,-79.741379,9.118236
2023,CAN,FRA,71,-79.803246,9.118307
2023,CAN,FRA,72,-79.821304,9.173012
2023,CAN,FRA,73,-79.900612,9.208176
2023,CAN,FRA,74,-80.0,9.75
2023,CAN,FRA,75,-74.970687,13.668227
2023,CAN,FRA,76,-74.9584,13.6778
2023,CAN,FRA,77,-73.284043,14.906532
2023,CAN,FRA,78,-72.249859,15.665471
2023,CAN,FRA,79,-72.224911,15.683779
2023,CAN,FRA,80,-71.579995,16.157053
2023,CAN,FRA,81,-71.173962,16.455021
2023,CAN,FRA,82,-69.75,17.5
2023,CAN,FRA,83,-68.615112,17.952606
2023,CAN,FRA,84,-67.95,18.5
2023,CAN,FRA,85,-67.331093,19.128409
2023,CAN,FRA,86,-67.097137,19.365958
2023,CAN,FRA,87,-67.057838,19.40586
2023,CAN,FRA,88,-66.934172,19.531425
2023,CAN,FRA,89,-66.754064,19.714298
2023,CAN,FRA,90,-66.667107,19.80259
2023,CAN,FRA,91,-66.628548,19.841741
2023,CAN,FRA,92,-66.605655,19.864985
2023,CAN,FRA,93,-66.504998,19.967188
2023,CAN,FRA,94,-66.441166,20.032
2023,CAN,FRA,95,-66.320768,20.154246
2023,CAN,FRA,96,-65.0321,21.4627
2023,CAN,FRA,97,-63.113598,23.300654
2023,CAN,FRA,98,-60.618883,25.604749
2023,CAN,FRA,99,-60.001076,26.15807
2023,CAN,FRA,100,-58.8184,27.2173
2023,CAN,FRA,101,-57.951012,27.936496
2023,CAN,FRA,102,-57.878884,27.996301
2023,CAN,FRA,103,-56.6607,29.00636
2023,CAN,FRA,104,-55.346294,30.087016
2023,CAN,FRA,105,-52.246233,32.44219
2023,CAN,FRA,106,-51.699014,32.839924
2023,CAN,FRA,107,-50.001683,34.008615
2023,CAN,FRA,108,-48.55276,35.006266
2023,CAN,FRA,109,-46.192316,36.486048
2023,CAN,FRA,110,-44.2375,37.6913
2023,CAN,FRA,111,-40.0,40.0
2023,CAN,FRA,112,-37.894086,40.959473
2023,CAN,FRA,113,-34.863425,42.340269
2023,CAN,FRA,114,-32.990451,43.193613
2023,CAN,FRA,115,-32.7508,43.3028
2023,CAN,FRA,116,-30.002556,44.262362
2023,CAN,FRA,117,-25.548163,45.817634
2023,CAN,FRA,118,-24.7426,46.0989
2023,CAN,FRA,119,-24.113938,46.255613
2023,CAN,FRA,120,-20.001632,47.280732
2023,CAN,FRA,121,-17.925346,47.79831
2023,CAN,FRA,122,-16.888237,48.056841
2023,CAN,FRA,123,-15.9842,48.2822
2023,CAN,FRA,124,-14.710836,48.481015
2023,CAN,FRA,125,-13.147736,48.725068
2023,CAN,FRA,126,-10.632436,49.138636
2023,CAN,FRA,127,-6.709922,49.73023
2023,CAN,FRA,128,-6.5833,49.75
2023,CAN,FRA,129,-5.979701,49.782237
2023,CAN,FRA,130,-5.740436,49.795016
2023,CAN,FRA,131,-5.630965,49.800862
2023,CAN,FRA,132,-5.491611,49.808305
2023,CAN,FRA,133,-4.868405,49.841589
2023,CAN,FRA,134,-4.088283,49.883253
2023,CAN,FRA,135,-2.93586,49.944802
2023,CAN,FRA,136,-2.185907,49.984855
2023,CAN,FRA,137,-2.054102,49.991895
2023,CAN,FRA,138,-2.049842,49.991658
2023,CAN,FRA,139,-1.922118,49.984562
2023,CAN,FRA,140,-1.852691,49.980705
2023,CAN,FRA,141,-1.699789,49.97221
2023,CAN,FRA,142,-1.441104,49.957839
2023,CAN,FRA,143,-1.3,49.95
2023,CAN,FRA,144,-0.754538,49.742898
2023,CAN,FRA,145,-0.390945,49.604849
2023,CAN,FRA,146,-0.109,49.4978
2023,CAN,FRA,147,0.082233,49.485898
2023,FIN,KOR,0,24.907997,60.112071
2023,FIN,KOR,1,24.7,59.8
2023,FIN,KOR,2,24.011424,59.701632
2023,FIN,KOR,3,22.6,59.5
2023,FIN,KOR,4,20.6,58.2
2023,FIN,KOR,5,18.118532,56.645032
2023,FIN,KOR,6,17.0,56.4
2023,FIN,KOR,7,16.209967,55.954553
2023,FIN,KOR,8,15.80658,55.72711
2023,FIN,KOR,9,14.374661,55.229033
2023,FIN,KOR,10,13.836081,55.240216
2023,FIN,KOR,11,13.229812,55.252805
2023,FIN,KOR,12,12.974851,55.258099
2023,FIN,KOR,13,12.68255,55.305583
2023,FIN,KOR,14,12.700195,55.514637
2023,FIN,KOR,15,12.75,55.9
2023,FIN,KOR,16,12.629725,56.063887
2023,FIN,KOR,17,12.409121,56.337379
2023,FIN,KOR,18,12.409118,56.337382
2023,FIN,KOR,19,11.988567,56.905254
2023,FIN,KOR,20,11.4,57.7
2023,FIN,KOR,21,10.7333,57.8
2023,FIN,KOR,22,9.952745,57.599859
2023,FIN,KOR,23,8.9354,57.406
2023,FIN,KOR,24,7.983627,56.821663
2023,FIN,KOR,25,7.7379,56.6708
2023,FIN,KOR,26,6.837383,55.808317
2023,FIN,KOR,27,6.475957,55.462156
2023,FIN,KOR,28,5.795345,54.764853
2023,FIN,KOR,29,5.343228,54.126148
2023,FIN,KOR,30,4.9,53.5
2023,FIN,KOR,31,3.900173,52.700139
2023,FIN,KOR,32,3.327388,52.241911
2023,FIN,KOR,33,3.044362,52.01549
2023,FIN,KOR,34,2.9,51.9
2023,FIN,KOR,35,2.3601,51.6089
2023,FIN,KOR,36,1.868984,51.235892
2023,FIN,KOR,37,1.648479,51.072443
2023,FIN,KOR,38,1.498302,50.961124
2023,FIN,KOR,39,1.3,50.8
2023,FIN,KOR,40,1.193894,50.765311
2023,FIN,KOR,41,0.39288,50.503441
2023,FIN,KOR,42,-0.343359,50.262748
2023,FIN,KOR,43,-0.545959,50.196513
2023,FIN,KOR,44,-0.671539,50.155459
2023,FIN,KOR,45,-1.3,49.95
2023,FIN,KOR,46,-1.47977,49.895072
2023,FIN,KOR,47,-1.665743,49.838248
2023,FIN,KOR,48,-1.93365,49.75639
2023,FIN,KOR,49,-1.992006,49.738559
2023,FIN,KOR,50,-2.39189,49.616376
2023,FIN,KOR,51,-3.197043,49.370363
2023,FIN,KOR,52,-3.986163,49.129249
2023,FIN,KOR,53,-4.030414,49.115729
2023,FIN,KOR,54,-4.270518,49.042365
2023,FIN,KOR,55,-5.06401,48.799916
2023,FIN,KOR,56,-5.5,48.6667
2023,FIN,KOR,57,-6.698867,47.340067
2023,FIN,KOR,58,-7.954994,45.668797
2023,FIN,KOR,59,-8.49576,44.934776
2023,FIN,KOR,60,-9.019938,43.924891
2023,FIN,KOR,61,-9.14264,43.688493
2023,FIN,KOR,62,-9.5,43.0
2023,FIN,KOR,63,-9.9844,40.7798
2023,FIN,KOR,64,-9.6,38.5
2023,FIN,KOR,65,-9.452092,37.781589
2023,FIN,KOR,66,-9.25,36.8
2023,FIN,KOR,67,-8.219465,36.549727
2023,FIN,KOR,68,-7.26966,36.31906
2023,FIN,KOR,69,-5.75,35.95
2023,FIN,KOR,70,-5.354867,35.968819
2023,FIN,KOR,71,-5.269383,35.97289
2023,FIN,KOR,72,-4.7,36.0
2023,FIN,KOR,73,-3.683043,36.156455
2023,FIN,KOR,74,-3.264225,36.220888
2023,FIN,KOR,75,-2.590675,36.324512
2023,FIN,KOR,76,-2.244793,36.377724
2023,FIN,KOR,77,-1.62439,36.473171
2023,FIN,KOR,78,-0.366667,36.666667
2023,FIN,KOR,79,3.1,37.2
2023,FIN,KOR,80,7.5,37.4
2023,FIN,KOR,81,10.373031,37.482087
2023,FIN,KOR,82,11.0,37.5
2023,FIN,KOR,83,11.172235,37.454891
2023,FIN,KOR,84,11.827836,37.283186
2023,FIN,KOR,85,12.086301,37.215493
2023,FIN,KOR,86,12.110644,37.209117
2023,FIN,KOR,87,13.263819,36.907095
2023,FIN,KOR,88,15.2,36.4
2023,FIN,KOR,89,16.726588,36.086854
2023,FIN,KOR,90,17.902084,35.845726
2023,FIN,KOR,91,21.407365,35.126694
2023,FIN,KOR,92,23.0,34.8
2023,FIN,KOR,93,24.926664,34.187436
2023,FIN,KOR,94,25.478721,34.011915
2023,FIN,KOR,95,26.306431,33.748752
2023,FIN,KOR,96,27.927542,33.219565
2023,FIN,KOR,97,28.212434,33.115811
2023,FIN,KOR,98,28.905525,32.863395
2023,FIN,KOR,99,30.408377,32.316071
2023,FIN,KOR,100,32.1,31.7
2023,FIN,KOR,101,32.359877,31.336373
2023,FIN,KOR,102,32.310104,31.102922
2023,FIN,KOR,103,32.382202,30.318359
2023,FIN,KOR,104,32.557983,30.213982
2023,FIN,KOR,105,32.6,29.7
2023,FIN,KOR,106,33.233643,28.444544
2023,FIN,KOR,107,34.5,27.0
2023,FIN,KOR,108,37.0,23.6
2023,FIN,KOR,109,37.786499,22.210682
2023,FIN,KOR,110,38.572998,20.807472
2023,FIN,KOR,111,41.000977,17.098792
2023,FIN,KOR,112,42.341309,14.509144
2023,FIN,KOR,113,42.541058,13.676089
2023,FIN,KOR,114,43.3,12.7
2023,FIN,KOR,115,43.746586,12.40439
2023,FIN,KOR,116,45.0,12.0
2023,FIN,KOR,117,50.856149,12.884027
2023,FIN,KOR,118,53.61885,13.300009
2023,FIN,KOR,119,55.041504,12.747516
2023,FIN,KOR,120,59.894005,11.083455
2023,FIN,KOR,121,60.825733,10.866984
2023,FIN,KOR,122,62.0601,10.5802
2023,FIN,KOR,123,64.303249,10.031585
2023,FIN,KOR,124,64.698862,9.934828
2023,FIN,KOR,125,64.992809,9.862937
2023,FIN,KOR,126,65.7044,9.6889
2023,FIN,KOR,127,68.858995,8.881605
2023,FIN,KOR,128,69.3291,8.7613
2023,FIN,KOR,129,69.671733,8.6701
2023,FIN,KOR,130,69.999915,8.582747
2023,FIN,KOR,131,70.817426,8.365148
2023,FIN,KOR,132,75.966807,6.966807
2023,FIN,KOR,133,78.019032,6.387793
2023,FIN,KOR,134,80.1,5.8
2023,FIN,KOR,135,81.9,5.9
2023,FIN,KOR,136,85.9479,6.1983
2023,FIN,KOR,137,90.0,6.4664
2023,FIN,KOR,138,94.326449,6.157121
2023,FIN,KOR,139,98.128129,5.811729
2023,FIN,KOR,140,99.763807,4.084523
2023,FIN,KOR,141,100.6,3.2
2023,FIN,KOR,142,101.316415,2.586072
2023,FIN,KOR,143,102.0,2.0
2023,FIN,KOR,144,103.6,1.1
2023,FIN,KOR,145,103.861103,1.171415
2023,FIN,KOR,146,104.145848,1.249295
2023,FIN,KOR,147,104.482294,1.341312
2023,FIN,KOR,148,108.7023,8.3192
2023,FIN,KOR,149,110.027598,10.173186
2023,FIN,KOR,150,110.80697,11.263464
2023,FIN,KOR,151,111.0534,11.6082
2023,FIN,KOR,152,111.478346,12.523981
2023,FIN,KOR,153,112.965,15.7278
2023,FIN,KOR,154,114.338334,17.570129
2023,FIN,KOR,155,115.841059,19.666279
2023,FIN,KOR,156,116.5017,20.601113
2023,FIN,KOR,157,117.437994,21.922538
2023,FIN,KOR,158,118.030487,22.691517
2023,FIN,KOR,159,118.203464,22.930938
2023,FIN,KOR,160,118.724128,23.582665
2023,FIN,KOR,161,118.980046,23.949944
2023,FIN,KOR,162,119.33882,24.448861
2023,FIN,KOR,163,119.523707,24.707707
2023,FIN,KOR,164,119.761963,25.085599
2023,FIN,KOR,165,119.820497,25.236972
2023,FIN,KOR,166,120.0,25.7
2023,FIN,KOR,167,120.232569,26.078521
2023,FIN,KOR,168,120.787503,26.976762
2023,FIN,KOR,169,121.3,27.8
2023,FIN,KOR,170,122.23938,28.579698
2023,FIN,KOR,171,122.557297,29.38397
2023,FIN,KOR,172,122.652515,29.623632
2023,FIN,KOR,173,122.875214,30.181935
2023,FIN,KOR,174,122.878907,30.349364
2023,FIN,KOR,175,122.891141,30.901897
2023,FIN,KOR,176,122.9,31.3
2023,FIN,KOR,177,125.34383,32.983736
2023,FIN,KOR,178,126.035156,33.45436
2023,FIN,KOR,179,126.643151,33.735423
2023,FIN,KOR,180,127.444583,34.104419
2023,FIN,KOR,181,128.16925,34.40691
2023,FIN,KOR,182,128.916321,34.761923
2023,FIN,KOR,183,129.2,35.0
2023,FIN,GRC,0,24.907997,60.112071
2023,FIN,GRC,1,24.7,59.8
2023,FIN,GRC,2,24.011424,59.701632
2023,FIN,GRC,3,22.6,59.5
2023,FIN,GRC,4,20.6,58.2
2023,FIN,GRC,5,18.118532,56.645032
2023,FIN,GRC,6,17.0,56.4
2023,FIN,GRC,7,16.209967,55.954553
2023,FIN,GRC,8,15.80658,55.72711
2023,FIN,GRC,9,14.374661,55.229033
2023,FIN,GRC,10,13.836081,55.240216
2023,FIN,GRC,11,13.229812,55.252805
2023,FIN,GRC,12,12.974851,55.258099
2023,FIN,GRC,13,12.68255,55.305583
2023,FIN,GRC,14,12.700195,55.514637
2023,FIN,GRC,15,12.75,55.9
2023,FIN,GRC,16,12.629725,56.063887
2023,FIN,GRC,17,12.409121,56.337379
2023,FIN,GRC,18,12.409118,56.337382
2023,FIN,GRC,19,11.988567,56.905254
2023,FIN,GRC,20,11.4,57.7
2023,FIN,GRC,21,10.7333,57.8
2023,FIN,GRC,22,9.952745,57.599859
2023,FIN,GRC,23,8.9354,57.406
2023,FIN,GRC,24,7.983627,56.821663
2023,FIN,GRC,25,7.7379,56.6708
2023,FIN,GRC,26,6.837383,55.808317
2023,FIN,GRC,27,6.475957,55.462156
2023,FIN,GRC,28,5.795345,54.764853
2023,FIN,GRC,29,5.343228,54.126148
2023,FIN,GRC,30,4.9,53.5
2023,FIN,GRC,31,3.900173,52.700139
2023,FIN,GRC,32,3.327388,52.241911
2023,FIN,GRC,33,3.044362,52.01549
2023,FIN,GRC,34,2.9,51.9
2023,FIN,GRC,35,2.3601,51.6089
2023,FIN,GRC,36,1.868984,51.235892
2023,FIN,GRC,37,1.648479,51.072443
2023,FIN,GRC,38,1.498302,50.961124
2023,FIN,GRC,39,1.3,50.8
2023,FIN,GRC,40,1.193894,50.765311
2023,FIN,GRC,41,0.39288,50.503441
2023,FIN,GRC,42,-0.343359,50.262748
2023,FIN,GRC,43,-0.545959,50.196513
2023,FIN,GRC,44,-0.671539,50.155459
2023,FIN,GRC,45,-1.3,49.95
2023,FIN,GRC,46,-1.47977,49.895072
2023,FIN,GRC,47,-1.665743,49.838248
2023,FIN,GRC,48,-1.93365,49.75639
2023,FIN,GRC,49,-1.992006,49.738559
2023,FIN,GRC,50,-2.39189,49.616376
2023,FIN,GRC,51,-3.197043,49.370363
2023,FIN,GRC,52,-3.986163,49.129249
2023,FIN,GRC,53,-4.030414,49.115729
2023,FIN,GRC,54,-4.270518,49.042365
2023,FIN,GRC,55,-5.06401,48.799916
2023,FIN,GRC,56,-5.5,48.6667
2023,FIN,GRC,57,-6.698867,47.340067
2023,FIN,GRC,58,-7.954994,45.668797
2023,FIN,GRC,59,-8.49576,44.934776
2023,FIN,GRC,60,-9.019938,43.924891
2023,FIN,GRC,61,-9.14264,43.688493
2023,FIN,GRC,62,-9.5,43.0
2023,FIN,GRC,63,-9.9844,40.7798
2023,FIN,GRC,64,-9.6,38.5
2023,FIN,GRC,65,-9.452092,37.781589
2023,FIN,GRC,66,-9.25,36.8
2023,FIN,GRC,67,-8.219465,36.549727
2023,FIN,GRC,68,-7.26966,36.31906
2023,FIN,GRC,69,-5.75,35.95
2023,FIN,GRC,70,-5.354867,35.968819
2023,FIN,GRC,71,-5.269383,35.97289
2023,FIN,GRC,72,-4.7,36.0
2023,FIN,GRC,73,-3.683043,36.156455
2023,FIN,GRC,74,-3.264225,36.220888
2023,FIN,GRC,75,-2.590675,36.324512
2023,FIN,GRC,76,-2.244793,36.377724
2023,FIN,GRC,77,-1.62439,36.473171
2023,FIN,GRC,78,-0.366667,36.666667
2023,FIN,GRC,79,3.1,37.2
2023,FIN,GRC,80,7.095237,37.715715
2023,FIN,GRC,81,7.192242,37.728237
2023,FIN,GRC,82,7.507237,37.768897
2023,FIN,GRC,83,8.147147,37.851498
2023,FIN,GRC,84,8.676736,37.919859
2023,FIN,GRC,85,9.1442,37.9802
2023,FIN,GRC,86,9.780069,38.026727
2023,FIN,GRC,87,10.136119,38.052779
2023,FIN,GRC,88,10.311505,38.065613
2023,FIN,GRC,89,10.445158,38.075392
2023,FIN,GRC,90,11.013127,38.116951
2023,FIN,GRC,91,11.661179,38.164369
2023,FIN,GRC,92,12.099936,38.196473
2023,FIN,GRC,93,12.743535,38.243566
2023,FIN,GRC,94,13.3959,38.2913
2023,FIN,GRC,95,15.727668,38.366322
2023,FIN,GRC,96,15.711882,38.273843
2023,FIN,GRC,97,15.608743,38.230867
2023,FIN,GRC,98,15.557174,38.032185
2023,FIN,GRC,99,15.6982,37.892786
2023,FIN,GRC,100,16.152761,37.900531
2023,FIN,GRC,101,16.419052,37.905068
2023,FIN,GRC,102,18.393028,37.938699
2023,FIN,GRC,103,20.319182,37.971516
2023,FIN,GRC,104,20.680488,37.977089
2023,FIN,GRC,105,20.98035,38.076305
2023,FIN,GRC,106,21.158505,38.131249
2023,FIN,GRC,107,21.353302,38.219841
2023,FIN,GRC,108,21.9041,38.3486
2023,FIN,GRC,109,22.828287,38.02424
2023,FIN,GRC,110,22.947178,37.960508
2023,FIN,GRC,111,23.020113,37.909026
2023,FIN,GRC,112,23.175353,37.880707
2023,FIN,GRC,113,23.401569,37.850922
2023,FIN,GRC,114,23.505426,37.837248
2023,FIN,GRC,115,23.6195,37.917095
2023,CIV,CHN,0,-3.997307,5.246179
2023,CIV,CHN,1,-4.031982,4.866574
2023,CIV,CHN,2,-4.0,4.0
2023,CIV,CHN,3,-2.368781,1.108294
2023,CIV,CHN,4,-1.743578,-2e-05
2023,CIV,CHN,5,-1.108984,-1.124983
2023,CIV,CHN,6,0.000167,-3.091205
2023,CIV,CHN,7,2.295228,-7.159723
2023,CIV,CHN,8,3.739652,-9.720292
2023,CIV,CHN,9,6.364889,-14.374122
2023,CIV,CHN,10,9.088843,-19.202948
2023,CIV,CHN,11,9.747447,-20.370474
2023,CIV,CHN,12,10.730292,-22.11279
2023,CIV,CHN,13,13.63964,-27.27027
2023,CIV,CHN,14,18.0,-35.0
2023,CIV,CHN,15,22.0,-35.0
2023,CIV,CHN,16,26.0,-34.5
2023,CIV,CHN,17,30.517,-34.365
2023,CIV,CHN,18,35.0115,-34.0662
2023,CIV,CHN,19,36.390766,-33.923893
2023,CIV,CHN,20,40.001483,-33.531655
2023,CIV,CHN,21,42.877817,-33.128872
2023,CIV,CHN,22,47.907599,-32.27482
2023,CIV,CHN,23,50.000771,-31.837267
2023,CIV,CHN,24,51.411778,-31.534939
2023,CIV,CHN,25,52.4574,-31.3109
2023,CIV,CHN,26,57.364335,-30.049282
2023,CIV,CHN,27,59.850755,-29.331435
2023,CIV,CHN,28,61.107776,-28.953503
2023,CIV,CHN,29,64.6843,-27.7881
2023,CIV,CHN,30,66.312924,-27.197748
2023,CIV,CHN,31,68.5686,-26.3801
2023,CIV,CHN,32,70.001174,-25.809188
2023,CIV,CHN,33,72.3571,-24.8703
2023,CIV,CHN,34,73.944701,-24.181688
2023,CIV,CHN,35,76.0526,-23.2674
2023,CIV,CHN,36,77.600719,-22.543222
2023,CIV,CHN,37,80.000395,-21.409572
2023,CIV,CHN,38,80.903432,-20.957707
2023,CIV,CHN,39,82.741545,-20.037946
2023,CIV,CHN,40,86.6262,-17.9877
2023,CIV,CHN,41,86.989745,-17.784081
2023,CIV,CHN,42,86.989753,-17.784076
2023,CIV,CHN,43,87.410925,-17.54818
2023,CIV,CHN,44,90.000624,-16.09783
2023,CIV,CHN,45,93.735063,-13.883479
2023,CIV,CHN,46,95.0611,-13.0972
2023,CIV,CHN,47,100.0,-10.0
2023,CIV,CHN,48,104.0,-7.0
2023,CIV,CHN,49,104.82827,-6.592568
2023,CIV,CHN,50,105.424805,-6.298919
2023,CIV,CHN,51,105.754542,-5.979226
2023,CIV,CHN,52,105.864207,-5.893542
2023,CIV,CHN,53,106.459579,-5.312501
2023,CIV,CHN,54,106.8,-5.2
2023,CIV,CHN,55,107.29248,-3.590178
2023,CIV,CHN,56,107.251282,-2.498597
2023,CIV,CHN,57,107.656412,-1.540824
2023,CIV,CHN,58,109.077742,2.198945
2023,CIV,CHN,59,109.8,3.7
2023,CIV,CHN,60,109.934071,7.545272
2023,CIV,CHN,61,109.9482,7.9505
2023,CIV,CHN,62,110.027598,10.173186
2023,CIV,CHN,63,110.80697,11.263464
2023,CIV,CHN,64,111.0534,11.6082
2023,CIV,CHN,65,111.478346,12.523981
2023,CIV,CHN,66,112.965,15.7278
2023,CIV,CHN,67,114.338334,17.570129
2023,CIV,CHN,68,115.841059,19.666279
2023,CIV,CHN,69,116.5017,20.601113
2023,CIV,CHN,70,117.437994,21.922538
2023,CIV,CHN,71,118.030487,22.691517
2023,CIV,CHN,72,118.203464,22.930938
2023,CIV,CHN,73,118.724128,23.582665
2023,CIV,CHN,74,118.980046,23.949944
2023,CIV,CHN,75,119.33882,24.448861
2023,CIV,CHN,76,119.523707,24.707707
2023,CIV,CHN,77,119.761963,25.085599
2023,CIV,CHN,78,119.820497,25.236972
2023,CIV,CHN,79,120.0,25.7
2023,CIV,CHN,80,120.232569,26.078521
2023,CIV,CHN,81,120.787503,26.976762
2023,CIV,CHN,82,121.3,27.8
2023,CIV,CHN,83,122.23938,28.579698
2023,CIV,CHN,84,122.557297,29.38397
2023,CIV,CHN,85,122.652515,29.623632
2023,CIV,CHN,86,122.875214,30.181935
2023,CIV,CHN,87,122.878907,30.349364
2023,CIV,CHN,88,122.891141,30.901897
2023,CIV,CHN,89,122.66922,30.932268
2023,CIV,CHN,90,121.944122,31.062345
2023,AUS,DEU,0,118.6,-19.6
2023,AUS,DEU,1,116.664478,-20.18796
2023,AUS,DEU,2,114.5,-20.9
2023,AUS,DEU,3,113.379129,-21.524903
2023,AUS,DEU,4,112.686952,-21.910802
2023,AUS,DEU,5,111.835796,-22.385334
2023,AUS,DEU,6,110.809354,-22.957591
2023,AUS,DEU,7,110.632363,-22.913768
2023,AUS,DEU,8,106.4209,-21.871
2023,AUS,DEU,9,100.0,-20.0
2023,AUS,DEU,10,90.0,-20.0
2023,AUS,DEU,11,86.989753,-17.784076
2023,AUS,DEU,12,84.280892,-15.879421
2023,AUS,DEU,13,82.853149,-14.861447
2023,AUS,DEU,14,80.00045,-12.813894
2023,AUS,DEU,15,78.415232,-11.663869
2023,AUS,DEU,16,76.167517,-10.028129
2023,AUS,DEU,17,74.86096,-9.062149
2023,AUS,DEU,18,72.534164,-7.335598
2023,AUS,DEU,19,71.143256,-6.071941
2023,AUS,DEU,20,70.0003,-5.001776
2023,AUS,DEU,21,67.449371,-2.586972
2023,AUS,DEU,22,66.998946,-2.158083
2023,AUS,DEU,23,64.901577,-0.16069
2023,AUS,DEU,24,64.732936,-1.1e-05
2023,AUS,DEU,25,62.291959,2.325
2023,AUS,DEU,26,60.528485,3.996958
2023,AUS,DEU,27,59.99973,4.498272
2023,AUS,DEU,28,57.133366,7.184484
2023,AUS,DEU,29,52.3,11.6
2023,AUS,DEU,30,50.856149,12.884027
2023,AUS,DEU,31,45.0,12.0
2023,AUS,DEU,32,43.746586,12.40439
2023,AUS,DEU,33,43.3,12.7
2023,AUS,DEU,34,42.541058,13.676089
2023,AUS,DEU,35,42.341309,14.509144
2023,AUS,DEU,36,41.000977,17.098792
2023,AUS,DEU,37,38.572998,20.807472
2023,AUS,DEU,38,37.786499,22.210682
2023,AUS,DEU,39,37.0,23.6
2023,AUS,DEU,40,34.5,27.0
2023,AUS,DEU,41,33.233643,28.444544
2023,AUS,DEU,42,32.6,29.7
2023,AUS,DEU,43,32.557983,30.213982
2023,AUS,DEU,44,32.382202,30.318359
2023,AUS,DEU,45,32.310104,31.102922
2023,AUS,DEU,46,32.359877,31.336373
2023,AUS,DEU,47,32.1,31.7
2023,AUS,DEU,48,30.408377,32.316071
2023,AUS,DEU,49,28.905525,32.863395
2023,AUS,DEU,50,28.212434,33.115811
2023,AUS,DEU,51,27.927542,33.219565
2023,AUS,DEU,52,26.306431,33.748752
2023,AUS,DEU,53,25.478721,34.011915
2023,AUS,DEU,54,24.926664,34.187436
2023,AUS,DEU,55,23.0,34.8
2023,AUS,DEU,56,21.407365,35.126694
2023,AUS,DEU,57,17.902084,35.845726
2023,AUS,DEU,58,16.726588,36.086854
2023,AUS,DEU,59,15.2,36.4
2023,AUS,DEU,60,13.263819,36.907095
2023,AUS,DEU,61,12.110644,37.209117
2023,AUS,DEU,62,12.086301,37.215493
2023,AUS,DEU,63,11.827836,37.283186
2023,AUS,DEU,64,11.172235,37.454891
2023,AUS,DEU,65,11.0,37.5
2023,AUS,DEU,66,10.373031,37.482087
2023,AUS,DEU,67,7.5,37.4
2023,AUS,DEU,68,3.1,37.2
2023,AUS,DEU,69,-0.366667,36.666667
2023,AUS,DEU,70,-1.62439,36.473171
2023,AUS,DEU,71,-2.244793,36.377724
2023,AUS,DEU,72,-2.590675,36.324512
2023,AUS,DEU,73,-3.264225,36.220888
2023,AUS,DEU,74,-3.683043,36.156455
2023,AUS,DEU,75,-4.7,36.0
2023,AUS,DEU,76,-5.269383,35.97289
2023,AUS,DEU,77,-5.354867,35.968819
2023,AUS,DEU,78,-5.75,35.95
2023,AUS,DEU,79,-7.26966,36.31906
2023,AUS,DEU,80,-8.219465,36.549727
2023,AUS,DEU,81,-9.25,36.8
2023,AUS,DEU,82,-9.452092,37.781589
2023,AUS,DEU,83,-9.6,38.5
2023,AUS,DEU,84,-9.9844,40.7798
2023,AUS,DEU,85,-9.5,43.0
2023,AUS,DEU,86,-9.14264,43.688493
2023,AUS,DEU,87,-9.019938,43.924891
2023,AUS,DEU,88,-8.49576,44.934776
2023,AUS,DEU,89,-7.954994,45.668797
2023,AUS,DEU,90,-6.698867,47.340067
2023,AUS,DEU,91,-5.5,48.6667
2023,AUS,DEU,92,-5.06401,48.799916
2023,AUS,DEU,93,-4.270518,49.042365
2023,AUS,DEU,94,-4.030414,49.115729
2023,AUS,DEU,95,-3.986163,49.129249
2023,AUS,DEU,96,-3.197043,49.370363
2023,AUS,DEU,97,-2.39189,49.616376
2023,AUS,DEU,98,-1.992006,49.738559
2023,AUS,DEU,99,-1.93365,49.75639
2023,AUS,DEU,100,-1.665743,49.838248
2023,AUS,DEU,101,-1.47977,49.895072
2023,AUS,DEU,102,-1.3,49.95
2023,AUS,DEU,103,-0.671539,50.155459
2023,AUS,DEU,104,-0.545959,50.196513
2023,AUS,DEU,105,-0.343359,50.262748
2023,AUS,DEU,106,0.39288,50.503441
2023,AUS,DEU,107,1.193894,50.765311
2023,AUS,DEU,108,1.3,50.8
2023,AUS,DEU,109,1.498302,50.961124
2023,AUS,DEU,110,1.648479,51.072443
2023,AUS,DEU,111,1.868984,51.235892
2023,AUS,DEU,112,2.3601,51.6089
2023,AUS,DEU,113,2.9,51.9
2023,AUS,DEU,114,3.044362,52.01549
2023,AUS,DEU,115,3.327388,52.241911
2023,AUS,DEU,116,3.900173,52.700139
2023,AUS,DEU,117,4.9,53.5
2023,AUS,DEU,118,6.384053,53.685507
2023,AUS,DEU,119,8.25,53.9
2023,AUS,DEU,120,8.745294,53.909831
2023,AUS,DEU,121,9.041942,53.874321
2023,AUS,DEU,122,9.227347,53.877053
2023,AUS,DEU,123,9.336273,53.840148
2023,AUS,DEU,124,9.39653,53.775829
2023,AUS,DEU,125,9.496185,53.710038
2023,AUS,DEU,126,9.535584,53.633153
2023,AUS,DEU,127,9.632921,53.583652
2023,AUS,DEU,128,9.751117,53.55475
2023,AUS,DEU,129,9.927252,53.545112
2023,USA,NLD,0,-118.194489,33.703898
2023,USA,NLD,1,-118.1215,33.6276
2023,USA,NLD,2,-117.435608,33.167445
2023,USA,NLD,3,-117.3,32.7
2023,USA,NLD,4,-115.2,27.5
2023,USA,NLD,5,-112.510986,24.716895
2023,USA,NLD,6,-109.7,22.5
2023,USA,NLD,7,-106.489938,20.102998
2023,USA,NLD,8,-103.40332,17.983958
2023,USA,NLD,9,-99.9,16.5
2023,USA,NLD,10,-99.913376,15.63055
2023,USA,NLD,11,-90.991341,11.48884
2023,USA,NLD,12,-89.110835,10.580401
2023,USA,NLD,13,-87.997356,10.035818
2023,USA,NLD,14,-82.8,7.4167
2023,USA,NLD,15,-81.4,6.9
2023,USA,NLD,16,-80.227822,6.983728
2023,USA,NLD,17,-79.672852,7.422389
2023,USA,NLD,18,-79.5,8.6
2023,USA,NLD,19,-79.494118,8.796576
2023,USA,NLD,20,-79.585922,8.992656
2023,USA,NLD,21,-79.641747,9.035982
2023,USA,NLD,22,-79.689331,9.10639
2023,USA,NLD,23,-79.741379,9.118236
2023,USA,NLD,24,-79.803246,9.118307
2023,USA,NLD,25,-79.821304,9.173012
2023,USA,NLD,26,-79.900612,9.208176
2023,USA,NLD,27,-80.0,9.75
2023,USA,NLD,28,-74.970687,13.668227
2023,USA,NLD,29,-74.9584,13.6778
2023,USA,NLD,30,-73.284043,14.906532
2023,USA,NLD,31,-72.249859,15.665471
2023,USA,NLD,32,-72.224911,15.683779
2023,USA,NLD,33,-71.579995,16.157053
2023,USA,NLD,34,-71.173962,16.455021
2023,USA,NLD,35,-69.75,17.5
2023,USA,NLD,36,-68.615112,17.952606
2023,USA,NLD,37,-67.95,18.5
2023,USA,NLD,38,-67.331093,19.128409
2023,USA,NLD,39,-67.097137,19.365958
2023,USA,NLD,40,-67.057838,19.40586
2023,USA,NLD,41,-66.934172,19.531425
2023,USA,NLD,42,-66.754064,19.714298
2023,USA,NLD,43,-66.667107,19.80259
2023,USA,NLD,44,-66.628548,19.841741
2023,USA,NLD,45,-66.605655,19.864985
2023,USA,NLD,46,-66.504998,19.967188
2023,USA,NLD,47,-66.441166,20.032
2023,USA,NLD,48,-66.320768,20.154246
2023,USA,NLD,49,-65.0321,21.4627
2023,USA,NLD,50,-63.113598,23.300654
2023,USA,NLD,51,-60.618883,25.604749
2023,USA,NLD,52,-60.001076,26.15807
2023,USA,NLD,53,-58.8184,27.2173
2023,USA,NLD,54,-57.951012,27.936496
2023,USA,NLD,55,-57.878884,27.996301
2023,USA,NLD,56,-56.6607,29.00636
2023,USA,NLD,57,-55.346294,30.087016
2023,USA,NLD,58,-52.246233,32.44219
2023,USA,NLD,59,-51.699014,32.839924
2023,USA,NLD,60,-50.001683,34.008615
2023,USA,NLD,61,-48.55276,35.006266
2023,USA,NLD,62,-46.192316,36.486048
2023,USA,NLD,63,-44.2375,37.6913
2023,USA,NLD,64,-40.0,40.0
2023,USA,NLD,65,-37.894086,40.959473
2023,USA,NLD,66,-34.863425,42.340269
2023,USA,NLD,67,-32.990451,43.193613
2023,USA,NLD,68,-32.7508,43.3028
2023,USA,NLD,69,-30.002556,44.262362
2023,USA,NLD,70,-25.548163,45.817634
2023,USA,NLD,71,-24.7426,46.0989
2023,USA,NLD,72,-24.113938,46.255613
2023,USA,NLD,73,-20.001632,47.280732
2023,USA,NLD,74,-17.925346,47.79831
2023,USA,NLD,75,-16.888237,48.056841
2023,USA,NLD,76,-15.9842,48.2822
2023,USA,NLD,77,-14.710836,48.481015
2023,USA,NLD,78,-13.147736,48.725068
2023,USA,NLD,79,-10.632436,49.138636
2023,USA,NLD,80,-6.709922,49.73023
2023,USA,NLD,81,-6.5833,49.75
2023,USA,NLD,82,-5.979701,49.782237
2023,USA,NLD,83,-5.740436,49.795016
2023,USA,NLD,84,-5.630965,49.800862
2023,USA,NLD,85,-5.491611,49.808305
2023,USA,NLD,86,-4.868405,49.841589
2023,USA,NLD,87,-4.088283,49.883253
2023,USA,NLD,88,-2.93586,49.944802
2023,USA,NLD,89,-2.624015,50.023556
2023,USA,NLD,90,-2.270882,50.112738
2023,USA,NLD,91,-2.100162,50.138244
2023,USA,NLD,92,-1.755087,50.189798
2023,USA,NLD,93,-1.577583,50.216317
2023,USA,NLD,94,-1.251907,50.264973
2023,USA,NLD,95,-0.76446,50.337798
2023,USA,NLD,96,-0.764313,50.33751
2023,USA,NLD,97,-0.672505,50.358079
2023,USA,NLD,98,-0.505582,50.395477
2023,USA,NLD,99,0.301537,50.576304
2023,USA,NLD,100,1.149895,50.76637
2023,USA,NLD,101,1.3,50.8
2023,USA,NLD,102,1.441366,50.849032
2023,USA,NLD,103,1.567687,50.892845
2023,USA,NLD,104,1.813195,50.988387
2023,USA,NLD,105,2.1,51.1
2023,USA,NLD,106,2.356699,51.178984
2023,USA,NLD,107,3.4,51.5
2023,USA,NLD,108,3.559619,51.659619
2023,USA,NLD,109,3.9,52.0
2023,USA,NLD,110,4.069748,51.987629
2023,USA,NLD,111,4.151802,51.961827
2023,USA,NLD,112,4.230423,51.922673
2023,USA,NLD,113,4.289818,51.89641
2023,USA,NLD,114,4.32827,51.89302
2023,USA,NLD,115,4.369469,51.900223
2023,DEU,ESP,0,9.927252,53.545112
2023,DEU,ESP,1,9.751117,53.55475
2023,DEU,ESP,2,9.632921,53.583652
2023,DEU,ESP,3,9.535584,53.633153
2023,DEU,ESP,4,9.496185,53.710038
2023,DEU,ESP,5,9.39653,53.775829
2023,DEU,ESP,6,9.336273,53.840148
2023,DEU,ESP,7,9.227347,53.877053
2023,DEU,ESP,8,9.041942,53.874321
2023,DEU,ESP,9,8.745294,53.909831
2023,DEU,ESP,10,8.25,53.9
2023,DEU,ESP,11,6.384053,53.685507
2023,DEU,ESP,12,4.9,53.5
2023,DEU,ESP,13,3.900173,52.700139
2023,DEU,ESP,14,3.327388,52.241911
2023,DEU,ESP,15,3.044362,52.01549
2023,DEU,ESP,16,2.9,51.9
2023,DEU,ESP,17,2.3601,51.6089
2023,DEU,ESP,18,1.868984,51.235892
2023,DEU,ESP,19,1.648479,51.072443
2023,DEU,ESP,20,1.498302,50.961124
2023,DEU,ESP,21,1.3,50.8
2023,DEU,ESP,22,1.193894,50.765311
2023,DEU,ESP,23,0.39288,50.503441
2023,DEU,ESP,24,-0.343359,50.262748
2023,DEU,ESP,25,-0.545959,50.196513
2023,DEU,ESP,26,-0.671539,50.155459
2023,DEU,ESP,27,-1.3,49.95
2023,DEU,ESP,28,-1.47977,49.895072
2023,DEU,ESP,29,-1.665743,49.838248
2023,DEU,ESP,30,-1.93365,49.75639
2023,DEU,ESP,31,-1.992006,49.738559
2023,DEU,ESP,32,-2.39189,49.616376
2023,DEU,ESP,33,-3.197043,49.370363
2023,DEU,ESP,34,-3.986163,49.129249
2023,DEU,ESP,35,-4.030414,49.115729
2023,DEU,ESP,36,-4.270518,49.042365
2023,DEU,ESP,37,-5.06401,48.799916
2023,DEU,ESP,38,-5.5,48.6667
2023,DEU,ESP,39,-6.698867,47.340067
2023,DEU,ESP,40,-7.954994,45.668797
2023,DEU,ESP,41,-8.49576,44.934776
2023,DEU,ESP,42,-9.019938,43.924891
2023,DEU,ESP,43,-9.14264,43.688493
2023,DEU,ESP,44,-9.5,43.0
2023,DEU,ESP,45,-9.9844,40.7798
2023,DEU,ESP,46,-9.6,38.5
2023,DEU,ESP,47,-9.452092,37.781589
2023,DEU,ESP,48,-9.25,36.8
2023,DEU,ESP,49,-8.219465,36.549727
2023,DEU,ESP,50,-7.26966,36.31906
2023,DEU,ESP,51,-5.75,35.95
2023,DEU,ESP,52,-5.354867,35.968819
2023,DEU,ESP,53,-5.269383,35.97289
2023,DEU,ESP,54,-4.417056,36.339533
2023,DEU,ESP,55,-4.070282,36.488703
2023,DEU,ESP,56,-3.811553,36.6
2023,DEU,ESP,57,-3.559793,36.6
2023,DEU,ESP,58,-3.464998,36.6
2023,DEU,ESP,59,-2.508613,36.6
2023,DEU,ESP,60,-2.1,36.6
2023,DEU,ESP,61,-0.589854,37.511837
2023,DEU,ESP,62,-0.491527,37.627043
2023,DEU,ESP,63,0.258592,38.441352
2023,DEU,ESP,64,0.267518,38.480858
2023,DEU,ESP,65,0.3373,38.7897
2023,DEU,ESP,66,0.129546,38.995264
2023,DEU,ESP,67,-0.309838,39.430018
2023,BRA,SWE,0,-46.347885,-23.981547
2023,BRA,SWE,1,-46.3,-24.3
2023,BRA,SWE,2,-44.631958,-23.920992
2023,BRA,SWE,3,-43.088379,-23.195912
2023,BRA,SWE,4,-41.3,-23.5
2023,BRA,SWE,5,-39.5,-20.0
2023,BRA,SWE,6,-37.8202,-16.5071
2023,BRA,SWE,7,-36.2,-13.0
2023,BRA,SWE,8,-35.073853,-9.849804
2023,BRA,SWE,9,-34.205933,-8.091862
2023,BRA,SWE,10,-33.97522,-6.959144
2023,BRA,SWE,11,-33.8,-5.25
2023,BRA,SWE,12,-32.983953,-3.172081
2023,BRA,SWE,13,-31.9046,-0.4237
2023,BRA,SWE,14,-31.738431,-1.3e-05
2023,BRA,SWE,15,-31.243642,1.261567
2023,BRA,SWE,16,-30.0115,4.4032
2023,BRA,SWE,17,-30.000266,4.431443
2023,BRA,SWE,18,-29.829347,4.861138
2023,BRA,SWE,19,-28.406522,8.438157
2023,BRA,SWE,20,-28.0937,9.2246
2023,BRA,SWE,21,-27.693656,10.200929
2023,BRA,SWE,22,-26.849972,12.259986
2023,BRA,SWE,23,-26.123,14.0342
2023,BRA,SWE,24,-25.069774,16.489404
2023,BRA,SWE,25,-24.0679,18.8249
2023,BRA,SWE,26,-23.232747,20.654158
2023,BRA,SWE,27,-21.8927,23.5893
2023,BRA,SWE,28,-21.885281,23.604304
2023,BRA,SWE,29,-21.750274,23.877344
2023,BRA,SWE,30,-19.593968,28.23828
2023,BRA,SWE,31,-19.5545,28.3181
2023,BRA,SWE,32,-18.907725,29.503512
2023,BRA,SWE,33,-17.183808,33.116222
2023,BRA,SWE,34,-16.342602,34.100529
2023,BRA,SWE,35,-15.637598,35.280754
2023,BRA,SWE,36,-15.507833,35.49799
2023,BRA,SWE,37,-15.087759,36.201224
2023,BRA,SWE,38,-14.5998,37.0181
2023,BRA,SWE,39,-14.458326,37.228343
2023,BRA,SWE,40,-14.370384,37.359032
2023,BRA,SWE,41,-13.970499,37.953293
2023,BRA,SWE,42,-13.755544,38.272734
2023,BRA,SWE,43,-13.19617,39.104011
2023,BRA,SWE,44,-13.09895,39.248488
2023,BRA,SWE,45,-11.934,40.9797
2023,BRA,SWE,46,-11.845154,41.094802
2023,BRA,SWE,47,-11.515445,41.521946
2023,BRA,SWE,48,-10.591061,42.719505
2023,BRA,SWE,49,-10.176425,43.256675
2023,BRA,SWE,50,-10.063992,43.402334
2023,BRA,SWE,51,-7.987368,45.91425
2023,BRA,SWE,52,-6.698867,47.340067
2023,BRA,SWE,53,-5.5,48.6667
2023,BRA,SWE,54,-5.06401,48.799916
2023,BRA,SWE,55,-4.270518,49.042365
2023,BRA,SWE,56,-4.030414,49.115729
2023,BRA,SWE,57,-3.986163,49.129249
2023,BRA,SWE,58,-3.197043,49.370363
2023,BRA,SWE,59,-2.39189,49.616376
2023,BRA,SWE,60,-1.992006,49.738559
2023,BRA,SWE,61,-1.93365,49.75639
2023,BRA,SWE,62,-1.665743,49.838248
2023,BRA,SWE,63,-1.47977,49.895072
2023,BRA,SWE,64,-1.3,49.95
2023,BRA,SWE,65,-0.671539,50.155459
2023,BRA,SWE,66,-0.545959,50.196513
2023,BRA,SWE,67,-0.343359,50.262748
2023,BRA,SWE,68,0.39288,50.503441
2023,BRA,SWE,69,1.193894,50.765311
2023,BRA,SWE,70,1.3,50.8
2023,BRA,SWE,71,1.498302,50.961124
2023,BRA,SWE,72,1.648479,51.072443
2023,BRA,SWE,73,1.868984,51.235892
2023,BRA,SWE,74,2.3601,51.6089
2023,BRA,SWE,75,2.9,51.9
2023,BRA,SWE,76,3.044362,52.01549
2023,BRA,SWE,77,3.327388,52.241911
2023,BRA,SWE,78,3.900173,52.700139
2023,BRA,SWE,79,4.9,53.5
2023,BRA,SWE,80,5.343228,54.126148
2023,BRA,SWE,81,5.795345,54.764853
2023,BRA,SWE,82,6.475957,55.462156
2023,BRA,SWE,83,6.837383,55.808317
2023,BRA,SWE,84,7.7379,56.6708
2023,BRA,SWE,85,7.983627,56.821663
2023,BRA,SWE,86,8.9354,57.406
2023,BRA,SWE,87,9.952745,57.599859
2023,BRA,SWE,88,10.7333,57.8
2023,BRA,SWE,89,11.4,57.7
2023,BRA,SWE,90,11.524055,57.879429
2023,COG,NLD,0,13.42804,-5.864671
2023,COG,NLD,1,13.005066,-5.895408
2023,COG,NLD,2,12.7668,-6.013556
2023,COG,NLD,3,12.384338,-6.077742
2023,COG,NLD,4,11.543725,-5.95973
2023,COG,NLD,5,5.577742,-3.058641
2023,COG,NLD,6,5.300429,-2.907092
2023,COG,NLD,7,4.876639,-2.674661
2023,COG,NLD,8,0.0,-2e-05
2023,COG,NLD,9,-2.368781,1.108294
2023,COG,NLD,10,-3.7467,1.753
2023,COG,NLD,11,-7.5,3.5
2023,COG,NLD,12,-11.5,5.5
2023,COG,NLD,13,-14.5,8.5
2023,COG,NLD,14,-17.0,11.0
2023,COG,NLD,15,-18.0,15.0
2023,COG,NLD,16,-18.0,21.0
2023,COG,NLD,17,-15.128174,27.999252
2023,COG,NLD,18,-15.145809,28.538331
2023,COG,NLD,19,-15.172119,29.337503
2023,COG,NLD,20,-13.9051,32.4093
2023,COG,NLD,21,-13.32875,34.065242
2023,COG,NLD,22,-13.114888,34.6797
2023,COG,NLD,23,-12.839781,35.470126
2023,COG,NLD,24,-12.761203,35.695892
2023,COG,NLD,25,-12.608538,36.134522
2023,COG,NLD,26,-12.493983,36.463656
2023,COG,NLD,27,-12.32612,36.945951
2023,COG,NLD,28,-12.262448,37.128892
2023,COG,NLD,29,-12.131862,37.504085
2023,COG,NLD,30,-12.057515,37.717697
2023,COG,NLD,31,-11.81009,38.428587
2023,COG,NLD,32,-11.664545,38.84676
2023,COG,NLD,33,-11.158374,40.301066
2023,COG,NLD,34,-11.070622,40.553191
2023,COG,NLD,35,-10.289669,42.796988
2023,COG,NLD,36,-10.167909,43.146826
2023,COG,NLD,37,-10.063992,43.402334
2023,COG,NLD,38,-7.987368,45.91425
2023,COG,NLD,39,-6.698867,47.340067
2023,COG,NLD,40,-5.5,48.6667
2023,COG,NLD,41,-5.06401,48.799916
2023,COG,NLD,42,-4.270518,49.042365
2023,COG,NLD,43,-4.030414,49.115729
2023,COG,NLD,44,-3.986163,49.129249
2023,COG,NLD,45,-3.197043,49.370363
2023,COG,NLD,46,-2.39189,49.616376
2023,COG,NLD,47,-1.992006,49.738559
2023,COG,NLD,48,-1.93365,49.75639
2023,COG,NLD,49,-1.665743,49.838248
2023,COG,NLD,50,-1.47977,49.895072
2023,COG,NLD,51,-1.3,49.95
2023,COG,NLD,52,-0.671539,50.155459
2023,COG,NLD,53,-0.545959,50.196513
2023,COG,NLD,54,-0.343359,50.262748
2023,COG,NLD,55,0.39288,50.503441
2023,COG,NLD,56,1.193894,50.765311
2023,COG,NLD,57,1.3,50.8
2023,COG,NLD,58,1.441366,50.849032
2023,COG,NLD,59,1.567687,50.892845
2023,COG,NLD,60,1.813195,50.988387
2023,COG,NLD,61,2.1,51.1
2023,COG,NLD,62,2.356699,51.178984
2023,COG,NLD,63,3.4,51.5
2023,COG,NLD,64,3.559619,51.659619
2023,COG,NLD,65,3.9,52.0
2023,COG,NLD,66,4.069748,51.987629
2023,COG,NLD,67,4.151802,51.961827
2023,COG,NLD,68,4.230423,51.922673
2023,COG,NLD,69,4.289818,51.89641
2023,COG,NLD,70,4.32827,51.89302
2023,COG,NLD,71,4.369469,51.900223
2023,KAZ,GBR,0,51.138611,43.612217
2023,KAZ,GBR,1,50.818028,43.557566
2023,KAZ,GBR,2,47.8023,45.1174
2023,KAZ,GBR,3,47.782562,45.394294
2023,KAZ,GBR,4,47.698791,45.682042
2023,KAZ,GBR,5,47.637474,45.721894
2023,KAZ,GBR,6,47.645714,45.768157
2023,KAZ,GBR,7,47.684166,45.806481
2023,KAZ,GBR,8,47.671463,45.84765
2023,KAZ,GBR,9,47.622436,45.880277
2023,KAZ,GBR,10,47.662262,45.938593
2023,KAZ,GBR,11,47.62999,45.974889
2023,KAZ,GBR,12,47.694534,45.981573
2023,KAZ,GBR,13,47.704834,46.028271
2023,KAZ,GBR,14,47.742599,46.099295
2023,KAZ,GBR,15,47.817444,46.150242
2023,KAZ,GBR,16,47.849029,46.192582
2023,KAZ,GBR,17,47.908768,46.212552
2023,KAZ,GBR,18,48.039368,46.392098
2023,KAZ,GBR,19,47.976196,46.460286
2023,KAZ,GBR,20,48.033874,46.524607
2023,KAZ,GBR,21,48.017395,46.541621
2023,KAZ,GBR,22,47.906158,46.581298
2023,KAZ,GBR,23,47.892425,46.653022
2023,KAZ,GBR,24,47.832001,46.747251
2023,KAZ,GBR,25,47.714721,46.85891
2023,KAZ,GBR,26,47.604858,46.843876
2023,KAZ,GBR,27,47.604858,46.956531
2023,KAZ,GBR,28,47.077514,47.218471
2023,KAZ,GBR,29,47.121459,47.296802
2023,KAZ,GBR,30,46.978637,47.427097
2023,KAZ,GBR,31,46.874267,47.427097
2023,KAZ,GBR,32,46.55017,47.723704
2023,KAZ,GBR,33,46.352416,47.860317
2023,KAZ,GBR,34,46.154662,47.948739
2023,KAZ,GBR,35,46.176635,48.205773
2023,KAZ,GBR,36,46.00415,48.240877
2023,KAZ,GBR,37,45.888794,48.323167
2023,KAZ,GBR,38,45.563324,48.466398
2023,KAZ,GBR,39,45.368316,48.408059
2023,KAZ,GBR,40,45.097778,48.474597
2023,KAZ,GBR,41,44.976929,48.437986
2023,KAZ,GBR,42,44.905517,48.477167
2023,KAZ,GBR,43,44.625366,48.538156
2023,KAZ,GBR,44,44.557148,48.530549
2023,KAZ,GBR,45,44.551981,48.484619
2023,KAZ,GBR,46,44.503624,48.424983
2023,KAZ,GBR,47,44.483025,48.42202
2023,KAZ,GBR,48,44.347069,48.468501
2023,KAZ,GBR,49,44.206787,48.494017
2023,KAZ,GBR,50,44.160095,48.548619
2023,KAZ,GBR,51,44.063965,48.624963
2023,KAZ,GBR,52,43.967422,48.682195
2023,KAZ,GBR,53,43.694824,48.654066
2023,KAZ,GBR,54,43.32019,48.48606
2023,KAZ,GBR,55,42.728026,47.767294
2023,KAZ,GBR,56,42.090819,47.560018
2023,KAZ,GBR,57,40.915282,47.582266
2023,KAZ,GBR,58,40.508788,47.463503
2023,KAZ,GBR,59,40.201171,47.225172
2023,KAZ,GBR,60,39.695799,47.195305
2023,KAZ,GBR,61,39.267333,47.075668
2023,KAZ,GBR,62,39.0431,47.104
2023,KAZ,GBR,63,37.6629,46.8238
2023,KAZ,GBR,64,36.8592,45.6212
2023,KAZ,GBR,65,36.4,45.0
2023,KAZ,GBR,66,33.0,43.0
2023,KAZ,GBR,67,29.132431,41.242447
2023,KAZ,GBR,68,29.096026,41.186306
2023,KAZ,GBR,69,29.050519,41.15205
2023,KAZ,GBR,70,29.070542,41.117776
2023,KAZ,GBR,71,29.042328,41.050547
2023,KAZ,GBR,72,28.995,41.027893
2023,KAZ,GBR,73,28.977708,40.971568
2023,KAZ,GBR,74,28.501542,40.82216
2023,KAZ,GBR,75,28.449481,40.805825
2023,KAZ,GBR,76,27.277634,40.60495
2023,KAZ,GBR,77,26.768188,40.440676
2023,KAZ,GBR,78,26.2,40.1
2023,KAZ,GBR,79,25.766724,39.666724
2023,KAZ,GBR,80,25.700208,39.600208
2023,KAZ,GBR,81,25.5,39.4
2023,KAZ,GBR,82,25.337942,39.153055
2023,KAZ,GBR,83,24.657285,38.115863
2023,KAZ,GBR,84,24.520041,37.90673
2023,KAZ,GBR,85,24.372282,37.856919
2023,KAZ,GBR,86,24.114615,37.769372
2023,KAZ,GBR,87,24.083063,37.715634
2023,KAZ,GBR,88,24.063647,37.621498
2023,KAZ,GBR,89,23.888901,37.615875
2023,KAZ,GBR,90,23.885914,37.616154
2023,KAZ,GBR,91,23.6425,37.8192
2023,KAZ,GBR,92,23.505426,37.837248
2023,KAZ,GBR,93,23.401569,37.850922
2023,KAZ,GBR,94,23.175353,37.880707
2023,KAZ,GBR,95,23.020113,37.909026
2023,KAZ,GBR,96,22.947178,37.960508
2023,KAZ,GBR,97,22.828287,38.02424
2023,KAZ,GBR,98,21.9041,38.3486
2023,KAZ,GBR,99,21.353302,38.219841
2023,KAZ,GBR,100,21.158505,38.131249
2023,KAZ,GBR,101,20.98035,38.076305
2023,KAZ,GBR,102,20.680488,37.977089
2023,KAZ,GBR,103,20.319182,37.971516
2023,KAZ,GBR,104,18.393028,37.938699
2023,KAZ,GBR,105,16.419052,37.905068
2023,KAZ,GBR,106,16.152761,37.900531
2023,KAZ,GBR,107,15.6982,37.892786
2023,KAZ,GBR,108,15.557174,38.032185
2023,KAZ,GBR,109,15.608743,38.230867
2023,KAZ,GBR,110,15.711882,38.273843
2023,KAZ,GBR,111,15.727668,38.366322
2023,KAZ,GBR,112,13.3959,38.2913
2023,KAZ,GBR,113,12.743535,38.243566
2023,KAZ,GBR,114,12.099936,38.196473
2023,KAZ,GBR,115,11.661179,38.164369
2023,KAZ,GBR,116,11.013127,38.116951
2023,KAZ,GBR,117,10.445158,38.075392
2023,KAZ,GBR,118,10.311505,38.065613
2023,KAZ,GBR,119,10.136119,38.052779
2023,KAZ,GBR,120,9.780069,38.026727
2023,KAZ,GBR,121,9.1442,37.9802
2023,KAZ,GBR,122,8.676736,37.919859
2023,KAZ,GBR,123,8.147147,37.851498
2023,KAZ,GBR,124,7.507237,37.768897
2023,KAZ,GBR,125,7.192242,37.728237
2023,KAZ,GBR,126,7.095237,37.715715
2023,KAZ,GBR,127,3.1,37.2
2023,KAZ,GBR,128,-0.366667,36.666667
2023,KAZ,GBR,129,-1.62439,36.473171
2023,KAZ,GBR,130,-2.244793,36.377724
2023,KAZ,GBR,131,-2.590675,36.324512
2023,KAZ,GBR,132,-3.264225,36.220888
2023,KAZ,GBR,133,-3.683043,36.156455
2023,KAZ,GBR,134,-4.7,36.0
2023,KAZ,GBR,135,-5.269383,35.97289
2023,KAZ,GBR,136,-5.354867,35.968819
2023,KAZ,GBR,137,-5.75,35.95
2023,KAZ,GBR,138,-7.26966,36.31906
2023,KAZ,GBR,139,-8.219465,36.549727
2023,KAZ,GBR,140,-9.25,36.8
2023,KAZ,GBR,141,-9.452092,37.781589
2023,KAZ,GBR,142,-9.6,38.5
2023,KAZ,GBR,143,-9.9844,40.7798
2023,KAZ,GBR,144,-9.5,43.0
2023,KAZ,GBR,145,-9.14264,43.688493
2023,KAZ,GBR,146,-9.019938,43.924891
2023,KAZ,GBR,147,-8.49576,44.934776
2023,KAZ,GBR,148,-7.954994,45.668797
2023,KAZ,GBR,149,-6.698867,47.340067
2023,KAZ,GBR,150,-5.5,48.6667
2023,KAZ,GBR,151,-5.06401,48.799916
2023,KAZ,GBR,152,-4.270518,49.042365
2023,KAZ,GBR,153,-4.030414,49.115729
2023,KAZ,GBR,154,-3.986163,49.129249
2023,KAZ,GBR,155,-3.197043,49.370363
2023,KAZ,GBR,156,-2.39189,49.616376
2023,KAZ,GBR,157,-1.992006,49.738559
2023,KAZ,GBR,158,-1.93365,49.75639
2023,KAZ,GBR,159,-1.665743,49.838248
2023,KAZ,GBR,160,-1.47977,49.895072
2023,KAZ,GBR,161,-1.3,49.95
2023,KAZ,GBR,162,-0.671539,50.155459
2023,KAZ,GBR,163,-0.545959,50.196513
2023,KAZ,GBR,164,-0.343359,50.262748
2023,KAZ,GBR,165,0.39288,50.503441
2023,KAZ,GBR,166,1.193894,50.765311
2023,KAZ,GBR,167,1.3,50.8
2023,KAZ,GBR,168,1.384634,51.049171
2023,KAZ,GBR,169,1.4181,51.1477
2023,KAZ,GBR,170,1.474566,51.467902
2023,KAZ,GBR,171,1.4922,51.5679
2023,KAZ,GBR,172,1.539869,51.652703
2023,KAZ,GBR,173,1.613617,51.783903
2023,KAZ,GBR,174,1.5065,51.878829
2023,KAZ,GBR,175,1.296638,51.921686
2023,BRA,CHN,0,-46.347885,-23.981547
2023,BRA,CHN,1,-46.3,-24.3
2023,BRA,CHN,2,-44.676636,-25.772514
2023,BRA,CHN,3,-42.873028,-26.085889
2023,BRA,CHN,4,-41.28908,-26.35694
2023,BRA,CHN,5,-39.822593,-26.60789
2023,BRA,CHN,6,-36.932742,-27.102411
2023,BRA,CHN,7,-32.074495,-27.933771
2023,BRA,CHN,8,-29.999521,-28.288848
2023,BRA,CHN,9,-28.466397,-28.551201
2023,BRA,CHN,10,-20.0,-30.0
2023,BRA,CHN,11,-10.839833,-30.913051
2023,BRA,CHN,12,-9.999576,-31.009742
2023,BRA,CHN,13,-8.931245,-31.161991
2023,BRA,CHN,14,-1.979997,-32.152623
2023,BRA,CHN,15,0.001027,-32.434942
2023,BRA,CHN,16,2.577253,-32.802083
2023,BRA,CHN,17,6.861079,-33.412577
2023,BRA,CHN,18,10.001621,-33.86014
2023,BRA,CHN,19,18.0,-35.0
2023,BRA,CHN,20,22.0,-35.0
2023,BRA,CHN,21,26.0,-34.5
2023,BRA,CHN,22,30.517,-34.365
2023,BRA,CHN,23,35.0115,-34.0662
2023,BRA,CHN,24,36.390766,-33.923893
2023,BRA,CHN,25,40.001483,-33.531655
2023,BRA,CHN,26,42.877817,-33.128872
2023,BRA,CHN,27,47.907599,-32.27482
2023,BRA,CHN,28,50.000771,-31.837267
2023,BRA,CHN,29,51.411778,-31.534939
2023,BRA,CHN,30,52.4574,-31.3109
2023,BRA,CHN,31,57.364335,-30.049282
2023,BRA,CHN,32,59.850755,-29.331435
2023,BRA,CHN,33,61.107776,-28.953503
2023,BRA,CHN,34,64.6843,-27.7881
2023,BRA,CHN,35,66.312924,-27.197748
2023,BRA,CHN,36,68.5686,-26.3801
2023,BRA,CHN,37,70.001174,-25.809188
2023,BRA,CHN,38,72.3571,-24.8703
2023,BRA,CHN,39,73.944701,-24.181688
2023,BRA,CHN,40,76.0526,-23.2674
2023,BRA,CHN,41,77.600719,-22.543222
2023,BRA,CHN,42,80.000395,-21.409572
2023,BRA,CHN,43,80.903432,-20.957707
2023,BRA,CHN,44,82.741545,-20.037946
2023,BRA,CHN,45,86.6262,-17.9877
2023,BRA,CHN,46,86.989745,-17.784081
2023,BRA,CHN,47,86.989753,-17.784076
2023,BRA,CHN,48,87.410925,-17.54818
2023,BRA,CHN,49,90.000624,-16.09783
2023,BRA,CHN,50,93.735063,-13.883479
2023,BRA,CHN,51,95.0611,-13.0972
2023,BRA,CHN,52,100.0,-10.0
2023,BRA,CHN,53,104.0,-7.0
2023,BRA,CHN,54,104.82827,-6.592568
2023,BRA,CHN,55,105.424805,-6.298919
2023,BRA,CHN,56,105.754542,-5.979226
2023,BRA,CHN,57,105.864207,-5.893542
2023,BRA,CHN,58,106.459579,-5.312501
2023,BRA,CHN,59,106.8,-5.2
2023,BRA,CHN,60,107.29248,-3.590178
2023,BRA,CHN,61,107.251282,-2.498597
2023,BRA,CHN,62,107.656412,-1.540824
2023,BRA,CHN,63,109.077742,2.198945
2023,BRA,CHN,64,109.8,3.7
2023,BRA,CHN,65,109.934071,7.545272
2023,BRA,CHN,66,109.9482,7.9505
2023,BRA,CHN,67,110.027598,10.173186
2023,BRA,CHN,68,110.80697,11.263464
2023,BRA,CHN,69,111.0534,11.6082
2023,BRA,CHN,70,111.478346,12.523981
2023,BRA,CHN,71,112.965,15.7278
2023,BRA,CHN,72,114.338334,17.570129
2023,BRA,CHN,73,115.841059,19.666279
2023,BRA,CHN,74,116.5017,20.601113
2023,BRA,CHN,75,117.437994,21.922538
2023,BRA,CHN,76,118.030487,22.691517
2023,BRA,CHN,77,118.203464,22.930938
2023,BRA,CHN,78,118.724128,23.582665
2023,BRA,CHN,79,118.980046,23.949944
2023,BRA,CHN,80,119.33882,24.448861
2023,BRA,CHN,81,119.523707,24.707707
2023,BRA,CHN,82,119.761963,25.085599
2023,BRA,CHN,83,119.820497,25.236972
2023,BRA,CHN,84,120.0,25.7
2023,BRA,CHN,85,120.232569,26.078521
2023,BRA,CHN,86,120.787503,26.976762
2023,BRA,CHN,87,121.3,27.8
2023,BRA,CHN,88,122.23938,28.579698
2023,BRA,CHN,89,122.557297,29.38397
2023,BRA,CHN,90,122.652515,29.623632
2023,BRA,CHN,91,122.875214,30.181935
2023,BRA,CHN,92,122.878907,30.349364
2023,BRA,CHN,93,122.891141,30.901897
2023,BRA,CHN,94,122.66922,30.932268
2023,BRA,CHN,95,121.944122,31.062345
2023,BRA,FIN,0,-46.347885,-23.981547
2023,BRA,FIN,1,-46.3,-24.3
2023,BRA,FIN,2,-44.631958,-23.920992
2023,BRA,FIN,3,-43.088379,-23.195912
2023,BRA,FIN,4,-41.3,-23.5
2023,BRA,FIN,5,-39.5,-20.0
2023,BRA,FIN,6,-37.8202,-16.5071
2023,BRA,FIN,7,-36.2,-13.0
2023,BRA,FIN,8,-35.073853,-9.849804
2023,BRA,FIN,9,-34.205933,-8.091862
2023,BRA,FIN,10,-33.97522,-6.959144
2023,BRA,FIN,11,-33.8,-5.25
2023,BRA,FIN,12,-32.983953,-3.172081
2023,BRA,FIN,13,-31.9046,-0.4237
2023,BRA,FIN,14,-31.738431,-1.3e-05
2023,BRA,FIN,15,-31.243642,1.261567
2023,BRA,FIN,16,-30.0115,4.4032
2023,BRA,FIN,17,-30.000266,4.431443
2023,BRA,FIN,18,-29.829347,4.861138
2023,BRA,FIN,19,-28.406522,8.438157
2023,BRA,FIN,20,-28.0937,9.2246
2023,BRA,FIN,21,-27.693656,10.200929
2023,BRA,FIN,22,-26.849972,12.259986
2023,BRA,FIN,23,-26.123,14.0342
2023,BRA,FIN,24,-25.069774,16.489404
2023,BRA,FIN,25,-24.0679,18.8249
2023,BRA,FIN,26,-23.232747,20.654158
2023,BRA,FIN,27,-21.8927,23.5893
2023,BRA,FIN,28,-21.885281,23.604304
2023,BRA,FIN,29,-21.750274,23.877344
2023,BRA,FIN,30,-19.593968,28.23828
2023,BRA,FIN,31,-19.5545,28.3181
2023,BRA,FIN,32,-18.907725,29.503512
2023,BRA,FIN,33,-17.183808,33.116222
2023,BRA,FIN,34,-16.342602,34.100529
2023,BRA,FIN,35,-15.637598,35.280754
2023,BRA,FIN,36,-15.507833,35.49799
2023,BRA,FIN,37,-15.087759,36.201224
2023,BRA,FIN,38,-14.5998,37.0181
2023,BRA,FIN,39,-14.458326,37.228343
2023,BRA,FIN,40,-14.370384,37.359032
2023,BRA,FIN,41,-13.970499,37.953293
2023,BRA,FIN,42,-13.755544,38.272734
2023,BRA,FIN,43,-13.19617,39.104011
2023,BRA,FIN,44,-13.09895,39.248488
2023,BRA,FIN,45,-11.934,40.9797
2023,BRA,FIN,46,-11.845154,41.094802
2023,BRA,FIN,47,-11.515445,41.521946
2023,BRA,FIN,48,-10.591061,42.719505
2023,BRA,FIN,49,-10.176425,43.256675
2023,BRA,FIN,50,-10.063992,43.402334
2023,BRA,FIN,51,-7.987368,45.91425
2023,BRA,FIN,52,-6.698867,47.340067
2023,BRA,FIN,53,-5.5,48.6667
2023,BRA,FIN,54,-5.06401,48.799916
2023,BRA,FIN,55,-4.270518,49.042365
2023,BRA,FIN,56,-4.030414,49.115729
2023,BRA,FIN,57,-3.986163,49.129249
2023,BRA,FIN,58,-3.197043,49.370363
2023,BRA,FIN,59,-2.39189,49.616376
2023,BRA,FIN,60,-1.992006,49.738559
2023,BRA,FIN,61,-1.93365,49.75639
2023,BRA,FIN,62,-1.665743,49.838248
2023,BRA,FIN,63,-1.47977,49.895072
2023,BRA,FIN,64,-1.3,49.95
2023,BRA,FIN,65,-0.671539,50.155459
2023,BRA,FIN,66,-0.545959,50.196513
2023,BRA,FIN,67,-0.343359,50.262748
2023,BRA,FIN,68,0.39288,50.503441
2023,BRA,FIN,69,1.193894,50.765311
2023,BRA,FIN,70,1.3,50.8
2023,BRA,FIN,71,1.498302,50.961124
2023,BRA,FIN,72,1.648479,51.072443
2023,BRA,FIN,73,1.868984,51.235892
2023,BRA,FIN,74,2.3601,51.6089
2023,BRA,FIN,75,2.9,51.9
2023,BRA,FIN,76,3.044362,52.01549
2023,BRA,FIN,77,3.327388,52.241911
2023,BRA,FIN,78,3.900173,52.700139
2023,BRA,FIN,79,4.9,53.5
2023,BRA,FIN,80,5.343228,54.126148
2023,BRA,FIN,81,5.795345,54.764853
2023,BRA,FIN,82,6.475957,55.462156
2023,BRA,FIN,83,6.837383,55.808317
2023,BRA,FIN,84,7.7379,56.6708
2023,BRA,FIN,85,7.983627,56.821663
2023,BRA,FIN,86,8.9354,57.406
2023,BRA,FIN,87,9.952745,57.599859
2023,BRA,FIN,88,10.7333,57.8
2023,BRA,FIN,89,11.4,57.7
2023,BRA,FIN,90,11.988567,56.905254
2023,BRA,FIN,91,12.409118,56.337382
2023,BRA,FIN,92,12.409121,56.337379
2023,BRA,FIN,93,12.629725,56.063887
2023,BRA,FIN,94,12.75,55.9
2023,BRA,FIN,95,12.700195,55.514637
2023,BRA,FIN,96,12.68255,55.305583
2023,BRA,FIN,97,12.974851,55.258099
2023,BRA,FIN,98,13.229812,55.252805
2023,BRA,FIN,99,13.836081,55.240216
2023,BRA,FIN,100,14.374661,55.229033
2023,BRA,FIN,101,15.80658,55.72711
2023,BRA,FIN,102,16.209967,55.954553
2023,BRA,FIN,103,17.0,56.4
2023,BRA,FIN,104,18.118532,56.645032
2023,BRA,FIN,105,20.6,58.2
2023,BRA,FIN,106,22.6,59.5
2023,BRA,FIN,107,24.011424,59.701632
2023,BRA,FIN,108,24.7,59.8
2023,BRA,FIN,109,24.907997,60.112071
2023,MYS,JPN,0,101.351624,2.99927
2023,MYS,JPN,1,101.34613,3.074695
2023,MYS,JPN,2,101.273346,3.12269
2023,MYS,JPN,3,100.6,3.2
2023,MYS,JPN,4,101.316415,2.586072
2023,MYS,JPN,5,102.0,2.0
2023,MYS,JPN,6,103.6,1.1
2023,MYS,JPN,7,103.861103,1.171415
2023,MYS,JPN,8,104.145848,1.249295
2023,MYS,JPN,9,104.482294,1.341312
2023,MYS,JPN,10,109.934071,7.545272
2023,MYS,JPN,11,111.913427,9.797721
2023,MYS,JPN,12,115.044525,13.360816
2023,MYS,JPN,13,118.161859,16.908251
2023,MYS,JPN,14,119.038794,17.909261
2023,MYS,JPN,15,120.0,19.0
2023,MYS,JPN,16,121.463172,21.815409
2023,MYS,JPN,17,122.118989,23.090873
2023,MYS,JPN,18,123.418194,24.572211
2023,MYS,JPN,19,123.977966,24.469651
2023,MYS,JPN,20,124.588885,24.80933
2023,MYS,JPN,21,125.189209,25.025884
2023,MYS,JPN,22,127.375711,25.985071
2023,MYS,JPN,23,127.836914,25.980268
2023,MYS,JPN,24,132.332341,29.491244
2023,MYS,JPN,25,134.039886,30.710287
2023,MYS,JPN,26,136.326844,32.443813
2023,MYS,JPN,27,138.955078,34.395579
2023,MYS,JPN,28,139.301147,34.604954
2023,MYS,JPN,29,139.550559,34.683002
2023,MYS,JPN,30,139.63623,35.016501
2023,MYS,JPN,31,139.792786,35.23889
2023,MYS,JPN,32,139.685669,35.366096
2023,KAZ,VNM,0,51.138611,43.612217
2023,KAZ,VNM,1,50.818028,43.557566
2023,KAZ,VNM,2,47.8023,45.1174
2023,KAZ,VNM,3,47.782562,45.394294
2023,KAZ,VNM,4,47.698791,45.682042
2023,KAZ,VNM,5,47.637474,45.721894
2023,KAZ,VNM,6,47.645714,45.768157
2023,KAZ,VNM,7,47.684166,45.806481
2023,KAZ,VNM,8,47.671463,45.84765
2023,KAZ,VNM,9,47.622436,45.880277
2023,KAZ,VNM,10,47.662262,45.938593
2023,KAZ,VNM,11,47.62999,45.974889
2023,KAZ,VNM,12,47.694534,45.981573
2023,KAZ,VNM,13,47.704834,46.028271
2023,KAZ,VNM,14,47.742599,46.099295
2023,KAZ,VNM,15,47.817444,46.150242
2023,KAZ,VNM,16,47.849029,46.192582
2023,KAZ,VNM,17,47.908768,46.212552
2023,KAZ,VNM,18,48.039368,46.392098
2023,KAZ,VNM,19,47.976196,46.460286
2023,KAZ,VNM,20,48.033874,46.524607
2023,KAZ,VNM,21,48.017395,46.541621
2023,KAZ,VNM,22,47.906158,46.581298
2023,KAZ,VNM,23,47.892425,46.653022
2023,KAZ,VNM,24,47.832001,46.747251
2023,KAZ,VNM,25,47.714721,46.85891
2023,KAZ,VNM,26,47.604858,46.843876
2023,KAZ,VNM,27,47.604858,46.956531
2023,KAZ,VNM,28,47.077514,47.218471
2023,KAZ,VNM,29,47.121459,47.296802
2023,KAZ,VNM,30,46.978637,47.427097
2023,KAZ,VNM,31,46.874267,47.427097
2023,KAZ,VNM,32,46.55017,47.723704
2023,KAZ,VNM,33,46.352416,47.860317
2023,KAZ,VNM,34,46.154662,47.948739
2023,KAZ,VNM,35,46.176635,48.205773
2023,KAZ,VNM,36,46.00415,48.240877
2023,KAZ,VNM,37,45.888794,48.323167
2023,KAZ,VNM,38,45.563324,48.466398
2023,KAZ,VNM,39,45.368316,48.408059
2023,KAZ,VNM,40,45.097778,48.474597
2023,KAZ,VNM,41,44.976929,48.437986
2023,KAZ,VNM,42,44.905517,48.477167
2023,KAZ,VNM,43,44.625366,48.538156
2023,KAZ,VNM,44,44.557148,48.530549
2023,KAZ,VNM,45,44.551981,48.484619
2023,KAZ,VNM,46,44.503624,48.424983
2023,KAZ,VNM,47,44.483025,48.42202
2023,KAZ,VNM,48,44.347069,48.468501
2023,KAZ,VNM,49,44.206787,48.494017
2023,KAZ,VNM,50,44.160095,48.548619
2023,KAZ,VNM,51,44.063965,48.624963
2023,KAZ,VNM,52,43.967422,48.682195
2023,KAZ,VNM,53,43.694824,48.654066
2023,KAZ,VNM,54,43.32019,48.48606
2023,KAZ,VNM,55,42.728026,47.767294
2023,KAZ,VNM,56,42.090819,47.560018
2023,KAZ,VNM,57,40.915282,47.582266
2023,KAZ,VNM,58,40.508788,47.463503
2023,KAZ,VNM,59,40.201171,47.225172
2023,KAZ,VNM,60,39.695799,47.195305
2023,KAZ,VNM,61,39.267333,47.075668
2023,KAZ,VNM,62,39.0431,47.104
2023,KAZ,VNM,63,37.6629,46.8238
2023,KAZ,VNM,64,36.8592,45.6212
2023,KAZ,VNM,65,36.4,45.0
2023,KAZ,VNM,66,33.0,43.0
2023,KAZ,VNM,67,29.132431,41.242447
2023,KAZ,VNM,68,29.096026,41.186306
2023,KAZ,VNM,69,29.050519,41.15205
2023,KAZ,VNM,70,29.070542,41.117776
2023,KAZ,VNM,71,29.042328,41.050547
2023,KAZ,VNM,72,28.995,41.027893
2023,KAZ,VNM,73,28.977708,40.971568
2023,KAZ,VNM,74,28.501542,40.82216
2023,KAZ,VNM,75,28.449481,40.805825
2023,KAZ,VNM,76,27.277634,40.60495
2023,KAZ,VNM,77,26.768188,40.440676
2023,KAZ,VNM,78,26.2,40.1
2023,KAZ,VNM,79,26.143615,39.992927
2023,KAZ,VNM,80,26.097501,39.784356
2023,KAZ,VNM,81,25.953472,39.494984
2023,KAZ,VNM,82,25.825253,39.237374
2023,KAZ,VNM,83,25.830528,39.136019
2023,KAZ,VNM,84,26.022956,38.889479
2023,KAZ,VNM,85,26.157985,38.716479
2023,KAZ,VNM,86,26.308653,38.523442
2023,KAZ,VNM,87,26.269821,38.437945
2023,KAZ,VNM,88,26.184875,38.339023
2023,KAZ,VNM,89,26.172739,38.253308
2023,KAZ,VNM,90,26.366219,37.813395
2023,KAZ,VNM,91,26.430146,37.266748
2023,KAZ,VNM,92,26.635875,37.008989
2023,KAZ,VNM,93,27.002784,36.547109
2023,KAZ,VNM,94,27.030399,36.498505
2023,KAZ,VNM,95,27.2,36.2
2023,KAZ,VNM,96,27.548237,35.88019
2023,KAZ,VNM,97,28.180712,35.299346
2023,KAZ,VNM,98,28.881234,34.656009
2023,KAZ,VNM,99,28.964326,34.5797
2023,KAZ,VNM,100,29.595152,34.000371
2023,KAZ,VNM,101,29.703004,33.901323
2023,KAZ,VNM,102,30.699385,32.986279
2023,KAZ,VNM,103,30.765996,32.925106
2023,KAZ,VNM,104,32.1,31.7
2023,KAZ,VNM,105,32.359877,31.336373
2023,KAZ,VNM,106,32.310104,31.102922
2023,KAZ,VNM,107,32.382202,30.318359
2023,KAZ,VNM,108,32.557983,30.213982
2023,KAZ,VNM,109,32.6,29.7
2023,KAZ,VNM,110,33.233643,28.444544
2023,KAZ,VNM,111,34.5,27.0
2023,KAZ,VNM,112,37.0,23.6
2023,KAZ,VNM,113,37.786499,22.210682
2023,KAZ,VNM,114,38.572998,20.807472
2023,KAZ,VNM,115,41.000977,17.098792
2023,KAZ,VNM,116,42.341309,14.509144
2023,KAZ,VNM,117,42.541058,13.676089
2023,KAZ,VNM,118,43.3,12.7
2023,KAZ,VNM,119,43.746586,12.40439
2023,KAZ,VNM,120,45.0,12.0
2023,KAZ,VNM,121,50.856149,12.884027
2023,KAZ,VNM,122,53.61885,13.300009
2023,KAZ,VNM,123,55.041504,12.747516
2023,KAZ,VNM,124,59.894005,11.083455
2023,KAZ,VNM,125,60.825733,10.866984
2023,KAZ,VNM,126,62.0601,10.5802
2023,KAZ,VNM,127,64.303249,10.031585
2023,KAZ,VNM,128,64.698862,9.934828
2023,KAZ,VNM,129,64.992809,9.862937
2023,KAZ,VNM,130,65.7044,9.6889
2023,KAZ,VNM,131,68.858995,8.881605
2023,KAZ,VNM,132,69.3291,8.7613
2023,KAZ,VNM,133,69.671733,8.6701
2023,KAZ,VNM,134,69.999915,8.582747
2023,KAZ,VNM,135,70.817426,8.365148
2023,KAZ,VNM,136,75.966807,6.966807
2023,KAZ,VNM,137,78.019032,6.387793
2023,KAZ,VNM,138,80.1,5.8
2023,KAZ,VNM,139,81.9,5.9
2023,KAZ,VNM,140,85.9479,6.1983
2023,KAZ,VNM,141,90.0,6.4664
2023,KAZ,VNM,142,94.326449,6.157121
2023,KAZ,VNM,143,98.128129,5.811729
2023,KAZ,VNM,144,99.763807,4.084523
2023,KAZ,VNM,145,100.6,3.2
2023,KAZ,VNM,146,101.316415,2.586072
2023,KAZ,VNM,147,102.0,2.0
2023,KAZ,VNM,148,103.6,1.1
2023,KAZ,VNM,149,103.861103,1.171415
2023,KAZ,VNM,150,104.145848,1.249295
2023,KAZ,VNM,151,104.482294,1.341312
2023,KAZ,VNM,152,107.3207,7.6091
2023,KAZ,VNM,153,109.758911,12.146746
2023,KAZ,VNM,154,109.624875,13.892702
2023,KAZ,VNM,155,109.279238,15.116448
2023,KAZ,VNM,156,109.0,16.1
2023,KAZ,VNM,157,107.583618,17.926476
2023,KAZ,VNM,158,107.281494,18.713894
2023,KAZ,VNM,159,107.218304,19.250364
2023,KAZ,VNM,160,107.1,20.25
2023,KAZ,VNM,161,106.8731,20.6858
2023,CHL,SWE,0,-71.3,-23.8
2023,CHL,SWE,1,-70.631104,-20.231275
2023,CHL,SWE,2,-71.0,-18.9
2023,CHL,SWE,3,-72.7,-17.3
2023,CHL,SWE,4,-75.168457,-15.919074
2023,CHL,SWE,5,-77.0,-13.7
2023,CHL,SWE,6,-77.7,-12.0
2023,CHL,SWE,7,-80.0,-10.0
2023,CHL,SWE,8,-80.2,-7.3
2023,CHL,SWE,9,-81.9,-5.25
2023,CHL,SWE,10,-81.25,-3.0
2023,CHL,SWE,11,-81.8,-0.9
2023,CHL,SWE,12,-81.176151,1.84843
2023,CHL,SWE,13,-80.9033,3.0505
2023,CHL,SWE,14,-80.412834,5.194964
2023,CHL,SWE,15,-79.672852,7.422389
2023,CHL,SWE,16,-79.5,8.6
2023,CHL,SWE,17,-79.494118,8.796576
2023,CHL,SWE,18,-79.585922,8.992656
2023,CHL,SWE,19,-79.641747,9.035982
2023,CHL,SWE,20,-79.689331,9.10639
2023,CHL,SWE,21,-79.741379,9.118236
2023,CHL,SWE,22,-79.803246,9.118307
2023,CHL,SWE,23,-79.821304,9.173012
2023,CHL,SWE,24,-79.900612,9.208176
2023,CHL,SWE,25,-80.0,9.75
2023,CHL,SWE,26,-74.970687,13.668227
2023,CHL,SWE,27,-74.9584,13.6778
2023,CHL,SWE,28,-73.284043,14.906532
2023,CHL,SWE,29,-72.249859,15.665471
2023,CHL,SWE,30,-72.224911,15.683779
2023,CHL,SWE,31,-71.579995,16.157053
2023,CHL,SWE,32,-71.173962,16.455021
2023,CHL,SWE,33,-69.75,17.5
2023,CHL,SWE,34,-68.615112,17.952606
2023,CHL,SWE,35,-67.95,18.5
2023,CHL,SWE,36,-67.331093,19.128409
2023,CHL,SWE,37,-67.097137,19.365958
2023,CHL,SWE,38,-67.057838,19.40586
2023,CHL,SWE,39,-66.934172,19.531425
2023,CHL,SWE,40,-66.754064,19.714298
2023,CHL,SWE,41,-66.667107,19.80259
2023,CHL,SWE,42,-66.628548,19.841741
2023,CHL,SWE,43,-66.605655,19.864985
2023,CHL,SWE,44,-66.504998,19.967188
2023,CHL,SWE,45,-66.441166,20.032
2023,CHL,SWE,46,-66.320768,20.154246
2023,CHL,SWE,47,-66.572194,22.583364
2023,CHL,SWE,48,-64.647219,24.92641
2023,CHL,SWE,49,-64.634,24.9425
2023,CHL,SWE,50,-62.306029,27.483223
2023,CHL,SWE,51,-61.33976,28.537799
2023,CHL,SWE,52,-60.223798,29.75575
2023,CHL,SWE,53,-60.0,30.0
2023,CHL,SWE,54,-57.765496,32.429312
2023,CHL,SWE,55,-57.742406,32.454415
2023,CHL,SWE,56,-55.861059,34.499781
2023,CHL,SWE,57,-55.856709,34.50451
2023,CHL,SWE,58,-55.3052,35.1041
2023,CHL,SWE,59,-55.000024,35.385732
2023,CHL,SWE,60,-50.0,40.0
2023,CHL,SWE,61,-49.417076,40.652855
2023,CHL,SWE,62,-47.493255,42.807466
2023,CHL,SWE,63,-45.319011,45.21651
2023,CHL,SWE,64,-45.109081,45.405304
2023,CHL,SWE,65,-41.658626,48.508366
2023,CHL,SWE,66,-40.0,50.0
2023,CHL,SWE,67,-33.785385,52.292557
2023,CHL,SWE,68,-32.596784,52.705674
2023,CHL,SWE,69,-30.964823,53.272889
2023,CHL,SWE,70,-30.003101,53.607151
2023,CHL,SWE,71,-26.9129,54.6812
2023,CHL,SWE,72,-25.711132,55.003434
2023,CHL,SWE,73,-25.001623,55.193677
2023,CHL,SWE,74,-20.002982,56.53398
2023,CHL,SWE,75,-18.562576,56.869513
2023,CHL,SWE,76,-17.061319,57.214364
2023,CHL,SWE,77,-15.775448,57.509738
2023,CHL,SWE,78,-11.841927,58.396659
2023,CHL,SWE,79,-10.1362,58.47456
2023,CHL,SWE,80,-6.489458,58.64111
2023,CHL,SWE,81,-5.723212,58.676105
2023,CHL,SWE,82,-5.722863,58.67612
2023,CHL,SWE,83,-5.720463,58.67623
2023,CHL,SWE,84,-5.2,58.7
2023,CHL,SWE,85,-4.799483,58.7
2023,CHL,SWE,86,-3.397818,58.762202
2023,CHL,SWE,87,-2.874305,58.649909
2023,CHL,SWE,88,-1.882382,58.608655
2023,CHL,SWE,89,-1.247855,58.568708
2023,CHL,SWE,90,-0.657457,58.531538
2023,CHL,SWE,91,0.800855,58.439728
2023,CHL,SWE,92,3.831853,58.106573
2023,CHL,SWE,93,4.598436,58.068003
2023,CHL,SWE,94,5.95,58.0
2023,CHL,SWE,95,8.05,57.95
2023,CHL,SWE,96,9.754772,57.878654
2023,CHL,SWE,97,9.916106,57.865686
2023,CHL,SWE,98,9.973674,57.861058
2023,CHL,SWE,99,10.7333,57.8
2023,CHL,SWE,100,11.4,57.7
2023,CHL,SWE,101,11.524055,57.879429
2023,GHA,CHN,0,-0.109863,5.490236
2023,GHA,CHN,1,0.016479,5.304297
2023,GHA,CHN,2,0.581072,4.451863
2023,GHA,CHN,3,3.394494,1.276849
2023,GHA,CHN,4,3.867835,0.014885
2023,GHA,CHN,5,4.876639,-2.674661
2023,GHA,CHN,6,5.199709,-3.535991
2023,GHA,CHN,7,7.407465,-9.422032
2023,GHA,CHN,8,8.509842,-12.361051
2023,GHA,CHN,9,11.0,-19.0
2023,GHA,CHN,10,13.80944,-22.909209
2023,GHA,CHN,11,14.534912,-26.863281
2023,GHA,CHN,12,18.0,-35.0
2023,GHA,CHN,13,22.0,-35.0
2023,GHA,CHN,14,26.0,-34.5
2023,GHA,CHN,15,30.517,-34.365
2023,GHA,CHN,16,35.0115,-34.0662
2023,GHA,CHN,17,36.390766,-33.923893
2023,GHA,CHN,18,40.001483,-33.531655
2023,GHA,CHN,19,42.877817,-33.128872
2023,GHA,CHN,20,47.907599,-32.27482
2023,GHA,CHN,21,50.000771,-31.837267
2023,GHA,CHN,22,51.411778,-31.534939
2023,GHA,CHN,23,52.4574,-31.3109
2023,GHA,CHN,24,57.364335,-30.049282
2023,GHA,CHN,25,59.850755,-29.331435
2023,GHA,CHN,26,61.107776,-28.953503
2023,GHA,CHN,27,64.6843,-27.7881
2023,GHA,CHN,28,66.312924,-27.197748
2023,GHA,CHN,29,68.5686,-26.3801
2023,GHA,CHN,30,70.001174,-25.809188
2023,GHA,CHN,31,72.3571,-24.8703
2023,GHA,CHN,32,73.944701,-24.181688
2023,GHA,CHN,33,76.0526,-23.2674
2023,GHA,CHN,34,77.600719,-22.543222
2023,GHA,CHN,35,80.000395,-21.409572
2023,GHA,CHN,36,80.903432,-20.957707
2023,GHA,CHN,37,82.741545,-20.037946
2023,GHA,CHN,38,86.6262,-17.9877
2023,GHA,CHN,39,86.989745,-17.784081
2023,GHA,CHN,40,86.989753,-17.784076
2023,GHA,CHN,41,87.410925,-17.54818
2023,GHA,CHN,42,90.000624,-16.09783
2023,GHA,CHN,43,93.735063,-13.883479
2023,GHA,CHN,44,95.0611,-13.0972
2023,GHA,CHN,45,100.0,-10.0
2023,GHA,CHN,46,104.0,-7.0
2023,GHA,CHN,47,104.82827,-6.592568
2023,GHA,CHN,48,105.424805,-6.298919
2023,GHA,CHN,49,105.754542,-5.979226
2023,GHA,CHN,50,105.864207,-5.893542
2023,GHA,CHN,51,106.459579,-5.312501
2023,GHA,CHN,52,106.8,-5.2
2023,GHA,CHN,53,107.29248,-3.590178
2023,GHA,CHN,54,107.251282,-2.498597
2023,GHA,CHN,55,107.656412,-1.540824
2023,GHA,CHN,56,109.077742,2.198945
2023,GHA,CHN,57,109.8,3.7
2023,GHA,CHN,58,109.934071,7.545272
2023,GHA,CHN,59,109.9482,7.9505
2023,GHA,CHN,60,110.027598,10.173186
2023,GHA,CHN,61,110.80697,11.263464
2023,GHA,CHN,62,111.0534,11.6082
2023,GHA,CHN,63,111.478346,12.523981
2023,GHA,CHN,64,112.965,15.7278
2023,GHA,CHN,65,114.338334,17.570129
2023,GHA,CHN,66,115.841059,19.666279
2023,GHA,CHN,67,116.5017,20.601113
2023,GHA,CHN,68,117.437994,21.922538
2023,GHA,CHN,69,118.030487,22.691517
2023,GHA,CHN,70,118.203464,22.930938
2023,GHA,CHN,71,118.724128,23.582665
2023,GHA,CHN,72,118.980046,23.949944
2023,GHA,CHN,73,119.33882,24.448861
2023,GHA,CHN,74,119.523707,24.707707
2023,GHA,CHN,75,119.761963,25.085599
2023,GHA,CHN,76,119.820497,25.236972
2023,GHA,CHN,77,120.0,25.7
2023,GHA,CHN,78,120.232569,26.078521
2023,GHA,CHN,79,120.787503,26.976762
2023,GHA,CHN,80,121.3,27.8
2023,GHA,CHN,81,122.23938,28.579698
2023,GHA,CHN,82,122.557297,29.38397
2023,GHA,CHN,83,122.652515,29.623632
2023,GHA,CHN,84,122.875214,30.181935
2023,GHA,CHN,85,122.878907,30.349364
2023,GHA,CHN,86,122.891141,30.901897
2023,GHA,CHN,87,122.66922,30.932268
2023,GHA,CHN,88,121.944122,31.062345
2023,CHL,NLD,0,-71.3,-23.8
2023,CHL,NLD,1,-70.631104,-20.231275
2023,CHL,NLD,2,-71.0,-18.9
2023,CHL,NLD,3,-72.7,-17.3
2023,CHL,NLD,4,-75.168457,-15.919074
2023,CHL,NLD,5,-77.0,-13.7
2023,CHL,NLD,6,-77.7,-12.0
2023,CHL,NLD,7,-80.0,-10.0
2023,CHL,NLD,8,-80.2,-7.3
2023,CHL,NLD,9,-81.9,-5.25
2023,CHL,NLD,10,-81.25,-3.0
2023,CHL,NLD,11,-81.8,-0.9
2023,CHL,NLD,12,-81.176151,1.84843
2023,CHL,NLD,13,-80.9033,3.0505
2023,CHL,NLD,14,-80.412834,5.194964
2023,CHL,NLD,15,-79.672852,7.422389
2023,CHL,NLD,16,-79.5,8.6
2023,CHL,NLD,17,-79.494118,8.796576
2023,CHL,NLD,18,-79.585922,8.992656
2023,CHL,NLD,19,-79.641747,9.035982
2023,CHL,NLD,20,-79.689331,9.10639
2023,CHL,NLD,21,-79.741379,9.118236
2023,CHL,NLD,22,-79.803246,9.118307
2023,CHL,NLD,23,-79.821304,9.173012
2023,CHL,NLD,24,-79.900612,9.208176
2023,CHL,NLD,25,-80.0,9.75
2023,CHL,NLD,26,-74.970687,13.668227
2023,CHL,NLD,27,-74.9584,13.6778
2023,CHL,NLD,28,-73.284043,14.906532
2023,CHL,NLD,29,-72.249859,15.665471
2023,CHL,NLD,30,-72.224911,15.683779
2023,CHL,NLD,31,-71.579995,16.157053
2023,CHL,NLD,32,-71.173962,16.455021
2023,CHL,NLD,33,-69.75,17.5
2023,CHL,NLD,34,-68.615112,17.952606
2023,CHL,NLD,35,-67.95,18.5
2023,CHL,NLD,36,-67.331093,19.128409
2023,CHL,NLD,37,-67.097137,19.365958
2023,CHL,NLD,38,-67.057838,19.40586
2023,CHL,NLD,39,-66.934172,19.531425
2023,CHL,NLD,40,-66.754064,19.714298
2023,CHL,NLD,41,-66.667107,19.80259
2023,CHL,NLD,42,-66.628548,19.841741
2023,CHL,NLD,43,-66.605655,19.864985
2023,CHL,NLD,44,-66.504998,19.967188
2023,CHL,NLD,45,-66.441166,20.032
2023,CHL,NLD,46,-66.320768,20.154246
2023,CHL,NLD,47,-65.0321,21.4627
2023,CHL,NLD,48,-63.113598,23.300654
2023,CHL,NLD,49,-60.618883,25.604749
2023,CHL,NLD,50,-60.001076,26.15807
2023,CHL,NLD,51,-58.8184,27.2173
2023,CHL,NLD,52,-57.951012,27.936496
2023,CHL,NLD,53,-57.878884,27.996301
2023,CHL,NLD,54,-56.6607,29.00636
2023,CHL,NLD,55,-55.346294,30.087016
2023,CHL,NLD,56,-52.246233,32.44219
2023,CHL,NLD,57,-51.699014,32.839924
2023,CHL,NLD,58,-50.001683,34.008615
2023,CHL,NLD,59,-48.55276,35.006266
2023,CHL,NLD,60,-46.192316,36.486048
2023,CHL,NLD,61,-44.2375,37.6913
2023,CHL,NLD,62,-40.0,40.0
2023,CHL,NLD,63,-37.894086,40.959473
2023,CHL,NLD,64,-34.863425,42.340269
2023,CHL,NLD,65,-32.990451,43.193613
2023,CHL,NLD,66,-32.7508,43.3028
2023,CHL,NLD,67,-30.002556,44.262362
2023,CHL,NLD,68,-25.548163,45.817634
2023,CHL,NLD,69,-24.7426,46.0989
2023,CHL,NLD,70,-24.113938,46.255613
2023,CHL,NLD,71,-20.001632,47.280732
2023,CHL,NLD,72,-17.925346,47.79831
2023,CHL,NLD,73,-16.888237,48.056841
2023,CHL,NLD,74,-15.9842,48.2822
2023,CHL,NLD,75,-14.710836,48.481015
2023,CHL,NLD,76,-13.147736,48.725068
2023,CHL,NLD,77,-10.632436,49.138636
2023,CHL,NLD,78,-6.709922,49.73023
2023,CHL,NLD,79,-6.5833,49.75
2023,CHL,NLD,80,-5.979701,49.782237
2023,CHL,NLD,81,-5.740436,49.795016
2023,CHL,NLD,82,-5.630965,49.800862
2023,CHL,NLD,83,-5.491611,49.808305
2023,CHL,NLD,84,-4.868405,49.841589
2023,CHL,NLD,85,-4.088283,49.883253
2023,CHL,NLD,86,-2.93586,49.944802
2023,CHL,NLD,87,-2.624015,50.023556
2023,CHL,NLD,88,-2.270882,50.112738
2023,CHL,NLD,89,-2.100162,50.138244
2023,CHL,NLD,90,-1.755087,50.189798
2023,CHL,NLD,91,-1.577583,50.216317
2023,CHL,NLD,92,-1.251907,50.264973
2023,CHL,NLD,93,-0.76446,50.337798
2023,CHL,NLD,94,-0.764313,50.33751
2023,CHL,NLD,95,-0.672505,50.358079
2023,CHL,NLD,96,-0.505582,50.395477
2023,CHL,NLD,97,0.301537,50.576304
2023,CHL,NLD,98,1.149895,50.76637
2023,CHL,NLD,99,1.3,50.8
2023,CHL,NLD,100,1.441366,50.849032
2023,CHL,NLD,101,1.567687,50.892845
2023,CHL,NLD,102,1.813195,50.988387
2023,CHL,NLD,103,2.1,51.1
2023,CHL,NLD,104,2.356699,51.178984
2023,CHL,NLD,105,3.4,51.5
2023,CHL,NLD,106,3.559619,51.659619
2023,CHL,NLD,107,3.9,52.0
2023,CHL,NLD,108,4.069748,51.987629
2023,CHL,NLD,109,4.151802,51.961827
2023,CHL,NLD,110,4.230423,51.922673
2023,CHL,NLD,111,4.289818,51.89641
2023,CHL,NLD,112,4.32827,51.89302
2023,CHL,NLD,113,4.369469,51.900223
2024,SAU,KOR,0,39.001465,21.473518
2024,SAU,KOR,1,38.572998,20.807472
2024,SAU,KOR,2,41.000977,17.098792
2024,SAU,KOR,3,42.341309,14.509144
2024,SAU,KOR,4,42.541058,13.676089
2024,SAU,KOR,5,43.3,12.7
2024,SAU,KOR,6,43.746586,12.40439
2024,SAU,KOR,7,45.0,12.0
2024,SAU,KOR,8,50.856149,12.884027
2024,SAU,KOR,9,53.61885,13.300009
2024,SAU,KOR,10,55.041504,12.747516
2024,SAU,KOR,11,59.894005,11.083455
2024,SAU,KOR,12,60.825733,10.866984
2024,SAU,KOR,13,62.0601,10.5802
2024,SAU,KOR,14,64.303249,10.031585
2024,SAU,KOR,15,64.698862,9.934828
2024,SAU,KOR,16,64.992809,9.862937
2024,SAU,KOR,17,65.7044,9.6889
2024,SAU,KOR,18,68.858995,8.881605
2024,SAU,KOR,19,69.3291,8.7613
2024,SAU,KOR,20,69.671733,8.6701
2024,SAU,KOR,21,69.999915,8.582747
2024,SAU,KOR,22,70.817426,8.365148
2024,SAU,KOR,23,75.966807,6.966807
2024,SAU,KOR,24,78.019032,6.387793
2024,SAU,KOR,25,80.1,5.8
2024,SAU,KOR,26,81.9,5.9
2024,SAU,KOR,27,85.9479,6.1983
2024,SAU,KOR,28,90.0,6.4664
2024,SAU,KOR,29,94.326449,6.157121
2024,SAU,KOR,30,98.128129,5.811729
2024,SAU,KOR,31,99.763807,4.084523
2024,SAU,KOR,32,100.6,3.2
2024,SAU,KOR,33,101.316415,2.586072
2024,SAU,KOR,34,102.0,2.0
2024,SAU,KOR,35,103.6,1.1
2024,SAU,KOR,36,103.861103,1.171415
2024,SAU,KOR,37,104.145848,1.249295
2024,SAU,KOR,38,104.482294,1.341312
2024,SAU,KOR,39,108.7023,8.3192
2024,SAU,KOR,40,110.027598,10.173186
2024,SAU,KOR,41,110.80697,11.263464
2024,SAU,KOR,42,111.0534,11.6082
2024,SAU,KOR,43,111.478346,12.523981
2024,SAU,KOR,44,112.965,15.7278
2024,SAU,KOR,45,114.338334,17.570129
2024,SAU,KOR,46,115.841059,19.666279
2024,SAU,KOR,47,116.5017,20.601113
2024,SAU,KOR,48,117.437994,21.922538
2024,SAU,KOR,49,118.030487,22.691517
2024,SAU,KOR,50,118.203464,22.930938
2024,SAU,KOR,51,118.724128,23.582665
2024,SAU,KOR,52,118.980046,23.949944
2024,SAU,KOR,53,119.33882,24.448861
2024,SAU,KOR,54,119.523707,24.707707
2024,SAU,KOR,55,119.761963,25.085599
2024,SAU,KOR,56,119.820497,25.236972
2024,SAU,KOR,57,120.0,25.7
2024,SAU,KOR,58,120.232569,26.078521
2024,SAU,KOR,59,120.787503,26.976762
2024,SAU,KOR,60,121.3,27.8
2024,SAU,KOR,61,122.23938,28.579698
2024,SAU,KOR,62,122.557297,29.38397
2024,SAU,KOR,63,122.652515,29.623632
2024,SAU,KOR,64,122.875214,30.181935
2024,SAU,KOR,65,122.878907,30.349364
2024,SAU,KOR,66,122.891141,30.901897
2024,SAU,KOR,67,122.9,31.3
2024,SAU,KOR,68,125.34383,32.983736
2024,SAU,KOR,69,126.035156,33.45436
2024,SAU,KOR,70,126.643151,33.735423
2024,SAU,KOR,71,127.444583,34.104419
2024,SAU,KOR,72,128.16925,34.40691
2024,SAU,KOR,73,128.916321,34.761923
2024,SAU,KOR,74,129.2,35.0
2024,MYS,CHN,0,101.351624,2.99927
2024,MYS,CHN,1,101.34613,3.074695
2024,MYS,CHN,2,101.273346,3.12269
2024,MYS,CHN,3,100.6,3.2
2024,MYS,CHN,4,101.316415,2.586072
2024,MYS,CHN,5,102.0,2.0
2024,MYS,CHN,6,103.6,1.1
2024,MYS,CHN,7,103.861103,1.171415
2024,MYS,CHN,8,104.145848,1.249295
2024,MYS,CHN,9,104.482294,1.341312
2024,MYS,CHN,10,108.7023,8.3192
2024,MYS,CHN,11,110.027598,10.173186
2024,MYS,CHN,12,110.80697,11.263464
2024,MYS,CHN,13,111.0534,11.6082
2024,MYS,CHN,14,111.478346,12.523981
2024,MYS,CHN,15,112.965,15.7278
2024,MYS,CHN,16,114.338334,17.570129
2024,MYS,CHN,17,115.841059,19.666279
2024,MYS,CHN,18,116.5017,20.601113
2024,MYS,CHN,19,117.437994,21.922538
2024,MYS,CHN,20,118.030487,22.691517
2024,MYS,CHN,21,118.203464,22.930938
2024,MYS,CHN,22,118.724128,23.582665
2024,MYS,CHN,23,118.980046,23.949944
2024,MYS,CHN,24,119.33882,24.448861
2024,MYS,CHN,25,119.523707,24.707707
2024,MYS,CHN,26,119.761963,25.085599
2024,MYS,CHN,27,119.820497,25.236972
2024,MYS,CHN,28,120.0,25.7
2024,MYS,CHN,29,120.232569,26.078521
2024,MYS,CHN,30,120.787503,26.976762
2024,MYS,CHN,31,121.3,27.8
2024,MYS,CHN,32,122.23938,28.579698
2024,MYS,CHN,33,122.557297,29.38397
2024,MYS,CHN,34,122.652515,29.623632
2024,MYS,CHN,35,122.875214,30.181935
2024,MYS,CHN,36,122.878907,30.349364
2024,MYS,CHN,37,122.891141,30.901897
2024,MYS,CHN,38,122.66922,30.932268
2024,MYS,CHN,39,121.944122,31.062345
2024,MDG,JPN,0,49.42337,-18.115834
2024,MDG,JPN,1,49.949757,-18.225914
2024,MDG,JPN,2,53.773245,-15.071032
2024,MDG,JPN,3,54.683851,-14.364177
2024,MDG,JPN,4,55.0864,-14.0517
2024,MDG,JPN,5,60.0,-10.0
2024,MDG,JPN,6,64.451991,-10.032679
2024,MDG,JPN,7,64.9998,-10.0367
2024,MDG,JPN,8,65.054317,-10.0363
2024,MDG,JPN,9,67.59807,-10.017629
2024,MDG,JPN,10,70.0,-10.0
2024,MDG,JPN,11,73.630427,-10.016558
2024,MDG,JPN,12,74.86096,-9.062149
2024,MDG,JPN,13,75.615874,-8.45337
2024,MDG,JPN,14,80.0,-4.954142
2024,MDG,JPN,15,82.695228,-2.733196
2024,MDG,JPN,16,86.112347,-1e-05
2024,MDG,JPN,17,88.040723,1.4295
2024,MDG,JPN,18,94.326449,6.157121
2024,MDG,JPN,19,98.128129,5.811729
2024,MDG,JPN,20,99.763807,4.084523
2024,MDG,JPN,21,100.6,3.2
2024,MDG,JPN,22,101.316415,2.586072
2024,MDG,JPN,23,102.0,2.0
2024,MDG,JPN,24,103.6,1.1
2024,MDG,JPN,25,103.861103,1.171415
2024,MDG,JPN,26,104.145848,1.249295
2024,MDG,JPN,27,104.482294,1.341312
2024,MDG,JPN,28,109.934071,7.545272
2024,MDG,JPN,29,111.913427,9.797721
2024,MDG,JPN,30,115.044525,13.360816
2024,MDG,JPN,31,118.161859,16.908251
2024,MDG,JPN,32,119.038794,17.909261
2024,MDG,JPN,33,120.0,19.0
2024,MDG,JPN,34,121.463172,21.815409
2024,MDG,JPN,35,122.118989,23.090873
2024,MDG,JPN,36,123.418194,24.572211
2024,MDG,JPN,37,123.977966,24.469651
2024,MDG,JPN,38,124.588885,24.80933
2024,MDG,JPN,39,125.189209,25.025884
2024,MDG,JPN,40,127.375711,25.985071
2024,MDG,JPN,41,127.836914,25.980268
2024,MDG,JPN,42,132.332341,29.491244
2024,MDG,JPN,43,134.039886,30.710287
2024,MDG,JPN,44,136.326844,32.443813
2024,MDG,JPN,45,138.955078,34.395579
2024,MDG,JPN,46,139.301147,34.604954
2024,MDG,JPN,47,139.550559,34.683002
2024,MDG,JPN,48,139.63623,35.016501
2024,MDG,JPN,49,139.792786,35.23889
2024,MDG,JPN,50,139.685669,35.366096
2024,ARE,CHN,0,54.312286,24.519638
2024,ARE,CHN,1,53.953193,24.798804
2024,ARE,CHN,2,54.990692,25.321684
2024,ARE,CHN,3,55.2,25.6
2024,ARE,CHN,4,55.467372,25.778718
2024,ARE,CHN,5,55.837469,26.025658
2024,ARE,CHN,6,56.343384,26.441066
2024,ARE,CHN,7,56.547226,26.511054
2024,ARE,CHN,8,56.763061,26.422112
2024,ARE,CHN,9,56.931531,25.961959
2024,ARE,CHN,10,57.1,25.5
2024,ARE,CHN,11,59.0,24.0
2024,ARE,CHN,12,60.4,22.7
2024,ARE,CHN,13,62.375976,21.440441
2024,ARE,CHN,14,64.5005,20.0838
2024,ARE,CHN,15,64.952594,19.426191
2024,ARE,CHN,16,66.257926,17.527476
2024,ARE,CHN,17,66.688152,16.901677
2024,ARE,CHN,18,67.653809,15.718239
2024,ARE,CHN,19,68.801755,14.678599
2024,ARE,CHN,20,69.999398,13.765698
2024,ARE,CHN,21,75.3,9.7
2024,ARE,CHN,22,77.0,8.0
2024,ARE,CHN,23,78.868856,6.674926
2024,ARE,CHN,24,80.1,5.8
2024,ARE,CHN,25,81.9,5.9
2024,ARE,CHN,26,85.9479,6.1983
2024,ARE,CHN,27,90.0,6.4664
2024,ARE,CHN,28,94.326449,6.157121
2024,ARE,CHN,29,98.128129,5.811729
2024,ARE,CHN,30,99.763807,4.084523
2024,ARE,CHN,31,100.6,3.2
2024,ARE,CHN,32,101.316415,2.586072
2024,ARE,CHN,33,102.0,2.0
2024,ARE,CHN,34,103.6,1.1
2024,ARE,CHN,35,103.861103,1.171415
2024,ARE,CHN,36,104.145848,1.249295
2024,ARE,CHN,37,104.482294,1.341312
2024,ARE,CHN,38,108.7023,8.3192
2024,ARE,CHN,39,110.027598,10.173186
2024,ARE,CHN,40,110.80697,11.263464
2024,ARE,CHN,41,111.0534,11.6082
2024,ARE,CHN,42,111.478346,12.523981
2024,ARE,CHN,43,112.965,15.7278
2024,ARE,CHN,44,114.338334,17.570129
2024,ARE,CHN,45,115.841059,19.666279
2024,ARE,CHN,46,116.5017,20.601113
2024,ARE,CHN,47,117.437994,21.922538
2024,ARE,CHN,48,118.030487,22.691517
2024,ARE,CHN,49,118.203464,22.930938
2024,ARE,CHN,50,118.724128,23.582665
2024,ARE,CHN,51,118.980046,23.949944
2024,ARE,CHN,52,119.33882,24.448861
2024,ARE,CHN,53,119.523707,24.707707
2024,ARE,CHN,54,119.761963,25.085599
2024,ARE,CHN,55,119.820497,25.236972
2024,ARE,CHN,56,120.0,25.7
2024,ARE,CHN,57,120.232569,26.078521
2024,ARE,CHN,58,120.787503,26.976762
2024,ARE,CHN,59,121.3,27.8
2024,ARE,CHN,60,122.23938,28.579698
2024,ARE,CHN,61,122.557297,29.38397
2024,ARE,CHN,62,122.652515,29.623632
2024,ARE,CHN,63,122.875214,30.181935
2024,ARE,CHN,64,122.878907,30.349364
2024,ARE,CHN,65,122.891141,30.901897
2024,ARE,CHN,66,122.66922,30.932268
2024,ARE,CHN,67,121.944122,31.062345
2024,DEU,BGR,0,9.927252,53.545112
2024,DEU,BGR,1,9.751117,53.55475
2024,DEU,BGR,2,9.632921,53.583652
2024,DEU,BGR,3,9.535584,53.633153
2024,DEU,BGR,4,9.496185,53.710038
2024,DEU,BGR,5,9.39653,53.775829
2024,DEU,BGR,6,9.336273,53.840148
2024,DEU,BGR,7,9.227347,53.877053
2024,DEU,BGR,8,9.041942,53.874321
2024,DEU,BGR,9,8.745294,53.909831
2024,DEU,BGR,10,8.25,53.9
2024,DEU,BGR,11,6.384053,53.685507
2024,DEU,BGR,12,4.9,53.5
2024,DEU,BGR,13,3.900173,52.700139
2024,DEU,BGR,14,3.327388,52.241911
2024,DEU,BGR,15,3.044362,52.01549
2024,DEU,BGR,16,2.9,51.9
2024,DEU,BGR,17,2.3601,51.6089
2024,DEU,BGR,18,1.868984,51.235892
2024,DEU,BGR,19,1.648479,51.072443
2024,DEU,BGR,20,1.498302,50.961124
2024,DEU,BGR,21,1.3,50.8
2024,DEU,BGR,22,1.193894,50.765311
2024,DEU,BGR,23,0.39288,50.503441
2024,DEU,BGR,24,-0.343359,50.262748
2024,DEU,BGR,25,-0.545959,50.196513
2024,DEU,BGR,26,-0.671539,50.155459
2024,DEU,BGR,27,-1.3,49.95
2024,DEU,BGR,28,-1.47977,49.895072
2024,DEU,BGR,29,-1.665743,49.838248
2024,DEU,BGR,30,-1.93365,49.75639
2024,DEU,BGR,31,-1.992006,49.738559
2024,DEU,BGR,32,-2.39189,49.616376
2024,DEU,BGR,33,-3.197043,49.370363
2024,DEU,BGR,34,-3.986163,49.129249
2024,DEU,BGR,35,-4.030414,49.115729
2024,DEU,BGR,36,-4.270518,49.042365
2024,DEU,BGR,37,-5.06401,48.799916
2024,DEU,BGR,38,-5.5,48.6667
2024,DEU,BGR,39,-6.698867,47.340067
2024,DEU,BGR,40,-7.954994,45.668797
2024,DEU,BGR,41,-8.49576,44.934776
2024,DEU,BGR,42,-9.019938,43.924891
2024,DEU,BGR,43,-9.14264,43.688493
2024,DEU,BGR,44,-9.5,43.0
2024,DEU,BGR,45,-9.9844,40.7798
2024,DEU,BGR,46,-9.6,38.5
2024,DEU,BGR,47,-9.452092,37.781589
2024,DEU,BGR,48,-9.25,36.8
2024,DEU,BGR,49,-8.219465,36.549727
2024,DEU,BGR,50,-7.26966,36.31906
2024,DEU,BGR,51,-5.75,35.95
2024,DEU,BGR,52,-5.354867,35.968819
2024,DEU,BGR,53,-5.269383,35.97289
2024,DEU,BGR,54,-4.7,36.0
2024,DEU,BGR,55,-3.683043,36.156455
2024,DEU,BGR,56,-3.264225,36.220888
2024,DEU,BGR,57,-2.590675,36.324512
2024,DEU,BGR,58,-2.244793,36.377724
2024,DEU,BGR,59,-1.62439,36.473171
2024,DEU,BGR,60,-0.366667,36.666667
2024,DEU,BGR,61,3.1,37.2
2024,DEU,BGR,62,7.095237,37.715715
2024,DEU,BGR,63,7.192242,37.728237
2024,DEU,BGR,64,7.507237,37.768897
2024,DEU,BGR,65,8.147147,37.851498
2024,DEU,BGR,66,8.676736,37.919859
2024,DEU,BGR,67,9.1442,37.9802
2024,DEU,BGR,68,9.780069,38.026727
2024,DEU,BGR,69,10.136119,38.052779
2024,DEU,BGR,70,10.311505,38.065613
2024,DEU,BGR,71,10.445158,38.075392
2024,DEU,BGR,72,11.013127,38.116951
2024,DEU,BGR,73,11.661179,38.164369
2024,DEU,BGR,74,12.099936,38.196473
2024,DEU,BGR,75,12.743535,38.243566
2024,DEU,BGR,76,13.3959,38.2913
2024,DEU,BGR,77,15.727668,38.366322
2024,DEU,BGR,78,15.711882,38.273843
2024,DEU,BGR,79,15.608743,38.230867
2024,DEU,BGR,80,15.557174,38.032185
2024,DEU,BGR,81,15.6982,37.892786
2024,DEU,BGR,82,16.152761,37.900531
2024,DEU,BGR,83,16.419052,37.905068
2024,DEU,BGR,84,18.393028,37.938699
2024,DEU,BGR,85,20.319182,37.971516
2024,DEU,BGR,86,20.680488,37.977089
2024,DEU,BGR,87,20.98035,38.076305
2024,DEU,BGR,88,21.158505,38.131249
2024,DEU,BGR,89,21.353302,38.219841
2024,DEU,BGR,90,21.9041,38.3486
2024,DEU,BGR,91,22.828287,38.02424
2024,DEU,BGR,92,22.947178,37.960508
2024,DEU,BGR,93,23.020113,37.909026
2024,DEU,BGR,94,23.175353,37.880707
2024,DEU,BGR,95,23.401569,37.850922
2024,DEU,BGR,96,23.505426,37.837248
2024,DEU,BGR,97,23.6425,37.8192
2024,DEU,BGR,98,23.885914,37.616154
2024,DEU,BGR,99,23.888901,37.615875
2024,DEU,BGR,100,24.063647,37.621498
2024,DEU,BGR,101,24.083063,37.715634
2024,DEU,BGR,102,24.114615,37.769372
2024,DEU,BGR,103,24.372282,37.856919
2024,DEU,BGR,104,24.520041,37.90673
2024,DEU,BGR,105,24.657285,38.115863
2024,DEU,BGR,106,24.706879,38.794768
2024,DEU,BGR,107,24.583411,39.272261
2024,DEU,BGR,108,24.533054,39.466082
2024,DEU,BGR,109,24.502965,39.7951
2024,DEU,BGR,110,24.489301,39.944518
2024,DEU,BGR,111,24.4152,40.7548
2024,DEU,BGR,112,24.410713,40.912624
2024,MYS,VNM,0,101.351624,2.99927
2024,MYS,VNM,1,101.34613,3.074695
2024,MYS,VNM,2,101.273346,3.12269
2024,MYS,VNM,3,100.6,3.2
2024,MYS,VNM,4,101.316415,2.586072
2024,MYS,VNM,5,102.0,2.0
2024,MYS,VNM,6,103.6,1.1
2024,MYS,VNM,7,103.861103,1.171415
2024,MYS,VNM,8,104.145848,1.249295
2024,MYS,VNM,9,104.482294,1.341312
2024,MYS,VNM,10,107.3207,7.6091
2024,MYS,VNM,11,109.758911,12.146746
2024,MYS,VNM,12,109.624875,13.892702
2024,MYS,VNM,13,109.279238,15.116448
2024,MYS,VNM,14,109.0,16.1
2024,MYS,VNM,15,107.583618,17.926476
2024,MYS,VNM,16,107.281494,18.713894
2024,MYS,VNM,17,107.218304,19.250364
2024,MYS,VNM,18,107.1,20.25
2024,MYS,VNM,19,106.8731,20.6858
2024,IDN,FIN,0,106.879807,-6.083204
2024,IDN,FIN,1,106.868134,-5.916581
2024,IDN,FIN,2,106.099949,-5.817368
2024,IDN,FIN,3,105.864207,-5.893542
2024,IDN,FIN,4,105.754542,-5.979226
2024,IDN,FIN,5,105.424805,-6.298919
2024,IDN,FIN,6,104.82827,-6.592568
2024,IDN,FIN,7,104.0,-7.0
2024,IDN,FIN,8,99.947042,-5.453999
2024,IDN,FIN,9,96.716021,-4.200465
2024,IDN,FIN,10,92.506946,-2.543113
2024,IDN,FIN,11,90.000098,-1.548839
2024,IDN,FIN,12,88.903739,-1.112071
2024,IDN,FIN,13,86.112347,-1e-05
2024,IDN,FIN,14,80.694211,2.155694
2024,IDN,FIN,15,79.547661,2.610451
2024,IDN,FIN,16,79.102865,2.786871
2024,IDN,FIN,17,74.822653,4.467475
2024,IDN,FIN,18,73.845613,4.845613
2024,IDN,FIN,19,72.597705,5.328632
2024,IDN,FIN,20,69.999779,6.323508
2024,IDN,FIN,21,69.170182,6.638183
2024,IDN,FIN,22,67.295615,7.346286
2024,IDN,FIN,23,64.731807,8.294133
2024,IDN,FIN,24,63.989529,8.568554
2024,IDN,FIN,25,60.0,10.0
2024,IDN,FIN,26,56.1603,10.8228
2024,IDN,FIN,27,52.3,11.6
2024,IDN,FIN,28,50.856149,12.884027
2024,IDN,FIN,29,45.0,12.0
2024,IDN,FIN,30,43.746586,12.40439
2024,IDN,FIN,31,43.3,12.7
2024,IDN,FIN,32,42.541058,13.676089
2024,IDN,FIN,33,42.341309,14.509144
2024,IDN,FIN,34,41.000977,17.098792
2024,IDN,FIN,35,38.572998,20.807472
2024,IDN,FIN,36,37.786499,22.210682
2024,IDN,FIN,37,37.0,23.6
2024,IDN,FIN,38,34.5,27.0
2024,IDN,FIN,39,33.233643,28.444544
2024,IDN,FIN,40,32.6,29.7
2024,IDN,FIN,41,32.557983,30.213982
2024,IDN,FIN,42,32.382202,30.318359
2024,IDN,FIN,43,32.310104,31.102922
2024,IDN,FIN,44,32.359877,31.336373
2024,IDN,FIN,45,32.1,31.7
2024,IDN,FIN,46,30.408377,32.316071
2024,IDN,FIN,47,28.905525,32.863395
2024,IDN,FIN,48,28.212434,33.115811
2024,IDN,FIN,49,27.927542,33.219565
2024,IDN,FIN,50,26.306431,33.748752
2024,IDN,FIN,51,25.478721,34.011915
2024,IDN,FIN,52,24.926664,34.187436
2024,IDN,FIN,53,23.0,34.8
2024,IDN,FIN,54,21.407365,35.126694
2024,IDN,FIN,55,17.902084,35.845726
2024,IDN,FIN,56,16.726588,36.086854
2024,IDN,FIN,57,15.2,36.4
2024,IDN,FIN,58,13.263819,36.907095
2024,IDN,FIN,59,12.110644,37.209117
2024,IDN,FIN,60,12.086301,37.215493
2024,IDN,FIN,61,11.827836,37.283186
2024,IDN,FIN,62,11.172235,37.454891
2024,IDN,FIN,63,11.0,37.5
2024,IDN,FIN,64,10.373031,37.482087
2024,IDN,FIN,65,7.5,37.4
2024,IDN,FIN,66,3.1,37.2
2024,IDN,FIN,67,-0.366667,36.666667
2024,IDN,FIN,68,-1.62439,36.473171
2024,IDN,FIN,69,-2.244793,36.377724
2024,IDN,FIN,70,-2.590675,36.324512
2024,IDN,FIN,71,-3.264225,36.220888
2024,IDN,FIN,72,-3.683043,36.156455
2024,IDN,FIN,73,-4.7,36.0
2024,IDN,FIN,74,-5.269383,35.97289
2024,IDN,FIN,75,-5.354867,35.968819
2024,IDN,FIN,76,-5.75,35.95
2024,IDN,FIN,77,-7.26966,36.31906
2024,IDN,FIN,78,-8.219465,36.549727
2024,IDN,FIN,79,-9.25,36.8
2024,IDN,FIN,80,-9.452092,37.781589
2024,IDN,FIN,81,-9.6,38.5
2024,IDN,FIN,82,-9.9844,40.7798
2024,IDN,FIN,83,-9.5,43.0
2024,IDN,FIN,84,-9.14264,43.688493
2024,IDN,FIN,85,-9.019938,43.924891
2024,IDN,FIN,86,-8.49576,44.934776
2024,IDN,FIN,87,-7.954994,45.668797
2024,IDN,FIN,88,-6.698867,47.340067
2024,IDN,FIN,89,-5.5,48.6667
2024,IDN,FIN,90,-5.06401,48.799916
2024,IDN,FIN,91,-4.270518,49.042365
2024,IDN,FIN,92,-4.030414,49.115729
2024,IDN,FIN,93,-3.986163,49.129249
2024,IDN,FIN,94,-3.197043,49.370363
2024,IDN,FIN,95,-2.39189,49.616376
2024,IDN,FIN,96,-1.992006,49.738559
2024,IDN,FIN,97,-1.93365,49.75639
2024,IDN,FIN,98,-1.665743,49.838248
2024,IDN,FIN,99,-1.47977,49.895072
2024,IDN,FIN,100,-1.3,49.95
2024,IDN,FIN,101,-0.671539,50.155459
2024,IDN,FIN,102,-0.545959,50.196513
2024,IDN,FIN,103,-0.343359,50.262748
2024,IDN,FIN,104,0.39288,50.503441
2024,IDN,FIN,105,1.193894,50.765311
2024,IDN,FIN,106,1.3,50.8
2024,IDN,FIN,107,1.498302,50.961124
2024,IDN,FIN,108,1.648479,51.072443
2024,IDN,FIN,109,1.868984,51.235892
2024,IDN,FIN,110,2.3601,51.6089
2024,IDN,FIN,111,2.9,51.9
2024,IDN,FIN,112,3.044362,52.01549
2024,IDN,FIN,113,3.327388,52.241911
2024,IDN,FIN,114,3.900173,52.700139
2024,IDN,FIN,115,4.9,53.5
2024,IDN,FIN,116,5.343228,54.126148
2024,IDN,FIN,117,5.795345,54.764853
2024,IDN,FIN,118,6.475957,55.462156
2024,IDN,FIN,119,6.837383,55.808317
2024,IDN,FIN,120,7.7379,56.6708
2024,IDN,FIN,121,7.983627,56.821663
2024,IDN,FIN,122,8.9354,57.406
2024,IDN,FIN,123,9.952745,57.599859
2024,IDN,FIN,124,10.7333,57.8
2024,IDN,FIN,125,11.4,57.7
2024,IDN,FIN,126,11.988567,56.905254
2024,IDN,FIN,127,12.409118,56.337382
2024,IDN,FIN,128,12.409121,56.337379
2024,IDN,FIN,129,12.629725,56.063887
2024,IDN,FIN,130,12.75,55.9
2024,IDN,FIN,131,12.700195,55.514637
2024,IDN,FIN,132,12.68255,55.305583
2024,IDN,FIN,133,12.974851,55.258099
2024,IDN,FIN,134,13.229812,55.252805
2024,IDN,FIN,135,13.836081,55.240216
2024,IDN,FIN,136,14.374661,55.229033
2024,IDN,FIN,137,15.80658,55.72711
2024,IDN,FIN,138,16.209967,55.954553
2024,IDN,FIN,139,17.0,56.4
2024,IDN,FIN,140,18.118532,56.645032
2024,IDN,FIN,141,20.6,58.2
2024,IDN,FIN,142,22.6,59.5
2024,IDN,FIN,143,24.011424,59.701632
2024,IDN,FIN,144,24.7,59.8
2024,IDN,FIN,145,24.907997,60.112071
2024,OMN,TUR,0,58.566943,23.626782
2024,OMN,TUR,1,59.0,24.0
2024,OMN,TUR,2,60.4,22.7
2024,OMN,TUR,3,59.0,20.0
2024,OMN,TUR,4,58.191833,18.742507
2024,OMN,TUR,5,56.876033,17.38386
2024,OMN,TUR,6,54.2,16.2
2024,OMN,TUR,7,49.5581,14.1436
2024,OMN,TUR,8,45.0,12.0
2024,OMN,TUR,9,43.746586,12.40439
2024,OMN,TUR,10,43.3,12.7
2024,OMN,TUR,11,42.541058,13.676089
2024,OMN,TUR,12,42.341309,14.509144
2024,OMN,TUR,13,41.000977,17.098792
2024,OMN,TUR,14,38.572998,20.807472
2024,OMN,TUR,15,37.786499,22.210682
2024,OMN,TUR,16,37.0,23.6
2024,OMN,TUR,17,34.5,27.0
2024,OMN,TUR,18,33.233643,28.444544
2024,OMN,TUR,19,32.6,29.7
2024,OMN,TUR,20,32.557983,30.213982
2024,OMN,TUR,21,32.382202,30.318359
2024,OMN,TUR,22,32.310104,31.102922
2024,OMN,TUR,23,32.359877,31.336373
2024,OMN,TUR,24,32.1,31.7
2024,OMN,TUR,25,32.543549,32.439248
2024,OMN,TUR,26,32.738332,32.763887
2024,OMN,TUR,27,33.062511,33.304186
2024,OMN,TUR,28,33.166376,33.477293
2024,OMN,TUR,29,33.668074,34.313456
2024,OMN,TUR,30,33.729569,34.415948
2024,OMN,TUR,31,33.784931,34.508219
2024,OMN,TUR,32,33.840932,34.601554
2024,OMN,TUR,33,34.2,35.2
2024,OMN,TUR,34,34.083651,35.254941
2024,OMN,TUR,35,34.681919,35.670499
2024,OMN,TUR,36,34.678489,35.862166
2024,OMN,TUR,37,34.671546,36.250032
2024,OMN,TUR,38,34.666346,36.540598
2024,OMN,TUR,39,34.662503,36.755307
2024,RUS,AZE,0,30.172577,59.920613
2024,RUS,AZE,1,27.89978,60.17977
2024,RUS,AZE,2,27.125244,59.95226
2024,RUS,AZE,3,26.240845,59.971508
2024,RUS,AZE,4,24.7,59.8
2024,RUS,AZE,5,24.011424,59.701632
2024,RUS,AZE,6,22.6,59.5
2024,RUS,AZE,7,20.6,58.2
2024,RUS,AZE,8,18.118532,56.645032
2024,RUS,AZE,9,17.0,56.4
2024,RUS,AZE,10,16.209967,55.954553
2024,RUS,AZE,11,15.80658,55.72711
2024,RUS,AZE,12,14.374661,55.229033
2024,RUS,AZE,13,13.836081,55.240216
2024,RUS,AZE,14,13.229812,55.252805
2024,RUS,AZE,15,12.974851,55.258099
2024,RUS,AZE,16,12.68255,55.305583
2024,RUS,AZE,17,12.700195,55.514637
2024,RUS,AZE,18,12.75,55.9
2024,RUS,AZE,19,12.629725,56.063887
2024,RUS,AZE,20,12.409121,56.337379
2024,RUS,AZE,21,12.409118,56.337382
2024,RUS,AZE,22,11.988567,56.905254
2024,RUS,AZE,23,11.4,57.7
2024,RUS,AZE,24,10.7333,57.8
2024,RUS,AZE,25,9.952745,57.599859
2024,RUS,AZE,26,8.9354,57.406
2024,RUS,AZE,27,7.983627,56.821663
2024,RUS,AZE,28,7.7379,56.6708
2024,RUS,AZE,29,6.837383,55.808317
2024,RUS,AZE,30,6.475957,55.462156
2024,RUS,AZE,31,5.795345,54.764853
2024,RUS,AZE,32,5.343228,54.126148
2024,RUS,AZE,33,4.9,53.5
2024,RUS,AZE,34,3.900173,52.700139
2024,RUS,AZE,35,3.327388,52.241911
2024,RUS,AZE,36,3.044362,52.01549
2024,RUS,AZE,37,2.9,51.9
2024,RUS,AZE,38,2.3601,51.6089
2024,RUS,AZE,39,1.868984,51.235892
2024,RUS,AZE,40,1.648479,51.072443
2024,RUS,AZE,41,1.498302,50.961124
2024,RUS,AZE,42,1.3,50.8
2024,RUS,AZE,43,1.193894,50.765311
2024,RUS,AZE,44,0.39288,50.503441
2024,RUS,AZE,45,-0.343359,50.262748
2024,RUS,AZE,46,-0.545959,50.196513
2024,RUS,AZE,47,-0.671539,50.155459
2024,RUS,AZE,48,-1.3,49.95
2024,RUS,AZE,49,-1.47977,49.895072
2024,RUS,AZE,50,-1.665743,49.838248
2024,RUS,AZE,51,-1.93365,49.75639
2024,RUS,AZE,52,-1.992006,49.738559
2024,RUS,AZE,53,-2.39189,49.616376
2024,RUS,AZE,54,-3.197043,49.370363
2024,RUS,AZE,55,-3.986163,49.129249
2024,RUS,AZE,56,-4.030414,49.115729
2024,RUS,AZE,57,-4.270518,49.042365
2024,RUS,AZE,58,-5.06401,48.799916
2024,RUS,AZE,59,-5.5,48.6667
2024,RUS,AZE,60,-6.698867,47.340067
2024,RUS,AZE,61,-7.954994,45.668797
2024,RUS,AZE,62,-8.49576,44.934776
2024,RUS,AZE,63,-9.019938,43.924891
2024,RUS,AZE,64,-9.14264,43.688493
2024,RUS,AZE,65,-9.5,43.0
2024,RUS,AZE,66,-9.9844,40.7798
2024,RUS,AZE,67,-9.6,38.5
2024,RUS,AZE,68,-9.452092,37.781589
2024,RUS,AZE,69,-9.25,36.8
2024,RUS,AZE,70,-8.219465,36.549727
2024,RUS,AZE,71,-7.26966,36.31906
2024,RUS,AZE,72,-5.75,35.95
2024,RUS,AZE,73,-5.354867,35.968819
2024,RUS,AZE,74,-5.269383,35.97289
2024,RUS,AZE,75,-4.7,36.0
2024,RUS,AZE,76,-3.683043,36.156455
2024,RUS,AZE,77,-3.264225,36.220888
2024,RUS,AZE,78,-2.590675,36.324512
2024,RUS,AZE,79,-2.244793,36.377724
2024,RUS,AZE,80,-1.62439,36.473171
2024,RUS,AZE,81,-0.366667,36.666667
2024,RUS,AZE,82,3.1,37.2
2024,RUS,AZE,83,7.095237,37.715715
2024,RUS,AZE,84,7.192242,37.728237
2024,RUS,AZE,85,7.507237,37.768897
2024,RUS,AZE,86,8.147147,37.851498
2024,RUS,AZE,87,8.676736,37.919859
2024,RUS,AZE,88,9.1442,37.9802
2024,RUS,AZE,89,9.780069,38.026727
2024,RUS,AZE,90,10.136119,38.052779
2024,RUS,AZE,91,10.311505,38.065613
2024,RUS,AZE,92,10.445158,38.075392
2024,RUS,AZE,93,11.013127,38.116951
2024,RUS,AZE,94,11.661179,38.164369
2024,RUS,AZE,95,12.099936,38.196473
2024,RUS,AZE,96,12.743535,38.243566
2024,RUS,AZE,97,13.3959,38.2913
2024,RUS,AZE,98,15.727668,38.366322
2024,RUS,AZE,99,15.711882,38.273843
2024,RUS,AZE,100,15.608743,38.230867
2024,RUS,AZE,101,15.557174,38.032185
2024,RUS,AZE,102,15.6982,37.892786
2024,RUS,AZE,103,16.152761,37.900531
2024,RUS,AZE,104,16.419052,37.905068
2024,RUS,AZE,105,18.393028,37.938699
2024,RUS,AZE,106,20.319182,37.971516
2024,RUS,AZE,107,20.680488,37.977089
2024,RUS,AZE,108,20.98035,38.076305
2024,RUS,AZE,109,21.158505,38.131249
2024,RUS,AZE,110,21.353302,38.219841
2024,RUS,AZE,111,21.9041,38.3486
2024,RUS,AZE,112,22.828287,38.02424
2024,RUS,AZE,113,22.947178,37.960508
2024,RUS,AZE,114,23.020113,37.909026
2024,RUS,AZE,115,23.175353,37.880707
2024,RUS,AZE,116,23.401569,37.850922
2024,RUS,AZE,117,23.505426,37.837248
2024,RUS,AZE,118,23.6425,37.8192
2024,RUS,AZE,119,23.885914,37.616154
2024,RUS,AZE,120,23.888901,37.615875
2024,RUS,AZE,121,24.063647,37.621498
2024,RUS,AZE,122,24.083063,37.715634
2024,RUS,AZE,123,24.114615,37.769372
2024,RUS,AZE,124,24.372282,37.856919
2024,RUS,AZE,125,24.520041,37.90673
2024,RUS,AZE,126,24.657285,38.115863
2024,RUS,AZE,127,25.337942,39.153055
2024,RUS,AZE,128,25.5,39.4
2024,RUS,AZE,129,25.700208,39.600208
2024,RUS,AZE,130,25.766724,39.666724
2024,RUS,AZE,131,26.2,40.1
2024,RUS,AZE,132,26.768188,40.440676
2024,RUS,AZE,133,27.277634,40.60495
2024,RUS,AZE,134,28.449481,40.805825
2024,RUS,AZE,135,28.501542,40.82216
2024,RUS,AZE,136,28.977708,40.971568
2024,RUS,AZE,137,28.995,41.027893
2024,RUS,AZE,138,29.042328,41.050547
2024,RUS,AZE,139,29.070542,41.117776
2024,RUS,AZE,140,29.050519,41.15205
2024,RUS,AZE,141,29.096026,41.186306
2024,RUS,AZE,142,29.132431,41.242447
2024,RUS,AZE,143,33.0,43.0
2024,RUS,AZE,144,36.4,45.0
2024,RUS,AZE,145,36.8592,45.6212
2024,RUS,AZE,146,37.6629,46.8238
2024,RUS,AZE,147,39.0431,47.104
2024,RUS,AZE,148,39.267333,47.075668
2024,RUS,AZE,149,39.695799,47.195305
2024,RUS,AZE,150,40.201171,47.225172
2024,RUS,AZE,151,40.508788,47.463503
2024,RUS,AZE,152,40.915282,47.582266
2024,RUS,AZE,153,42.090819,47.560018
2024,RUS,AZE,154,42.728026,47.767294
2024,RUS,AZE,155,43.32019,48.48606
2024,RUS,AZE,156,43.694824,48.654066
2024,RUS,AZE,157,43.967422,48.682195
2024,RUS,AZE,158,44.063965,48.624963
2024,RUS,AZE,159,44.160095,48.548619
2024,RUS,AZE,160,44.206787,48.494017
2024,RUS,AZE,161,44.347069,48.468501
2024,RUS,AZE,162,44.483025,48.42202
2024,RUS,AZE,163,44.503624,48.424983
2024,RUS,AZE,164,44.551981,48.484619
2024,RUS,AZE,165,44.557148,48.530549
2024,RUS,AZE,166,44.625366,48.538156
2024,RUS,AZE,167,44.905517,48.477167
2024,RUS,AZE,168,44.976929,48.437986
2024,RUS,AZE,169,45.097778,48.474597
2024,RUS,AZE,170,45.368316,48.408059
2024,RUS,AZE,171,45.563324,48.466398
2024,RUS,AZE,172,45.888794,48.323167
2024,RUS,AZE,173,46.00415,48.240877
2024,RUS,AZE,174,46.176635,48.205773
2024,RUS,AZE,175,46.154662,47.948739
2024,RUS,AZE,176,46.352416,47.860317
2024,RUS,AZE,177,46.55017,47.723704
2024,RUS,AZE,178,46.874267,47.427097
2024,RUS,AZE,179,46.978637,47.427097
2024,RUS,AZE,180,47.121459,47.296802
2024,RUS,AZE,181,47.077514,47.218471
2024,RUS,AZE,182,47.604858,46.956531
2024,RUS,AZE,183,47.604858,46.843876
2024,RUS,AZE,184,47.714721,46.85891
2024,RUS,AZE,185,47.832001,46.747251
2024,RUS,AZE,186,47.892425,46.653022
2024,RUS,AZE,187,47.906158,46.581298
2024,RUS,AZE,188,48.017395,46.541621
2024,RUS,AZE,189,48.033874,46.524607
2024,RUS,AZE,190,47.976196,46.460286
2024,RUS,AZE,191,48.039368,46.392098
2024,RUS,AZE,192,47.908768,46.212552
2024,RUS,AZE,193,47.849029,46.192582
2024,RUS,AZE,194,47.817444,46.150242
2024,RUS,AZE,195,47.742599,46.099295
2024,RUS,AZE,196,47.704834,46.028271
2024,RUS,AZE,197,47.694534,45.981573
2024,RUS,AZE,198,47.62999,45.974889
2024,RUS,AZE,199,47.662262,45.938593
2024,RUS,AZE,200,47.622436,45.880277
2024,RUS,AZE,201,47.671463,45.84765
2024,RUS,AZE,202,47.684166,45.806481
2024,RUS,AZE,203,47.645714,45.768157
2024,RUS,AZE,204,47.637474,45.721894
2024,RUS,AZE,205,47.698791,45.682042
2024,RUS,AZE,206,47.782562,45.394294
2024,RUS,AZE,207,47.8023,45.1174
2024,RUS,AZE,208,49.344401,43.264905
2024,RUS,AZE,209,50.765625,41.50613
2024,RUS,AZE,210,50.850349,40.296735
2024,RUS,AZE,211,49.932861,40.212441
2024,NAM,CAN,0,14.475861,-22.834415
2024,NAM,CAN,1,13.80944,-22.909209
2024,NAM,CAN,2,11.0,-19.0
2024,NAM,CAN,3,9.088843,-19.202948
2024,NAM,CAN,4,5.653262,-19.567777
2024,NAM,CAN,5,0.0,-20.0
2024,NAM,CAN,6,-2.645049,-20.036605
2024,NAM,CAN,7,-5.0004,-20.0692
2024,NAM,CAN,8,-10.0,-20.0
2024,NAM,CAN,9,-12.088665,-20.028905
2024,NAM,CAN,10,-16.822275,-16.967419
2024,NAM,CAN,11,-19.999225,-14.844666
2024,NAM,CAN,12,-22.806528,-12.935362
2024,NAM,CAN,13,-27.018677,-10.021884
2024,NAM,CAN,14,-28.772132,-8.796464
2024,NAM,CAN,15,-29.999876,-7.933805
2024,NAM,CAN,16,-31.063081,-7.186164
2024,NAM,CAN,17,-33.8,-5.25
2024,NAM,CAN,18,-34.860393,-4.720374
2024,NAM,CAN,19,-38.1,-3.1
2024,NAM,CAN,20,-41.5476,-0.9739
2024,NAM,CAN,21,-42.781385,-0.211655
2024,NAM,CAN,22,-42.984139,-0.086392
2024,NAM,CAN,23,-43.123942,-2e-05
2024,NAM,CAN,24,-44.9917,1.1539
2024,NAM,CAN,25,-46.399027,2.021526
2024,NAM,CAN,26,-48.44,3.2798
2024,NAM,CAN,27,-51.9,5.4
2024,NAM,CAN,28,-56.4243,8.2122
2024,NAM,CAN,29,-61.0,11.0
2024,NAM,CAN,30,-61.817065,10.845292
2024,NAM,CAN,31,-64.039307,11.350797
2024,NAM,CAN,32,-66.045739,12.537721
2024,NAM,CAN,33,-67.587289,12.720307
2024,NAM,CAN,34,-70.0,13.0
2024,NAM,CAN,35,-71.04216,12.74246
2024,NAM,CAN,36,-72.236279,12.447046
2024,NAM,CAN,37,-74.685831,11.598822
2024,NAM,CAN,38,-80.0,9.75
2024,NAM,CAN,39,-79.900612,9.208176
2024,NAM,CAN,40,-79.821304,9.173012
2024,NAM,CAN,41,-79.803246,9.118307
2024,NAM,CAN,42,-79.741379,9.118236
2024,NAM,CAN,43,-79.689331,9.10639
2024,NAM,CAN,44,-79.641747,9.035982
2024,NAM,CAN,45,-79.585922,8.992656
2024,NAM,CAN,46,-79.494118,8.796576
2024,NAM,CAN,47,-79.5,8.6
2024,NAM,CAN,48,-79.672852,7.422389
2024,NAM,CAN,49,-80.227822,6.983728
2024,NAM,CAN,50,-81.4,6.9
2024,NAM,CAN,51,-82.8,7.4167
2024,NAM,CAN,52,-87.997356,10.035818
2024,NAM,CAN,53,-89.110835,10.580401
2024,NAM,CAN,54,-90.991341,11.48884
2024,NAM,CAN,55,-99.913376,15.63055
2024,NAM,CAN,56,-99.9,16.5
2024,NAM,CAN,57,-103.40332,17.983958
2024,NAM,CAN,58,-106.489938,20.102998
2024,NAM,CAN,59,-109.7,22.5
2024,NAM,CAN,60,-112.510986,24.716895
2024,NAM,CAN,61,-115.2,27.5
2024,NAM,CAN,62,-117.3,32.7
2024,NAM,CAN,63,-117.435608,33.167445
2024,NAM,CAN,64,-118.1215,33.6276
2024,NAM,CAN,65,-118.1788,33.6279
2024,NAM,CAN,66,-118.295,33.6384
2024,NAM,CAN,67,-118.4648,33.6364
2024,NAM,CAN,68,-118.4867,33.7056
2024,NAM,CAN,69,-118.9213,33.9125
2024,NAM,CAN,70,-119.2671,34.0786
2024,NAM,CAN,71,-119.5099,34.1273
2024,NAM,CAN,72,-119.8734,34.2122
2024,NAM,CAN,73,-120.5005,34.3545
2024,NAM,CAN,74,-120.8841,34.4361
2024,NAM,CAN,75,-122.9,37.7
2024,NAM,CAN,76,-124.152441,38.466818
2024,NAM,CAN,77,-124.3291,38.6558
2024,NAM,CAN,78,-124.7749,39.4264
2024,NAM,CAN,79,-125.1939,40.7581
2024,NAM,CAN,80,-125.1997,41.5487
2024,NAM,CAN,81,-125.1974,41.9968
2024,NAM,CAN,82,-125.3355,42.3965
2024,NAM,CAN,83,-125.4524,42.7398
2024,NAM,CAN,84,-125.5151,42.8378
2024,NAM,CAN,85,-125.32,43.3704
2024,NAM,CAN,86,-125.1621,44.0101
2024,NAM,CAN,87,-125.1054,44.598
2024,NAM,CAN,88,-125.103715,44.633984
2024,NAM,CAN,89,-125.0958,44.803
2024,NAM,CAN,90,-124.9847,45.5528
2024,NAM,CAN,91,-125.0634,46.2167
2024,NAM,CAN,92,-125.1093,46.3532
2024,NAM,CAN,93,-125.1965,46.6773
2024,NAM,CAN,94,-125.3772,47.3391
2024,NAM,CAN,95,-125.4354,47.5444
2024,NAM,CAN,96,-125.4991,47.687
2024,NAM,CAN,97,-125.5027,48.1173
2024,NAM,CAN,98,-125.5016,48.5683
2024,NAM,CAN,99,-124.7292,48.4862
2024,NAM,CAN,100,-123.9732,48.2659
2024,NAM,CAN,101,-123.4798,48.2308
2024,NAM,CAN,102,-123.397064,48.381794
2024,NAM,CAN,103,-123.21167,48.385442
2024,NAM,CAN,104,-123.2018,48.5113
2024,NAM,CAN,105,-123.2549,48.7146
2024,NAM,CAN,106,-123.0327,48.7351
2024,NAM,CAN,107,-123.006,48.7325
2024,NAM,CAN,108,-123.0054,48.7977
2024,NAM,CAN,109,-123.051,48.8551
2024,NAM,CAN,110,-123.3795,49.0699
2024,NAM,CAN,111,-123.314667,49.315275
2024,NAM,CAN,112,-123.141975,49.315947
2024,MYS,BGD,0,101.351624,2.99927
2024,MYS,BGD,1,101.34613,3.074695
2024,MYS,BGD,2,101.273346,3.12269
2024,MYS,BGD,3,100.6,3.2
2024,MYS,BGD,4,99.763807,4.084523
2024,MYS,BGD,5,98.128129,5.811729
2024,MYS,BGD,6,93.638649,14.549165
2024,MYS,BGD,7,92.0,20.0
2024,MYS,BGD,8,91.6295,21.7994
2024,MYS,BGD,9,91.0,22.0
2024,BRA,CAN,0,-46.347885,-23.981547
2024,BRA,CAN,1,-46.3,-24.3
2024,BRA,CAN,2,-44.631958,-23.920992
2024,BRA,CAN,3,-43.088379,-23.195912
2024,BRA,CAN,4,-41.3,-23.5
2024,BRA,CAN,5,-39.5,-20.0
2024,BRA,CAN,6,-37.8202,-16.5071
2024,BRA,CAN,7,-36.2,-13.0
2024,BRA,CAN,8,-35.073853,-9.849804
2024,BRA,CAN,9,-34.205933,-8.091862
2024,BRA,CAN,10,-33.97522,-6.959144
2024,BRA,CAN,11,-34.398193,-5.555848
2024,BRA,CAN,12,-34.860393,-4.720374
2024,BRA,CAN,13,-38.1,-3.1
2024,BRA,CAN,14,-41.5476,-0.9739
2024,BRA,CAN,15,-42.781385,-0.211655
2024,BRA,CAN,16,-42.984139,-0.086392
2024,BRA,CAN,17,-43.123942,-2e-05
2024,BRA,CAN,18,-44.9917,1.1539
2024,BRA,CAN,19,-46.399027,2.021526
2024,BRA,CAN,20,-48.44,3.2798
2024,BRA,CAN,21,-51.9,5.4
2024,BRA,CAN,22,-56.4243,8.2122
2024,BRA,CAN,23,-61.0,11.0
2024,BRA,CAN,24,-61.817065,10.845292
2024,BRA,CAN,25,-64.039307,11.350797
2024,BRA,CAN,26,-66.045739,12.537721
2024,BRA,CAN,27,-67.587289,12.720307
2024,BRA,CAN,28,-70.0,13.0
2024,BRA,CAN,29,-71.04216,12.74246
2024,BRA,CAN,30,-72.236279,12.447046
2024,BRA,CAN,31,-74.685831,11.598822
2024,BRA,CAN,32,-80.0,9.75
2024,BRA,CAN,33,-79.900612,9.208176
2024,BRA,CAN,34,-79.821304,9.173012
2024,BRA,CAN,35,-79.803246,9.118307
2024,BRA,CAN,36,-79.741379,9.118236
2024,BRA,CAN,37,-79.689331,9.10639
2024,BRA,CAN,38,-79.641747,9.035982
2024,BRA,CAN,39,-79.585922,8.992656
2024,BRA,CAN,40,-79.494118,8.796576
2024,BRA,CAN,41,-79.5,8.6
2024,BRA,CAN,42,-79.672852,7.422389
2024,BRA,CAN,43,-80.227822,6.983728
2024,BRA,CAN,44,-81.4,6.9
2024,BRA,CAN,45,-82.8,7.4167
2024,BRA,CAN,46,-87.997356,10.035818
2024,BRA,CAN,47,-89.110835,10.580401
2024,BRA,CAN,48,-90.991341,11.48884
2024,BRA,CAN,49,-99.913376,15.63055
2024,BRA,CAN,50,-99.9,16.5
2024,BRA,CAN,51,-103.40332,17.983958
2024,BRA,CAN,52,-106.489938,20.102998
2024,BRA,CAN,53,-109.7,22.5
2024,BRA,CAN,54,-112.510986,24.716895
2024,BRA,CAN,55,-115.2,27.5
2024,BRA,CAN,56,-117.3,32.7
2024,BRA,CAN,57,-117.435608,33.167445
2024,BRA,CAN,58,-118.1215,33.6276
2024,BRA,CAN,59,-118.1788,33.6279
2024,BRA,CAN,60,-118.295,33.6384
2024,BRA,CAN,61,-118.4648,33.6364
2024,BRA,CAN,62,-118.4867,33.7056
2024,BRA,CAN,63,-118.9213,33.9125
2024,BRA,CAN,64,-119.2671,34.0786
2024,BRA,CAN,65,-119.5099,34.1273
2024,BRA,CAN,66,-119.8734,34.2122
2024,BRA,CAN,67,-120.5005,34.3545
2024,BRA,CAN,68,-120.8841,34.4361
2024,BRA,CAN,69,-122.9,37.7
2024,BRA,CAN,70,-124.152441,38.466818
2024,BRA,CAN,71,-124.3291,38.6558
2024,BRA,CAN,72,-124.7749,39.4264
2024,BRA,CAN,73,-125.1939,40.7581
2024,BRA,CAN,74,-125.1997,41.5487
2024,BRA,CAN,75,-125.1974,41.9968
2024,BRA,CAN,76,-125.3355,42.3965
2024,BRA,CAN,77,-125.4524,42.7398
2024,BRA,CAN,78,-125.5151,42.8378
2024,BRA,CAN,79,-125.32,43.3704
2024,BRA,CAN,80,-125.1621,44.0101
2024,BRA,CAN,81,-125.1054,44.598
2024,BRA,CAN,82,-125.103715,44.633984
2024,BRA,CAN,83,-125.0958,44.803
2024,BRA,CAN,84,-124.9847,45.5528
2024,BRA,CAN,85,-125.0634,46.2167
2024,BRA,CAN,86,-125.1093,46.3532
2024,BRA,CAN,87,-125.1965,46.6773
2024,BRA,CAN,88,-125.3772,47.3391
2024,BRA,CAN,89,-125.4354,47.5444
2024,BRA,CAN,90,-125.4991,47.687
2024,BRA,CAN,91,-125.5027,48.1173
2024,BRA,CAN,92,-125.5016,48.5683
2024,BRA,CAN,93,-124.7292,48.4862
2024,BRA,CAN,94,-123.9732,48.2659
2024,BRA,CAN,95,-123.4798,48.2308
2024,BRA,CAN,96,-123.397064,48.381794
2024,BRA,CAN,97,-123.21167,48.385442
2024,BRA,CAN,98,-123.2018,48.5113
2024,BRA,CAN,99,-123.2549,48.7146
2024,BRA,CAN,100,-123.0327,48.7351
2024,BRA,CAN,101,-123.006,48.7325
2024,BRA,CAN,102,-123.0054,48.7977
2024,BRA,CAN,103,-123.051,48.8551
2024,BRA,CAN,104,-123.3795,49.0699
2024,BRA,CAN,105,-123.314667,49.315275
2024,BRA,CAN,106,-123.141975,49.315947
2024,FIN,CAN,0,24.907997,60.112071
2024,FIN,CAN,1,24.7,59.8
2024,FIN,CAN,2,24.011424,59.701632
2024,FIN,CAN,3,22.6,59.5
2024,FIN,CAN,4,20.6,58.2
2024,FIN,CAN,5,18.118532,56.645032
2024,FIN,CAN,6,17.0,56.4
2024,FIN,CAN,7,16.209967,55.954553
2024,FIN,CAN,8,15.80658,55.72711
2024,FIN,CAN,9,14.374661,55.229033
2024,FIN,CAN,10,13.836081,55.240216
2024,FIN,CAN,11,13.229812,55.252805
2024,FIN,CAN,12,12.974851,55.258099
2024,FIN,CAN,13,12.68255,55.305583
2024,FIN,CAN,14,12.700195,55.514637
2024,FIN,CAN,15,12.75,55.9
2024,FIN,CAN,16,12.629725,56.063887
2024,FIN,CAN,17,12.409121,56.337379
2024,FIN,CAN,18,12.409118,56.337382
2024,FIN,CAN,19,11.988567,56.905254
2024,FIN,CAN,20,11.4,57.7
2024,FIN,CAN,21,10.7333,57.8
2024,FIN,CAN,22,9.973674,57.861058
2024,FIN,CAN,23,9.916106,57.865686
2024,FIN,CAN,24,9.754772,57.878654
2024,FIN,CAN,25,8.05,57.95
2024,FIN,CAN,26,5.95,58.0
2024,FIN,CAN,27,4.598436,58.068003
2024,FIN,CAN,28,3.831853,58.106573
2024,FIN,CAN,29,0.800855,58.439728
2024,FIN,CAN,30,-0.657457,58.531538
2024,FIN,CAN,31,-1.247855,58.568708
2024,FIN,CAN,32,-1.882382,58.608655
2024,FIN,CAN,33,-2.874305,58.649909
2024,FIN,CAN,34,-3.397818,58.762202
2024,FIN,CAN,35,-4.799483,58.7
2024,FIN,CAN,36,-5.2,58.7
2024,FIN,CAN,37,-5.720463,58.67623
2024,FIN,CAN,38,-5.722863,58.67612
2024,FIN,CAN,39,-5.723212,58.676105
2024,FIN,CAN,40,-6.489458,58.64111
2024,FIN,CAN,41,-10.1362,58.47456
2024,FIN,CAN,42,-11.841927,58.396659
2024,FIN,CAN,43,-15.775448,57.509738
2024,FIN,CAN,44,-17.061319,57.214364
2024,FIN,CAN,45,-18.562576,56.869513
2024,FIN,CAN,46,-20.002982,56.53398
2024,FIN,CAN,47,-25.001623,55.193677
2024,FIN,CAN,48,-25.711132,55.003434
2024,FIN,CAN,49,-26.9129,54.6812
2024,FIN,CAN,50,-30.003101,53.607151
2024,FIN,CAN,51,-30.964823,53.272889
2024,FIN,CAN,52,-32.596784,52.705674
2024,FIN,CAN,53,-33.785385,52.292557
2024,FIN,CAN,54,-40.0,50.0
2024,FIN,CAN,55,-41.658626,48.508366
2024,FIN,CAN,56,-45.109081,45.405304
2024,FIN,CAN,57,-45.319011,45.21651
2024,FIN,CAN,58,-47.493255,42.807466
2024,FIN,CAN,59,-49.417076,40.652855
2024,FIN,CAN,60,-50.0,40.0
2024,FIN,CAN,61,-55.000024,35.385732
2024,FIN,CAN,62,-55.3052,35.1041
2024,FIN,CAN,63,-55.856709,34.50451
2024,FIN,CAN,64,-55.861059,34.499781
2024,FIN,CAN,65,-57.742406,32.454415
2024,FIN,CAN,66,-57.765496,32.429312
2024,FIN,CAN,67,-60.0,30.0
2024,FIN,CAN,68,-60.223798,29.75575
2024,FIN,CAN,69,-61.33976,28.537799
2024,FIN,CAN,70,-62.306029,27.483223
2024,FIN,CAN,71,-64.634,24.9425
2024,FIN,CAN,72,-64.647219,24.92641
2024,FIN,CAN,73,-66.572194,22.583364
2024,FIN,CAN,74,-66.320768,20.154246
2024,FIN,CAN,75,-66.441166,20.032
2024,FIN,CAN,76,-66.504998,19.967188
2024,FIN,CAN,77,-66.605655,19.864985
2024,FIN,CAN,78,-66.628548,19.841741
2024,FIN,CAN,79,-66.667107,19.80259
2024,FIN,CAN,80,-66.754064,19.714298
2024,FIN,CAN,81,-66.934172,19.531425
2024,FIN,CAN,82,-67.057838,19.40586
2024,FIN,CAN,83,-67.097137,19.365958
2024,FIN,CAN,84,-67.331093,19.128409
2024,FIN,CAN,85,-67.95,18.5
2024,FIN,CAN,86,-68.615112,17.952606
2024,FIN,CAN,87,-69.75,17.5
2024,FIN,CAN,88,-71.173962,16.455021
2024,FIN,CAN,89,-71.579995,16.157053
2024,FIN,CAN,90,-72.224911,15.683779
2024,FIN,CAN,91,-72.249859,15.665471
2024,FIN,CAN,92,-73.284043,14.906532
2024,FIN,CAN,93,-74.9584,13.6778
2024,FIN,CAN,94,-74.970687,13.668227
2024,FIN,CAN,95,-80.0,9.75
2024,FIN,CAN,96,-79.900612,9.208176
2024,FIN,CAN,97,-79.821304,9.173012
2024,FIN,CAN,98,-79.803246,9.118307
2024,FIN,CAN,99,-79.741379,9.118236
2024,FIN,CAN,100,-79.689331,9.10639
2024,FIN,CAN,101,-79.641747,9.035982
2024,FIN,CAN,102,-79.585922,8.992656
2024,FIN,CAN,103,-79.494118,8.796576
2024,FIN,CAN,104,-79.5,8.6
2024,FIN,CAN,105,-79.672852,7.422389
2024,FIN,CAN,106,-80.227822,6.983728
2024,FIN,CAN,107,-81.4,6.9
2024,FIN,CAN,108,-82.8,7.4167
2024,FIN,CAN,109,-87.997356,10.035818
2024,FIN,CAN,110,-89.110835,10.580401
2024,FIN,CAN,111,-90.991341,11.48884
2024,FIN,CAN,112,-99.913376,15.63055
2024,FIN,CAN,113,-99.9,16.5
2024,FIN,CAN,114,-103.40332,17.983958
2024,FIN,CAN,115,-106.489938,20.102998
2024,FIN,CAN,116,-109.7,22.5
2024,FIN,CAN,117,-112.510986,24.716895
2024,FIN,CAN,118,-115.2,27.5
2024,FIN,CAN,119,-117.3,32.7
2024,FIN,CAN,120,-117.435608,33.167445
2024,FIN,CAN,121,-118.1215,33.6276
2024,FIN,CAN,122,-118.1788,33.6279
2024,FIN,CAN,123,-118.295,33.6384
2024,FIN,CAN,124,-118.4648,33.6364
2024,FIN,CAN,125,-118.4867,33.7056
2024,FIN,CAN,126,-118.9213,33.9125
2024,FIN,CAN,127,-119.2671,34.0786
2024,FIN,CAN,128,-119.5099,34.1273
2024,FIN,CAN,129,-119.8734,34.2122
2024,FIN,CAN,130,-120.5005,34.3545
2024,FIN,CAN,131,-120.8841,34.4361
2024,FIN,CAN,132,-122.9,37.7
2024,FIN,CAN,133,-124.152441,38.466818
2024,FIN,CAN,134,-124.3291,38.6558
2024,FIN,CAN,135,-124.7749,39.4264
2024,FIN,CAN,136,-125.1939,40.7581
2024,FIN,CAN,137,-125.1997,41.5487
2024,FIN,CAN,138,-125.1974,41.9968
2024,FIN,CAN,139,-125.3355,42.3965
2024,FIN,CAN,140,-125.4524,42.7398
2024,FIN,CAN,141,-125.5151,42.8378
2024,FIN,CAN,142,-125.32,43.3704
2024,FIN,CAN,143,-125.1621,44.0101
2024,FIN,CAN,144,-125.1054,44.598
2024,FIN,CAN,145,-125.103715,44.633984
2024,FIN,CAN,146,-125.0958,44.803
2024,FIN,CAN,147,-124.9847,45.5528
2024,FIN,CAN,148,-125.0634,46.2167
2024,FIN,CAN,149,-125.1093,46.3532
2024,FIN,CAN,150,-125.1965,46.6773
2024,FIN,CAN,151,-125.3772,47.3391
2024,FIN,CAN,152,-125.4354,47.5444
2024,FIN,CAN,153,-125.4991,47.687
2024,FIN,CAN,154,-125.5027,48.1173
2024,FIN,CAN,155,-125.5016,48.5683
2024,FIN,CAN,156,-124.7292,48.4862
2024,FIN,CAN,157,-123.9732,48.2659
2024,FIN,CAN,158,-123.4798,48.2308
2024,FIN,CAN,159,-123.397064,48.381794
2024,FIN,CAN,160,-123.21167,48.385442
2024,FIN,CAN,161,-123.2018,48.5113
2024,FIN,CAN,162,-123.2549,48.7146
2024,FIN,CAN,163,-123.0327,48.7351
2024,FIN,CAN,164,-123.006,48.7325
2024,FIN,CAN,165,-123.0054,48.7977
2024,FIN,CAN,166,-123.051,48.8551
2024,FIN,CAN,167,-123.3795,49.0699
2024,FIN,CAN,168,-123.314667,49.315275
2024,FIN,CAN,169,-123.141975,49.315947
2024,IND,VNM,0,72.80777,18.941361
2024,IND,VNM,1,72.4,19.0
2024,IND,VNM,2,73.0,15.3
2024,IND,VNM,3,74.133516,12.773359
2024,IND,VNM,4,75.3,9.7
2024,IND,VNM,5,77.0,8.0
2024,IND,VNM,6,78.868856,6.674926
2024,IND,VNM,7,80.1,5.8
2024,IND,VNM,8,81.9,5.9
2024,IND,VNM,9,85.9479,6.1983
2024,IND,VNM,10,90.0,6.4664
2024,IND,VNM,11,94.326449,6.157121
2024,IND,VNM,12,98.128129,5.811729
2024,IND,VNM,13,99.763807,4.084523
2024,IND,VNM,14,100.6,3.2
2024,IND,VNM,15,101.316415,2.586072
2024,IND,VNM,16,102.0,2.0
2024,IND,VNM,17,103.6,1.1
2024,IND,VNM,18,103.861103,1.171415
2024,IND,VNM,19,104.145848,1.249295
2024,IND,VNM,20,104.482294,1.341312
2024,IND,VNM,21,107.3207,7.6091
2024,IND,VNM,22,109.758911,12.146746
2024,IND,VNM,23,109.624875,13.892702
2024,IND,VNM,24,109.279238,15.116448
2024,IND,VNM,25,109.0,16.1
2024,IND,VNM,26,107.583618,17.926476
2024,IND,VNM,27,107.281494,18.713894
2024,IND,VNM,28,107.218304,19.250364
2024,IND,VNM,29,107.1,20.25
2024,IND,VNM,30,106.8731,20.6858
2024,SGP,VNM,0,103.763466,1.259893
2024,SGP,VNM,1,103.861103,1.171415
2024,SGP,VNM,2,104.145848,1.249295
2024,SGP,VNM,3,104.482294,1.341312
2024,SGP,VNM,4,107.3207,7.6091
2024,SGP,VNM,5,109.758911,12.146746
2024,SGP,VNM,6,109.624875,13.892702
2024,SGP,VNM,7,109.279238,15.116448
2024,SGP,VNM,8,109.0,16.1
2024,SGP,VNM,9,107.583618,17.926476
2024,SGP,VNM,10,107.281494,18.713894
2024,SGP,VNM,11,107.218304,19.250364
2024,SGP,VNM,12,107.1,20.25
2024,SGP,VNM,13,106.8731,20.6858
2024,MYS,IND,0,101.351624,2.99927
2024,MYS,IND,1,101.34613,3.074695
2024,MYS,IND,2,101.273346,3.12269
2024,MYS,IND,3,100.6,3.2
2024,MYS,IND,4,99.763807,4.084523
2024,MYS,IND,5,98.128129,5.811729
2024,MYS,IND,6,94.326449,6.157121
2024,MYS,IND,7,90.0,6.4664
2024,MYS,IND,8,85.9479,6.1983
2024,MYS,IND,9,81.9,5.9
2024,MYS,IND,10,80.1,5.8
2024,MYS,IND,11,78.868856,6.674926
2024,MYS,IND,12,77.0,8.0
2024,MYS,IND,13,75.3,9.7
2024,MYS,IND,14,74.133516,12.773359
2024,MYS,IND,15,73.0,15.3
2024,MYS,IND,16,72.4,19.0
2024,MYS,IND,17,72.80777,18.941361
2024,MYS,KOR,0,101.351624,2.99927
2024,MYS,KOR,1,101.34613,3.074695
2024,MYS,KOR,2,101.273346,3.12269
2024,MYS,KOR,3,100.6,3.2
2024,MYS,KOR,4,101.316415,2.586072
2024,MYS,KOR,5,102.0,2.0
2024,MYS,KOR,6,103.6,1.1
2024,MYS,KOR,7,103.861103,1.171415
2024,MYS,KOR,8,104.145848,1.249295
2024,MYS,KOR,9,104.482294,1.341312
2024,MYS,KOR,10,108.7023,8.3192
2024,MYS,KOR,11,110.027598,10.173186
2024,MYS,KOR,12,110.80697,11.263464
2024,MYS,KOR,13,111.0534,11.6082
2024,MYS,KOR,14,111.478346,12.523981
2024,MYS,KOR,15,112.965,15.7278
2024,MYS,KOR,16,114.338334,17.570129
2024,MYS,KOR,17,115.841059,19.666279
2024,MYS,KOR,18,116.5017,20.601113
2024,MYS,KOR,19,117.437994,21.922538
2024,MYS,KOR,20,118.030487,22.691517
2024,MYS,KOR,21,118.203464,22.930938
2024,MYS,KOR,22,118.724128,23.582665
2024,MYS,KOR,23,118.980046,23.949944
2024,MYS,KOR,24,119.33882,24.448861
2024,MYS,KOR,25,119.523707,24.707707
2024,MYS,KOR,26,119.761963,25.085599
2024,MYS,KOR,27,119.820497,25.236972
2024,MYS,KOR,28,120.0,25.7
2024,MYS,KOR,29,120.232569,26.078521
2024,MYS,KOR,30,120.787503,26.976762
2024,MYS,KOR,31,121.3,27.8
2024,MYS,KOR,32,122.23938,28.579698
2024,MYS,KOR,33,122.557297,29.38397
2024,MYS,KOR,34,122.652515,29.623632
2024,MYS,KOR,35,122.875214,30.181935
2024,MYS,KOR,36,122.878907,30.349364
2024,MYS,KOR,37,122.891141,30.901897
2024,MYS,KOR,38,122.9,31.3
2024,MYS,KOR,39,125.34383,32.983736
2024,MYS,KOR,40,126.035156,33.45436
2024,MYS,KOR,41,126.643151,33.735423
2024,MYS,KOR,42,127.444583,34.104419
2024,MYS,KOR,43,128.16925,34.40691
2024,MYS,KOR,44,128.916321,34.761923
2024,MYS,KOR,45,129.2,35.0
2024,ZMB,CHN,0,34.788208,-19.87006
2024,ZMB,CHN,1,35.408936,-20.004322
2024,ZMB,CHN,2,38.8889,-17.5205
2024,ZMB,CHN,3,41.7,-15.0
2024,ZMB,CHN,4,43.0,-12.0
2024,ZMB,CHN,5,43.780518,-12.044693
2024,ZMB,CHN,6,50.0,-10.0
2024,ZMB,CHN,7,54.286051,-10.031461
2024,ZMB,CHN,8,60.0,-10.0
2024,ZMB,CHN,9,64.451991,-10.032679
2024,ZMB,CHN,10,64.9998,-10.0367
2024,ZMB,CHN,11,65.054317,-10.0363
2024,ZMB,CHN,12,67.59807,-10.017629
2024,ZMB,CHN,13,70.0,-10.0
2024,ZMB,CHN,14,73.630427,-10.016558
2024,ZMB,CHN,15,74.86096,-9.062149
2024,ZMB,CHN,16,75.615874,-8.45337
2024,ZMB,CHN,17,80.0,-4.954142
2024,ZMB,CHN,18,82.695228,-2.733196
2024,ZMB,CHN,19,86.112347,-1e-05
2024,ZMB,CHN,20,88.040723,1.4295
2024,ZMB,CHN,21,94.326449,6.157121
2024,ZMB,CHN,22,98.128129,5.811729
2024,ZMB,CHN,23,99.763807,4.084523
2024,ZMB,CHN,24,100.6,3.2
2024,ZMB,CHN,25,101.316415,2.586072
2024,ZMB,CHN,26,102.0,2.0
2024,ZMB,CHN,27,103.6,1.1
2024,ZMB,CHN,28,103.861103,1.171415
2024,ZMB,CHN,29,104.145848,1.249295
2024,ZMB,CHN,30,104.482294,1.341312
2024,ZMB,CHN,31,108.7023,8.3192
2024,ZMB,CHN,32,110.027598,10.173186
2024,ZMB,CHN,33,110.80697,11.263464
2024,ZMB,CHN,34,111.0534,11.6082
2024,ZMB,CHN,35,111.478346,12.523981
2024,ZMB,CHN,36,112.965,15.7278
2024,ZMB,CHN,37,114.338334,17.570129
2024,ZMB,CHN,38,115.841059,19.666279
2024,ZMB,CHN,39,116.5017,20.601113
2024,ZMB,CHN,40,117.437994,21.922538
2024,ZMB,CHN,41,118.030487,22.691517
2024,ZMB,CHN,42,118.203464,22.930938
2024,ZMB,CHN,43,118.724128,23.582665
2024,ZMB,CHN,44,118.980046,23.949944
2024,ZMB,CHN,45,119.33882,24.448861
2024,ZMB,CHN,46,119.523707,24.707707
2024,ZMB,CHN,47,119.761963,25.085599
2024,ZMB,CHN,48,119.820497,25.236972
2024,ZMB,CHN,49,120.0,25.7
2024,ZMB,CHN,50,120.232569,26.078521
2024,ZMB,CHN,51,120.787503,26.976762
2024,ZMB,CHN,52,121.3,27.8
2024,ZMB,CHN,53,122.23938,28.579698
2024,ZMB,CHN,54,122.557297,29.38397
2024,ZMB,CHN,55,122.652515,29.623632
2024,ZMB,CHN,56,122.875214,30.181935
2024,ZMB,CHN,57,122.878907,30.349364
2024,ZMB,CHN,58,122.891141,30.901897
2024,ZMB,CHN,59,122.66922,30.932268
2024,ZMB,CHN,60,121.944122,31.062345
2024,RUS,KOR,0,30.172577,59.920613
2024,RUS,KOR,1,27.89978,60.17977
2024,RUS,KOR,2,27.125244,59.95226
2024,RUS,KOR,3,26.240845,59.971508
2024,RUS,KOR,4,24.7,59.8
2024,RUS,KOR,5,24.011424,59.701632
2024,RUS,KOR,6,22.6,59.5
2024,RUS,KOR,7,20.6,58.2
2024,RUS,KOR,8,18.118532,56.645032
2024,RUS,KOR,9,17.0,56.4
2024,RUS,KOR,10,16.209967,55.954553
2024,RUS,KOR,11,15.80658,55.72711
2024,RUS,KOR,12,14.374661,55.229033
2024,RUS,KOR,13,13.836081,55.240216
2024,RUS,KOR,14,13.229812,55.252805
2024,RUS,KOR,15,12.974851,55.258099
2024,RUS,KOR,16,12.68255,55.305583
2024,RUS,KOR,17,12.700195,55.514637
2024,RUS,KOR,18,12.75,55.9
2024,RUS,KOR,19,12.629725,56.063887
2024,RUS,KOR,20,12.409121,56.337379
2024,RUS,KOR,21,12.409118,56.337382
2024,RUS,KOR,22,11.988567,56.905254
2024,RUS,KOR,23,11.4,57.7
2024,RUS,KOR,24,10.7333,57.8
2024,RUS,KOR,25,9.952745,57.599859
2024,RUS,KOR,26,8.9354,57.406
2024,RUS,KOR,27,7.983627,56.821663
2024,RUS,KOR,28,7.7379,56.6708
2024,RUS,KOR,29,6.837383,55.808317
2024,RUS,KOR,30,6.475957,55.462156
2024,RUS,KOR,31,5.795345,54.764853
2024,RUS,KOR,32,5.343228,54.126148
2024,RUS,KOR,33,4.9,53.5
2024,RUS,KOR,34,3.900173,52.700139
2024,RUS,KOR,35,3.327388,52.241911
2024,RUS,KOR,36,3.044362,52.01549
2024,RUS,KOR,37,2.9,51.9
2024,RUS,KOR,38,2.3601,51.6089
2024,RUS,KOR,39,1.868984,51.235892
2024,RUS,KOR,40,1.648479,51.072443
2024,RUS,KOR,41,1.498302,50.961124
2024,RUS,KOR,42,1.3,50.8
2024,RUS,KOR,43,1.193894,50.765311
2024,RUS,KOR,44,0.39288,50.503441
2024,RUS,KOR,45,-0.343359,50.262748
2024,RUS,KOR,46,-0.545959,50.196513
2024,RUS,KOR,47,-0.671539,50.155459
2024,RUS,KOR,48,-1.3,49.95
2024,RUS,KOR,49,-1.47977,49.895072
2024,RUS,KOR,50,-1.665743,49.838248
2024,RUS,KOR,51,-1.93365,49.75639
2024,RUS,KOR,52,-1.992006,49.738559
2024,RUS,KOR,53,-2.39189,49.616376
2024,RUS,KOR,54,-3.197043,49.370363
2024,RUS,KOR,55,-3.986163,49.129249
2024,RUS,KOR,56,-4.030414,49.115729
2024,RUS,KOR,57,-4.270518,49.042365
2024,RUS,KOR,58,-5.06401,48.799916
2024,RUS,KOR,59,-5.5,48.6667
2024,RUS,KOR,60,-6.698867,47.340067
2024,RUS,KOR,61,-7.954994,45.668797
2024,RUS,KOR,62,-8.49576,44.934776
2024,RUS,KOR,63,-9.019938,43.924891
2024,RUS,KOR,64,-9.14264,43.688493
2024,RUS,KOR,65,-9.5,43.0
2024,RUS,KOR,66,-9.9844,40.7798
2024,RUS,KOR,67,-9.6,38.5
2024,RUS,KOR,68,-9.452092,37.781589
2024,RUS,KOR,69,-9.25,36.8
2024,RUS,KOR,70,-8.219465,36.549727
2024,RUS,KOR,71,-7.26966,36.31906
2024,RUS,KOR,72,-5.75,35.95
2024,RUS,KOR,73,-5.354867,35.968819
2024,RUS,KOR,74,-5.269383,35.97289
2024,RUS,KOR,75,-4.7,36.0
2024,RUS,KOR,76,-3.683043,36.156455
2024,RUS,KOR,77,-3.264225,36.220888
2024,RUS,KOR,78,-2.590675,36.324512
2024,RUS,KOR,79,-2.244793,36.377724
2024,RUS,KOR,80,-1.62439,36.473171
2024,RUS,KOR,81,-0.366667,36.666667
2024,RUS,KOR,82,3.1,37.2
2024,RUS,KOR,83,7.5,37.4
2024,RUS,KOR,84,10.373031,37.482087
2024,RUS,KOR,85,11.0,37.5
2024,RUS,KOR,86,11.172235,37.454891
2024,RUS,KOR,87,11.827836,37.283186
2024,RUS,KOR,88,12.086301,37.215493
2024,RUS,KOR,89,12.110644,37.209117
2024,RUS,KOR,90,13.263819,36.907095
2024,RUS,KOR,91,15.2,36.4
2024,RUS,KOR,92,16.726588,36.086854
2024,RUS,KOR,93,17.902084,35.845726
2024,RUS,KOR,94,21.407365,35.126694
2024,RUS,KOR,95,23.0,34.8
2024,RUS,KOR,96,24.926664,34.187436
2024,RUS,KOR,97,25.478721,34.011915
2024,RUS,KOR,98,26.306431,33.748752
2024,RUS,KOR,99,27.927542,33.219565
2024,RUS,KOR,100,28.212434,33.115811
2024,RUS,KOR,101,28.905525,32.863395
2024,RUS,KOR,102,30.408377,32.316071
2024,RUS,KOR,103,32.1,31.7
2024,RUS,KOR,104,32.359877,31.336373
2024,RUS,KOR,105,32.310104,31.102922
2024,RUS,KOR,106,32.382202,30.318359
2024,RUS,KOR,107,32.557983,30.213982
2024,RUS,KOR,108,32.6,29.7
2024,RUS,KOR,109,33.233643,28.444544
2024,RUS,KOR,110,34.5,27.0
2024,RUS,KOR,111,37.0,23.6
2024,RUS,KOR,112,37.786499,22.210682
2024,RUS,KOR,113,38.572998,20.807472
2024,RUS,KOR,114,41.000977,17.098792
2024,RUS,KOR,115,42.341309,14.509144
2024,RUS,KOR,116,42.541058,13.676089
2024,RUS,KOR,117,43.3,12.7
2024,RUS,KOR,118,43.746586,12.40439
2024,RUS,KOR,119,45.0,12.0
2024,RUS,KOR,120,50.856149,12.884027
2024,RUS,KOR,121,53.61885,13.300009
2024,RUS,KOR,122,55.041504,12.747516
2024,RUS,KOR,123,59.894005,11.083455
2024,RUS,KOR,124,60.825733,10.866984
2024,RUS,KOR,125,62.0601,10.5802
2024,RUS,KOR,126,64.303249,10.031585
2024,RUS,KOR,127,64.698862,9.934828
2024,RUS,KOR,128,64.992809,9.862937
2024,RUS,KOR,129,65.7044,9.6889
2024,RUS,KOR,130,68.858995,8.881605
2024,RUS,KOR,131,69.3291,8.7613
2024,RUS,KOR,132,69.671733,8.6701
2024,RUS,KOR,133,69.999915,8.582747
2024,RUS,KOR,134,70.817426,8.365148
2024,RUS,KOR,135,75.966807,6.966807
2024,RUS,KOR,136,78.019032,6.387793
2024,RUS,KOR,137,80.1,5.8
2024,RUS,KOR,138,81.9,5.9
2024,RUS,KOR,139,85.9479,6.1983
2024,RUS,KOR,140,90.0,6.4664
2024,RUS,KOR,141,94.326449,6.157121
2024,RUS,KOR,142,98.128129,5.811729
2024,RUS,KOR,143,99.763807,4.084523
2024,RUS,KOR,144,100.6,3.2
2024,RUS,KOR,145,101.316415,2.586072
2024,RUS,KOR,146,102.0,2.0
2024,RUS,KOR,147,103.6,1.1
2024,RUS,KOR,148,103.861103,1.171415
2024,RUS,KOR,149,104.145848,1.249295
2024,RUS,KOR,150,104.482294,1.341312
2024,RUS,KOR,151,108.7023,8.3192
2024,RUS,KOR,152,110.027598,10.173186
2024,RUS,KOR,153,110.80697,11.263464
2024,RUS,KOR,154,111.0534,11.6082
2024,RUS,KOR,155,111.478346,12.523981
2024,RUS,KOR,156,112.965,15.7278
2024,RUS,KOR,157,114.338334,17.570129
2024,RUS,KOR,158,115.841059,19.666279
2024,RUS,KOR,159,116.5017,20.601113
2024,RUS,KOR,160,117.437994,21.922538
2024,RUS,KOR,161,118.030487,22.691517
2024,RUS,KOR,162,118.203464,22.930938
2024,RUS,KOR,163,118.724128,23.582665
2024,RUS,KOR,164,118.980046,23.949944
2024,RUS,KOR,165,119.33882,24.448861
2024,RUS,KOR,166,119.523707,24.707707
2024,RUS,KOR,167,119.761963,25.085599
2024,RUS,KOR,168,119.820497,25.236972
2024,RUS,KOR,169,120.0,25.7
2024,RUS,KOR,170,120.232569,26.078521
2024,RUS,KOR,171,120.787503,26.976762
2024,RUS,KOR,172,121.3,27.8
2024,RUS,KOR,173,122.23938,28.579698
2024,RUS,KOR,174,122.557297,29.38397
2024,RUS,KOR,175,122.652515,29.623632
2024,RUS,KOR,176,122.875214,30.181935
2024,RUS,KOR,177,122.878907,30.349364
2024,RUS,KOR,178,122.891141,30.901897
2024,RUS,KOR,179,122.9,31.3
2024,RUS,KOR,180,125.34383,32.983736
2024,RUS,KOR,181,126.035156,33.45436
2024,RUS,KOR,182,126.643151,33.735423
2024,RUS,KOR,183,127.444583,34.104419
2024,RUS,KOR,184,128.16925,34.40691
2024,RUS,KOR,185,128.916321,34.761923
2024,RUS,KOR,186,129.2,35.0
2024,TJK,TUR,0,66.975702,24.817412
2024,TJK,TUR,1,66.6,24.3
2024,TJK,TUR,2,64.447045,22.842503
2024,TJK,TUR,3,62.375976,21.440441
2024,TJK,TUR,4,59.0,20.0
2024,TJK,TUR,5,58.191833,18.742507
2024,TJK,TUR,6,56.876033,17.38386
2024,TJK,TUR,7,54.2,16.2
2024,TJK,TUR,8,49.5581,14.1436
2024,TJK,TUR,9,45.0,12.0
2024,TJK,TUR,10,43.746586,12.40439
2024,TJK,TUR,11,43.3,12.7
2024,TJK,TUR,12,42.541058,13.676089
2024,TJK,TUR,13,42.341309,14.509144
2024,TJK,TUR,14,41.000977,17.098792
2024,TJK,TUR,15,38.572998,20.807472
2024,TJK,TUR,16,37.786499,22.210682
2024,TJK,TUR,17,37.0,23.6
2024,TJK,TUR,18,34.5,27.0
2024,TJK,TUR,19,33.233643,28.444544
2024,TJK,TUR,20,32.6,29.7
2024,TJK,TUR,21,32.557983,30.213982
2024,TJK,TUR,22,32.382202,30.318359
2024,TJK,TUR,23,32.310104,31.102922
2024,TJK,TUR,24,32.359877,31.336373
2024,TJK,TUR,25,32.1,31.7
2024,TJK,TUR,26,32.543549,32.439248
2024,TJK,TUR,27,32.738332,32.763887
2024,TJK,TUR,28,33.062511,33.304186
2024,TJK,TUR,29,33.166376,33.477293
2024,TJK,TUR,30,33.668074,34.313456
2024,TJK,TUR,31,33.729569,34.415948
2024,TJK,TUR,32,33.784931,34.508219
2024,TJK,TUR,33,33.840932,34.601554
2024,TJK,TUR,34,34.2,35.2
2024,TJK,TUR,35,34.083651,35.254941
2024,TJK,TUR,36,34.681919,35.670499
2024,TJK,TUR,37,34.678489,35.862166
2024,TJK,TUR,38,34.671546,36.250032
2024,TJK,TUR,39,34.666346,36.540598
2024,TJK,TUR,40,34.662503,36.755307
2024,IND,KOR,0,72.80777,18.941361
2024,IND,KOR,1,72.4,19.0
2024,IND,KOR,2,73.0,15.3
2024,IND,KOR,3,74.133516,12.773359
2024,IND,KOR,4,75.3,9.7
2024,IND,KOR,5,77.0,8.0
2024,IND,KOR,6,78.868856,6.674926
2024,IND,KOR,7,80.1,5.8
2024,IND,KOR,8,81.9,5.9
2024,IND,KOR,9,85.9479,6.1983
2024,IND,KOR,10,90.0,6.4664
2024,IND,KOR,11,94.326449,6.157121
2024,IND,KOR,12,98.128129,5.811729
2024,IND,KOR,13,99.763807,4.084523
2024,IND,KOR,14,100.6,3.2
2024,IND,KOR,15,101.316415,2.586072
2024,IND,KOR,16,102.0,2.0
2024,IND,KOR,17,103.6,1.1
2024,IND,KOR,18,103.861103,1.171415
2024,IND,KOR,19,104.145848,1.249295
2024,IND,KOR,20,104.482294,1.341312
2024,IND,KOR,21,108.7023,8.3192
2024,IND,KOR,22,110.027598,10.173186
2024,IND,KOR,23,110.80697,11.263464
2024,IND,KOR,24,111.0534,11.6082
2024,IND,KOR,25,111.478346,12.523981
2024,IND,KOR,26,112.965,15.7278
2024,IND,KOR,27,114.338334,17.570129
2024,IND,KOR,28,115.841059,19.666279
2024,IND,KOR,29,116.5017,20.601113
2024,IND,KOR,30,117.437994,21.922538
2024,IND,KOR,31,118.030487,22.691517
2024,IND,KOR,32,118.203464,22.930938
2024,IND,KOR,33,118.724128,23.582665
2024,IND,KOR,34,118.980046,23.949944
2024,IND,KOR,35,119.33882,24.448861
2024,IND,KOR,36,119.523707,24.707707
2024,IND,KOR,37,119.761963,25.085599
2024,IND,KOR,38,119.820497,25.236972
2024,IND,KOR,39,120.0,25.7
2024,IND,KOR,40,120.232569,26.078521
2024,IND,KOR,41,120.787503,26.976762
2024,IND,KOR,42,121.3,27.8
2024,IND,KOR,43,122.23938,28.579698
2024,IND,KOR,44,122.557297,29.38397
2024,IND,KOR,45,122.652515,29.623632
2024,IND,KOR,46,122.875214,30.181935
2024,IND,KOR,47,122.878907,30.349364
2024,IND,KOR,48,122.891141,30.901897
2024,IND,KOR,49,122.9,31.3
2024,IND,KOR,50,125.34383,32.983736
2024,IND,KOR,51,126.035156,33.45436
2024,IND,KOR,52,126.643151,33.735423
2024,IND,KOR,53,127.444583,34.104419
2024,IND,KOR,54,128.16925,34.40691
2024,IND,KOR,55,128.916321,34.761923
2024,IND,KOR,56,129.2,35.0
2024,MYS,BEL,0,101.351624,2.99927
2024,MYS,BEL,1,101.34613,3.074695
2024,MYS,BEL,2,101.273346,3.12269
2024,MYS,BEL,3,100.6,3.2
2024,MYS,BEL,4,99.763807,4.084523
2024,MYS,BEL,5,98.128129,5.811729
2024,MYS,BEL,6,94.326449,6.157121
2024,MYS,BEL,7,90.0,6.4664
2024,MYS,BEL,8,85.9479,6.1983
2024,MYS,BEL,9,81.9,5.9
2024,MYS,BEL,10,80.1,5.8
2024,MYS,BEL,11,78.019032,6.387793
2024,MYS,BEL,12,75.966807,6.966807
2024,MYS,BEL,13,70.817426,8.365148
2024,MYS,BEL,14,69.999915,8.582747
2024,MYS,BEL,15,69.671733,8.6701
2024,MYS,BEL,16,69.3291,8.7613
2024,MYS,BEL,17,68.858995,8.881605
2024,MYS,BEL,18,65.7044,9.6889
2024,MYS,BEL,19,64.992809,9.862937
2024,MYS,BEL,20,64.698862,9.934828
2024,MYS,BEL,21,64.303249,10.031585
2024,MYS,BEL,22,62.0601,10.5802
2024,MYS,BEL,23,60.825733,10.866984
2024,MYS,BEL,24,59.894005,11.083455
2024,MYS,BEL,25,55.041504,12.747516
2024,MYS,BEL,26,53.61885,13.300009
2024,MYS,BEL,27,50.856149,12.884027
2024,MYS,BEL,28,45.0,12.0
2024,MYS,BEL,29,43.746586,12.40439
2024,MYS,BEL,30,43.3,12.7
2024,MYS,BEL,31,42.541058,13.676089
2024,MYS,BEL,32,42.341309,14.509144
2024,MYS,BEL,33,41.000977,17.098792
2024,MYS,BEL,34,38.572998,20.807472
2024,MYS,BEL,35,37.786499,22.210682
2024,MYS,BEL,36,37.0,23.6
2024,MYS,BEL,37,34.5,27.0
2024,MYS,BEL,38,33.233643,28.444544
2024,MYS,BEL,39,32.6,29.7
2024,MYS,BEL,40,32.557983,30.213982
2024,MYS,BEL,41,32.382202,30.318359
2024,MYS,BEL,42,32.310104,31.102922
2024,MYS,BEL,43,32.359877,31.336373
2024,MYS,BEL,44,32.1,31.7
2024,MYS,BEL,45,30.408377,32.316071
2024,MYS,BEL,46,28.905525,32.863395
2024,MYS,BEL,47,28.212434,33.115811
2024,MYS,BEL,48,27.927542,33.219565
2024,MYS,BEL,49,26.306431,33.748752
2024,MYS,BEL,50,25.478721,34.011915
2024,MYS,BEL,51,24.926664,34.187436
2024,MYS,BEL,52,23.0,34.8
2024,MYS,BEL,53,21.407365,35.126694
2024,MYS,BEL,54,17.902084,35.845726
2024,MYS,BEL,55,16.726588,36.086854
2024,MYS,BEL,56,15.2,36.4
2024,MYS,BEL,57,13.263819,36.907095
2024,MYS,BEL,58,12.110644,37.209117
2024,MYS,BEL,59,12.086301,37.215493
2024,MYS,BEL,60,11.827836,37.283186
2024,MYS,BEL,61,11.172235,37.454891
2024,MYS,BEL,62,11.0,37.5
2024,MYS,BEL,63,10.373031,37.482087
2024,MYS,BEL,64,7.5,37.4
2024,MYS,BEL,65,3.1,37.2
2024,MYS,BEL,66,-0.366667,36.666667
2024,MYS,BEL,67,-1.62439,36.473171
2024,MYS,BEL,68,-2.244793,36.377724
2024,MYS,BEL,69,-2.590675,36.324512
2024,MYS,BEL,70,-3.264225,36.220888
2024,MYS,BEL,71,-3.683043,36.156455
2024,MYS,BEL,72,-4.7,36.0
2024,MYS,BEL,73,-5.269383,35.97289
2024,MYS,BEL,74,-5.354867,35.968819
2024,MYS,BEL,75,-5.75,35.95
2024,MYS,BEL,76,-7.26966,36.31906
2024,MYS,BEL,77,-8.219465,36.549727
2024,MYS,BEL,78,-9.25,36.8
2024,MYS,BEL,79,-9.452092,37.781589
2024,MYS,BEL,80,-9.6,38.5
2024,MYS,BEL,81,-9.9844,40.7798
2024,MYS,BEL,82,-9.5,43.0
2024,MYS,BEL,83,-9.14264,43.688493
2024,MYS,BEL,84,-9.019938,43.924891
2024,MYS,BEL,85,-8.49576,44.934776
2024,MYS,BEL,86,-7.954994,45.668797
2024,MYS,BEL,87,-6.698867,47.340067
2024,MYS,BEL,88,-5.5,48.6667
2024,MYS,BEL,89,-5.06401,48.799916
2024,MYS,BEL,90,-4.270518,49.042365
2024,MYS,BEL,91,-4.030414,49.115729
2024,MYS,BEL,92,-3.986163,49.129249
2024,MYS,BEL,93,-3.197043,49.370363
2024,MYS,BEL,94,-2.39189,49.616376
2024,MYS,BEL,95,-1.992006,49.738559
2024,MYS,BEL,96,-1.93365,49.75639
2024,MYS,BEL,97,-1.665743,49.838248
2024,MYS,BEL,98,-1.47977,49.895072
2024,MYS,BEL,99,-1.3,49.95
2024,MYS,BEL,100,-0.671539,50.155459
2024,MYS,BEL,101,-0.545959,50.196513
2024,MYS,BEL,102,-0.343359,50.262748
2024,MYS,BEL,103,0.39288,50.503441
2024,MYS,BEL,104,1.193894,50.765311
2024,MYS,BEL,105,1.3,50.8
2024,MYS,BEL,106,1.441366,50.849032
2024,MYS,BEL,107,1.567687,50.892845
2024,MYS,BEL,108,1.813195,50.988387
2024,MYS,BEL,109,2.1,51.1
2024,MYS,BEL,110,2.356699,51.178984
2024,MYS,BEL,111,3.4,51.5
2024,MYS,BEL,112,3.510818,51.436889
2024,MYS,BEL,113,3.677482,51.412653
2024,MYS,BEL,114,3.844528,51.354631
2024,MYS,BEL,115,3.9641,51.426
2024,MYS,BEL,116,4.0905,51.3831
2024,MYS,BEL,117,4.1894,51.3917
2024,MYS,BEL,118,4.261322,51.340907
2024,COD,BEL,0,13.42804,-5.864671
2024,COD,BEL,1,13.005066,-5.895408
2024,COD,BEL,2,12.7668,-6.013556
2024,COD,BEL,3,12.384338,-6.077742
2024,COD,BEL,4,11.543725,-5.95973
2024,COD,BEL,5,5.577742,-3.058641
2024,COD,BEL,6,5.300429,-2.907092
2024,COD,BEL,7,4.876639,-2.674661
2024,COD,BEL,8,0.0,-2e-05
2024,COD,BEL,9,-2.368781,1.108294
2024,COD,BEL,10,-3.7467,1.753
2024,COD,BEL,11,-7.5,3.5
2024,COD,BEL,12,-11.5,5.5
2024,COD,BEL,13,-14.5,8.5
2024,COD,BEL,14,-17.0,11.0
2024,COD,BEL,15,-18.0,15.0
2024,COD,BEL,16,-18.0,21.0
2024,COD,BEL,17,-15.128174,27.999252
2024,COD,BEL,18,-15.145809,28.538331
2024,COD,BEL,19,-15.172119,29.337503
2024,COD,BEL,20,-13.9051,32.4093
2024,COD,BEL,21,-13.32875,34.065242
2024,COD,BEL,22,-13.114888,34.6797
2024,COD,BEL,23,-12.839781,35.470126
2024,COD,BEL,24,-12.761203,35.695892
2024,COD,BEL,25,-12.608538,36.134522
2024,COD,BEL,26,-12.493983,36.463656
2024,COD,BEL,27,-12.32612,36.945951
2024,COD,BEL,28,-12.262448,37.128892
2024,COD,BEL,29,-12.131862,37.504085
2024,COD,BEL,30,-12.057515,37.717697
2024,COD,BEL,31,-11.81009,38.428587
2024,COD,BEL,32,-11.664545,38.84676
2024,COD,BEL,33,-11.158374,40.301066
2024,COD,BEL,34,-11.070622,40.553191
2024,COD,BEL,35,-10.289669,42.796988
2024,COD,BEL,36,-10.167909,43.146826
2024,COD,BEL,37,-10.063992,43.402334
2024,COD,BEL,38,-7.987368,45.91425
2024,COD,BEL,39,-6.698867,47.340067
2024,COD,BEL,40,-5.5,48.6667
2024,COD,BEL,41,-5.06401,48.799916
2024,COD,BEL,42,-4.270518,49.042365
2024,COD,BEL,43,-4.030414,49.115729
2024,COD,BEL,44,-3.986163,49.129249
2024,COD,BEL,45,-3.197043,49.370363
2024,COD,BEL,46,-2.39189,49.616376
2024,COD,BEL,47,-1.992006,49.738559
2024,COD,BEL,48,-1.93365,49.75639
2024,COD,BEL,49,-1.665743,49.838248
2024,COD,BEL,50,-1.47977,49.895072
2024,COD,BEL,51,-1.3,49.95
2024,COD,BEL,52,-0.671539,50.155459
2024,COD,BEL,53,-0.545959,50.196513
2024,COD,BEL,54,-0.343359,50.262748
2024,COD,BEL,55,0.39288,50.503441
2024,COD,BEL,56,1.193894,50.765311
2024,COD,BEL,57,1.3,50.8
2024,COD,BEL,58,1.441366,50.849032
2024,COD,BEL,59,1.567687,50.892845
2024,COD,BEL,60,1.813195,50.988387
2024,COD,BEL,61,2.1,51.1
2024,COD,BEL,62,2.356699,51.178984
2024,COD,BEL,63,3.4,51.5
2024,COD,BEL,64,3.510818,51.436889
2024,COD,BEL,65,3.677482,51.412653
2024,COD,BEL,66,3.844528,51.354631
2024,COD,BEL,67,3.9641,51.426
2024,COD,BEL,68,4.0905,51.3831
2024,COD,BEL,69,4.1894,51.3917
2024,COD,BEL,70,4.261322,51.340907
2024,KAZ,VNM,0,51.138611,43.612217
2024,KAZ,VNM,1,50.818028,43.557566
2024,KAZ,VNM,2,47.8023,45.1174
2024,KAZ,VNM,3,47.782562,45.394294
2024,KAZ,VNM,4,47.698791,45.682042
2024,KAZ,VNM,5,47.637474,45.721894
2024,KAZ,VNM,6,47.645714,45.768157
2024,KAZ,VNM,7,47.684166,45.806481
2024,KAZ,VNM,8,47.671463,45.84765
2024,KAZ,VNM,9,47.622436,45.880277
2024,KAZ,VNM,10,47.662262,45.938593
2024,KAZ,VNM,11,47.62999,45.974889
2024,KAZ,VNM,12,47.694534,45.981573
2024,KAZ,VNM,13,47.704834,46.028271
2024,KAZ,VNM,14,47.742599,46.099295
2024,KAZ,VNM,15,47.817444,46.150242
2024,KAZ,VNM,16,47.849029,46.192582
2024,KAZ,VNM,17,47.908768,46.212552
2024,KAZ,VNM,18,48.039368,46.392098
2024,KAZ,VNM,19,47.976196,46.460286
2024,KAZ,VNM,20,48.033874,46.524607
2024,KAZ,VNM,21,48.017395,46.541621
2024,KAZ,VNM,22,47.906158,46.581298
2024,KAZ,VNM,23,47.892425,46.653022
2024,KAZ,VNM,24,47.832001,46.747251
2024,KAZ,VNM,25,47.714721,46.85891
2024,KAZ,VNM,26,47.604858,46.843876
2024,KAZ,VNM,27,47.604858,46.956531
2024,KAZ,VNM,28,47.077514,47.218471
2024,KAZ,VNM,29,47.121459,47.296802
2024,KAZ,VNM,30,46.978637,47.427097
2024,KAZ,VNM,31,46.874267,47.427097
2024,KAZ,VNM,32,46.55017,47.723704
2024,KAZ,VNM,33,46.352416,47.860317
2024,KAZ,VNM,34,46.154662,47.948739
2024,KAZ,VNM,35,46.176635,48.205773
2024,KAZ,VNM,36,46.00415,48.240877
2024,KAZ,VNM,37,45.888794,48.323167
2024,KAZ,VNM,38,45.563324,48.466398
2024,KAZ,VNM,39,45.368316,48.408059
2024,KAZ,VNM,40,45.097778,48.474597
2024,KAZ,VNM,41,44.976929,48.437986
2024,KAZ,VNM,42,44.905517,48.477167
2024,KAZ,VNM,43,44.625366,48.538156
2024,KAZ,VNM,44,44.557148,48.530549
2024,KAZ,VNM,45,44.551981,48.484619
2024,KAZ,VNM,46,44.503624,48.424983
2024,KAZ,VNM,47,44.483025,48.42202
2024,KAZ,VNM,48,44.347069,48.468501
2024,KAZ,VNM,49,44.206787,48.494017
2024,KAZ,VNM,50,44.160095,48.548619
2024,KAZ,VNM,51,44.063965,48.624963
2024,KAZ,VNM,52,43.967422,48.682195
2024,KAZ,VNM,53,43.694824,48.654066
2024,KAZ,VNM,54,43.32019,48.48606
2024,KAZ,VNM,55,42.728026,47.767294
2024,KAZ,VNM,56,42.090819,47.560018
2024,KAZ,VNM,57,40.915282,47.582266
2024,KAZ,VNM,58,40.508788,47.463503
2024,KAZ,VNM,59,40.201171,47.225172
2024,KAZ,VNM,60,39.695799,47.195305
2024,KAZ,VNM,61,39.267333,47.075668
2024,KAZ,VNM,62,39.0431,47.104
2024,KAZ,VNM,63,37.6629,46.8238
2024,KAZ,VNM,64,36.8592,45.6212
2024,KAZ,VNM,65,36.4,45.0
2024,KAZ,VNM,66,33.0,43.0
2024,KAZ,VNM,67,29.132431,41.242447
2024,KAZ,VNM,68,29.096026,41.186306
2024,KAZ,VNM,69,29.050519,41.15205
2024,KAZ,VNM,70,29.070542,41.117776
2024,KAZ,VNM,71,29.042328,41.050547
2024,KAZ,VNM,72,28.995,41.027893
2024,KAZ,VNM,73,28.977708,40.971568
2024,KAZ,VNM,74,28.501542,40.82216
2024,KAZ,VNM,75,28.449481,40.805825
2024,KAZ,VNM,76,27.277634,40.60495
2024,KAZ,VNM,77,26.768188,40.440676
2024,KAZ,VNM,78,26.2,40.1
2024,KAZ,VNM,79,26.143615,39.992927
2024,KAZ,VNM,80,26.097501,39.784356
2024,KAZ,VNM,81,25.953472,39.494984
2024,KAZ,VNM,82,25.825253,39.237374
2024,KAZ,VNM,83,25.830528,39.136019
2024,KAZ,VNM,84,26.022956,38.889479
2024,KAZ,VNM,85,26.157985,38.716479
2024,KAZ,VNM,86,26.308653,38.523442
2024,KAZ,VNM,87,26.269821,38.437945
2024,KAZ,VNM,88,26.184875,38.339023
2024,KAZ,VNM,89,26.172739,38.253308
2024,KAZ,VNM,90,26.366219,37.813395
2024,KAZ,VNM,91,26.430146,37.266748
2024,KAZ,VNM,92,26.635875,37.008989
2024,KAZ,VNM,93,27.002784,36.547109
2024,KAZ,VNM,94,27.030399,36.498505
2024,KAZ,VNM,95,27.2,36.2
2024,KAZ,VNM,96,27.548237,35.88019
2024,KAZ,VNM,97,28.180712,35.299346
2024,KAZ,VNM,98,28.881234,34.656009
2024,KAZ,VNM,99,28.964326,34.5797
2024,KAZ,VNM,100,29.595152,34.000371
2024,KAZ,VNM,101,29.703004,33.901323
2024,KAZ,VNM,102,30.699385,32.986279
2024,KAZ,VNM,103,30.765996,32.925106
2024,KAZ,VNM,104,32.1,31.7
2024,KAZ,VNM,105,32.359877,31.336373
2024,KAZ,VNM,106,32.310104,31.102922
2024,KAZ,VNM,107,32.382202,30.318359
2024,KAZ,VNM,108,32.557983,30.213982
2024,KAZ,VNM,109,32.6,29.7
2024,KAZ,VNM,110,33.233643,28.444544
2024,KAZ,VNM,111,34.5,27.0
2024,KAZ,VNM,112,37.0,23.6
2024,KAZ,VNM,113,37.786499,22.210682
2024,KAZ,VNM,114,38.572998,20.807472
2024,KAZ,VNM,115,41.000977,17.098792
2024,KAZ,VNM,116,42.341309,14.509144
2024,KAZ,VNM,117,42.541058,13.676089
2024,KAZ,VNM,118,43.3,12.7
2024,KAZ,VNM,119,43.746586,12.40439
2024,KAZ,VNM,120,45.0,12.0
2024,KAZ,VNM,121,50.856149,12.884027
2024,KAZ,VNM,122,53.61885,13.300009
2024,KAZ,VNM,123,55.041504,12.747516
2024,KAZ,VNM,124,59.894005,11.083455
2024,KAZ,VNM,125,60.825733,10.866984
2024,KAZ,VNM,126,62.0601,10.5802
2024,KAZ,VNM,127,64.303249,10.031585
2024,KAZ,VNM,128,64.698862,9.934828
2024,KAZ,VNM,129,64.992809,9.862937
2024,KAZ,VNM,130,65.7044,9.6889
2024,KAZ,VNM,131,68.858995,8.881605
2024,KAZ,VNM,132,69.3291,8.7613
2024,KAZ,VNM,133,69.671733,8.6701
2024,KAZ,VNM,134,69.999915,8.582747
2024,KAZ,VNM,135,70.817426,8.365148
2024,KAZ,VNM,136,75.966807,6.966807
2024,KAZ,VNM,137,78.019032,6.387793
2024,KAZ,VNM,138,80.1,5.8
2024,KAZ,VNM,139,81.9,5.9
2024,KAZ,VNM,140,85.9479,6.1983
2024,KAZ,VNM,141,90.0,6.4664
2024,KAZ,VNM,142,94.326449,6.157121
2024,KAZ,VNM,143,98.128129,5.811729
2024,KAZ,VNM,144,99.763807,4.084523
2024,KAZ,VNM,145,100.6,3.2
2024,KAZ,VNM,146,101.316415,2.586072
2024,KAZ,VNM,147,102.0,2.0
2024,KAZ,VNM,148,103.6,1.1
2024,KAZ,VNM,149,103.861103,1.171415
2024,KAZ,VNM,150,104.145848,1.249295
2024,KAZ,VNM,151,104.482294,1.341312
2024,KAZ,VNM,152,107.3207,7.6091
2024,KAZ,VNM,153,109.758911,12.146746
2024,KAZ,VNM,154,109.624875,13.892702
2024,KAZ,VNM,155,109.279238,15.116448
2024,KAZ,VNM,156,109.0,16.1
2024,KAZ,VNM,157,107.583618,17.926476
2024,KAZ,VNM,158,107.281494,18.713894
2024,KAZ,VNM,159,107.218304,19.250364
2024,KAZ,VNM,160,107.1,20.25
2024,KAZ,VNM,161,106.8731,20.6858
2024,MYS,TUR,0,101.351624,2.99927
2024,MYS,TUR,1,101.34613,3.074695
2024,MYS,TUR,2,101.273346,3.12269
2024,MYS,TUR,3,100.6,3.2
2024,MYS,TUR,4,99.763807,4.084523
2024,MYS,TUR,5,98.128129,5.811729
2024,MYS,TUR,6,94.326449,6.157121
2024,MYS,TUR,7,90.0,6.4664
2024,MYS,TUR,8,85.9479,6.1983
2024,MYS,TUR,9,81.9,5.9
2024,MYS,TUR,10,80.1,5.8
2024,MYS,TUR,11,78.019032,6.387793
2024,MYS,TUR,12,75.966807,6.966807
2024,MYS,TUR,13,70.817426,8.365148
2024,MYS,TUR,14,69.999915,8.582747
2024,MYS,TUR,15,69.671733,8.6701
2024,MYS,TUR,16,69.3291,8.7613
2024,MYS,TUR,17,68.858995,8.881605
2024,MYS,TUR,18,65.7044,9.6889
2024,MYS,TUR,19,64.992809,9.862937
2024,MYS,TUR,20,64.698862,9.934828
2024,MYS,TUR,21,64.303249,10.031585
2024,MYS,TUR,22,62.0601,10.5802
2024,MYS,TUR,23,60.825733,10.866984
2024,MYS,TUR,24,59.894005,11.083455
2024,MYS,TUR,25,55.041504,12.747516
2024,MYS,TUR,26,53.61885,13.300009
2024,MYS,TUR,27,50.856149,12.884027
2024,MYS,TUR,28,45.0,12.0
2024,MYS,TUR,29,43.746586,12.40439
2024,MYS,TUR,30,43.3,12.7
2024,MYS,TUR,31,42.541058,13.676089
2024,MYS,TUR,32,42.341309,14.509144
2024,MYS,TUR,33,41.000977,17.098792
2024,MYS,TUR,34,38.572998,20.807472
2024,MYS,TUR,35,37.786499,22.210682
2024,MYS,TUR,36,37.0,23.6
2024,MYS,TUR,37,34.5,27.0
2024,MYS,TUR,38,33.233643,28.444544
2024,MYS,TUR,39,32.6,29.7
2024,MYS,TUR,40,32.557983,30.213982
2024,MYS,TUR,41,32.382202,30.318359
2024,MYS,TUR,42,32.310104,31.102922
2024,MYS,TUR,43,32.359877,31.336373
2024,MYS,TUR,44,32.1,31.7
2024,MYS,TUR,45,32.543549,32.439248
2024,MYS,TUR,46,32.738332,32.763887
2024,MYS,TUR,47,33.062511,33.304186
2024,MYS,TUR,48,33.166376,33.477293
2024,MYS,TUR,49,33.668074,34.313456
2024,MYS,TUR,50,33.729569,34.415948
2024,MYS,TUR,51,33.784931,34.508219
2024,MYS,TUR,52,33.840932,34.601554
2024,MYS,TUR,53,34.2,35.2
2024,MYS,TUR,54,34.083651,35.254941
2024,MYS,TUR,55,34.681919,35.670499
2024,MYS,TUR,56,34.678489,35.862166
2024,MYS,TUR,57,34.671546,36.250032
2024,MYS,TUR,58,34.666346,36.540598
2024,MYS,TUR,59,34.662503,36.755307
2024,KAZ,IDN,0,51.138611,43.612217
2024,KAZ,IDN,1,50.818028,43.557566
2024,KAZ,IDN,2,47.8023,45.1174
2024,KAZ,IDN,3,47.782562,45.394294
2024,KAZ,IDN,4,47.698791,45.682042
2024,KAZ,IDN,5,47.637474,45.721894
2024,KAZ,IDN,6,47.645714,45.768157
2024,KAZ,IDN,7,47.684166,45.806481
2024,KAZ,IDN,8,47.671463,45.84765
2024,KAZ,IDN,9,47.622436,45.880277
2024,KAZ,IDN,10,47.662262,45.938593
2024,KAZ,IDN,11,47.62999,45.974889
2024,KAZ,IDN,12,47.694534,45.981573
2024,KAZ,IDN,13,47.704834,46.028271
2024,KAZ,IDN,14,47.742599,46.099295
2024,KAZ,IDN,15,47.817444,46.150242
2024,KAZ,IDN,16,47.849029,46.192582
2024,KAZ,IDN,17,47.908768,46.212552
2024,KAZ,IDN,18,48.039368,46.392098
2024,KAZ,IDN,19,47.976196,46.460286
2024,KAZ,IDN,20,48.033874,46.524607
2024,KAZ,IDN,21,48.017395,46.541621
2024,KAZ,IDN,22,47.906158,46.581298
2024,KAZ,IDN,23,47.892425,46.653022
2024,KAZ,IDN,24,47.832001,46.747251
2024,KAZ,IDN,25,47.714721,46.85891
2024,KAZ,IDN,26,47.604858,46.843876
2024,KAZ,IDN,27,47.604858,46.956531
2024,KAZ,IDN,28,47.077514,47.218471
2024,KAZ,IDN,29,47.121459,47.296802
2024,KAZ,IDN,30,46.978637,47.427097
2024,KAZ,IDN,31,46.874267,47.427097
2024,KAZ,IDN,32,46.55017,47.723704
2024,KAZ,IDN,33,46.352416,47.860317
2024,KAZ,IDN,34,46.154662,47.948739
2024,KAZ,IDN,35,46.176635,48.205773
2024,KAZ,IDN,36,46.00415,48.240877
2024,KAZ,IDN,37,45.888794,48.323167
2024,KAZ,IDN,38,45.563324,48.466398
2024,KAZ,IDN,39,45.368316,48.408059
2024,KAZ,IDN,40,45.097778,48.474597
2024,KAZ,IDN,41,44.976929,48.437986
2024,KAZ,IDN,42,44.905517,48.477167
2024,KAZ,IDN,43,44.625366,48.538156
2024,KAZ,IDN,44,44.557148,48.530549
2024,KAZ,IDN,45,44.551981,48.484619
2024,KAZ,IDN,46,44.503624,48.424983
2024,KAZ,IDN,47,44.483025,48.42202
2024,KAZ,IDN,48,44.347069,48.468501
2024,KAZ,IDN,49,44.206787,48.494017
2024,KAZ,IDN,50,44.160095,48.548619
2024,KAZ,IDN,51,44.063965,48.624963
2024,KAZ,IDN,52,43.967422,48.682195
2024,KAZ,IDN,53,43.694824,48.654066
2024,KAZ,IDN,54,43.32019,48.48606
2024,KAZ,IDN,55,42.728026,47.767294
2024,KAZ,IDN,56,42.090819,47.560018
2024,KAZ,IDN,57,40.915282,47.582266
2024,KAZ,IDN,58,40.508788,47.463503
2024,KAZ,IDN,59,40.201171,47.225172
2024,KAZ,IDN,60,39.695799,47.195305
2024,KAZ,IDN,61,39.267333,47.075668
2024,KAZ,IDN,62,39.0431,47.104
2024,KAZ,IDN,63,37.6629,46.8238
2024,KAZ,IDN,64,36.8592,45.6212
2024,KAZ,IDN,65,36.4,45.0
2024,KAZ,IDN,66,33.0,43.0
2024,KAZ,IDN,67,29.132431,41.242447
2024,KAZ,IDN,68,29.096026,41.186306
2024,KAZ,IDN,69,29.050519,41.15205
2024,KAZ,IDN,70,29.070542,41.117776
2024,KAZ,IDN,71,29.042328,41.050547
2024,KAZ,IDN,72,28.995,41.027893
2024,KAZ,IDN,73,28.977708,40.971568
2024,KAZ,IDN,74,28.501542,40.82216
2024,KAZ,IDN,75,28.449481,40.805825
2024,KAZ,IDN,76,27.277634,40.60495
2024,KAZ,IDN,77,26.768188,40.440676
2024,KAZ,IDN,78,26.2,40.1
2024,KAZ,IDN,79,26.143615,39.992927
2024,KAZ,IDN,80,26.097501,39.784356
2024,KAZ,IDN,81,25.953472,39.494984
2024,KAZ,IDN,82,25.825253,39.237374
2024,KAZ,IDN,83,25.830528,39.136019
2024,KAZ,IDN,84,26.022956,38.889479
2024,KAZ,IDN,85,26.157985,38.716479
2024,KAZ,IDN,86,26.308653,38.523442
2024,KAZ,IDN,87,26.269821,38.437945
2024,KAZ,IDN,88,26.184875,38.339023
2024,KAZ,IDN,89,26.172739,38.253308
2024,KAZ,IDN,90,26.366219,37.813395
2024,KAZ,IDN,91,26.430146,37.266748
2024,KAZ,IDN,92,26.635875,37.008989
2024,KAZ,IDN,93,27.002784,36.547109
2024,KAZ,IDN,94,27.030399,36.498505
2024,KAZ,IDN,95,27.2,36.2
2024,KAZ,IDN,96,27.548237,35.88019
2024,KAZ,IDN,97,28.180712,35.299346
2024,KAZ,IDN,98,28.881234,34.656009
2024,KAZ,IDN,99,28.964326,34.5797
2024,KAZ,IDN,100,29.595152,34.000371
2024,KAZ,IDN,101,29.703004,33.901323
2024,KAZ,IDN,102,30.699385,32.986279
2024,KAZ,IDN,103,30.765996,32.925106
2024,KAZ,IDN,104,32.1,31.7
2024,KAZ,IDN,105,32.359877,31.336373
2024,KAZ,IDN,106,32.310104,31.102922
2024,KAZ,IDN,107,32.382202,30.318359
2024,KAZ,IDN,108,32.557983,30.213982
2024,KAZ,IDN,109,32.6,29.7
2024,KAZ,IDN,110,33.233643,28.444544
2024,KAZ,IDN,111,34.5,27.0
2024,KAZ,IDN,112,37.0,23.6
2024,KAZ,IDN,113,37.786499,22.210682
2024,KAZ,IDN,114,38.572998,20.807472
2024,KAZ,IDN,115,41.000977,17.098792
2024,KAZ,IDN,116,42.341309,14.509144
2024,KAZ,IDN,117,42.541058,13.676089
2024,KAZ,IDN,118,43.3,12.7
2024,KAZ,IDN,119,43.746586,12.40439
2024,KAZ,IDN,120,45.0,12.0
2024,KAZ,IDN,121,50.856149,12.884027
2024,KAZ,IDN,122,52.3,11.6
2024,KAZ,IDN,123,56.1603,10.8228
2024,KAZ,IDN,124,60.0,10.0
2024,KAZ,IDN,125,63.989529,8.568554
2024,KAZ,IDN,126,64.731807,8.294133
2024,KAZ,IDN,127,67.295615,7.346286
2024,KAZ,IDN,128,69.170182,6.638183
2024,KAZ,IDN,129,69.999779,6.323508
2024,KAZ,IDN,130,72.597705,5.328632
2024,KAZ,IDN,131,73.845613,4.845613
2024,KAZ,IDN,132,74.822653,4.467475
2024,KAZ,IDN,133,79.102865,2.786871
2024,KAZ,IDN,134,79.547661,2.610451
2024,KAZ,IDN,135,80.694211,2.155694
2024,KAZ,IDN,136,86.112347,-1e-05
2024,KAZ,IDN,137,88.903739,-1.112071
2024,KAZ,IDN,138,90.000098,-1.548839
2024,KAZ,IDN,139,92.506946,-2.543113
2024,KAZ,IDN,140,96.716021,-4.200465
2024,KAZ,IDN,141,99.947042,-5.453999
2024,KAZ,IDN,142,104.0,-7.0
2024,KAZ,IDN,143,104.82827,-6.592568
2024,KAZ,IDN,144,105.424805,-6.298919
2024,KAZ,IDN,145,105.754542,-5.979226
2024,KAZ,IDN,146,105.864207,-5.893542
2024,KAZ,IDN,147,106.099949,-5.817368
2024,KAZ,IDN,148,106.868134,-5.916581
2024,KAZ,IDN,149,106.879807,-6.083204
2024,CHL,SWE,0,-71.3,-23.8
2024,CHL,SWE,1,-70.631104,-20.231275
2024,CHL,SWE,2,-71.0,-18.9
2024,CHL,SWE,3,-72.7,-17.3
2024,CHL,SWE,4,-75.168457,-15.919074
2024,CHL,SWE,5,-77.0,-13.7
2024,CHL,SWE,6,-77.7,-12.0
2024,CHL,SWE,7,-80.0,-10.0
2024,CHL,SWE,8,-80.2,-7.3
2024,CHL,SWE,9,-81.9,-5.25
2024,CHL,SWE,10,-81.25,-3.0
2024,CHL,SWE,11,-81.8,-0.9
2024,CHL,SWE,12,-81.176151,1.84843
2024,CHL,SWE,13,-80.9033,3.0505
2024,CHL,SWE,14,-80.412834,5.194964
2024,CHL,SWE,15,-79.672852,7.422389
2024,CHL,SWE,16,-79.5,8.6
2024,CHL,SWE,17,-79.494118,8.796576
2024,CHL,SWE,18,-79.585922,8.992656
2024,CHL,SWE,19,-79.641747,9.035982
2024,CHL,SWE,20,-79.689331,9.10639
2024,CHL,SWE,21,-79.741379,9.118236
2024,CHL,SWE,22,-79.803246,9.118307
2024,CHL,SWE,23,-79.821304,9.173012
2024,CHL,SWE,24,-79.900612,9.208176
2024,CHL,SWE,25,-80.0,9.75
2024,CHL,SWE,26,-74.970687,13.668227
2024,CHL,SWE,27,-74.9584,13.6778
2024,CHL,SWE,28,-73.284043,14.906532
2024,CHL,SWE,29,-72.249859,15.665471
2024,CHL,SWE,30,-72.224911,15.683779
2024,CHL,SWE,31,-71.579995,16.157053
2024,CHL,SWE,32,-71.173962,16.455021
2024,CHL,SWE,33,-69.75,17.5
2024,CHL,SWE,34,-68.615112,17.952606
2024,CHL,SWE,35,-67.95,18.5
2024,CHL,SWE,36,-67.331093,19.128409
2024,CHL,SWE,37,-67.097137,19.365958
2024,CHL,SWE,38,-67.057838,19.40586
2024,CHL,SWE,39,-66.934172,19.531425
2024,CHL,SWE,40,-66.754064,19.714298
2024,CHL,SWE,41,-66.667107,19.80259
2024,CHL,SWE,42,-66.628548,19.841741
2024,CHL,SWE,43,-66.605655,19.864985
2024,CHL,SWE,44,-66.504998,19.967188
2024,CHL,SWE,45,-66.441166,20.032
2024,CHL,SWE,46,-66.320768,20.154246
2024,CHL,SWE,47,-66.572194,22.583364
2024,CHL,SWE,48,-64.647219,24.92641
2024,CHL,SWE,49,-64.634,24.9425
2024,CHL,SWE,50,-62.306029,27.483223
2024,CHL,SWE,51,-61.33976,28.537799
2024,CHL,SWE,52,-60.223798,29.75575
2024,CHL,SWE,53,-60.0,30.0
2024,CHL,SWE,54,-57.765496,32.429312
2024,CHL,SWE,55,-57.742406,32.454415
2024,CHL,SWE,56,-55.861059,34.499781
2024,CHL,SWE,57,-55.856709,34.50451
2024,CHL,SWE,58,-55.3052,35.1041
2024,CHL,SWE,59,-55.000024,35.385732
2024,CHL,SWE,60,-50.0,40.0
2024,CHL,SWE,61,-49.417076,40.652855
2024,CHL,SWE,62,-47.493255,42.807466
2024,CHL,SWE,63,-45.319011,45.21651
2024,CHL,SWE,64,-45.109081,45.405304
2024,CHL,SWE,65,-41.658626,48.508366
2024,CHL,SWE,66,-40.0,50.0
2024,CHL,SWE,67,-33.785385,52.292557
2024,CHL,SWE,68,-32.596784,52.705674
2024,CHL,SWE,69,-30.964823,53.272889
2024,CHL,SWE,70,-30.003101,53.607151
2024,CHL,SWE,71,-26.9129,54.6812
2024,CHL,SWE,72,-25.711132,55.003434
2024,CHL,SWE,73,-25.001623,55.193677
2024,CHL,SWE,74,-20.002982,56.53398
2024,CHL,SWE,75,-18.562576,56.869513
2024,CHL,SWE,76,-17.061319,57.214364
2024,CHL,SWE,77,-15.775448,57.509738
2024,CHL,SWE,78,-11.841927,58.396659
2024,CHL,SWE,79,-10.1362,58.47456
2024,CHL,SWE,80,-6.489458,58.64111
2024,CHL,SWE,81,-5.723212,58.676105
2024,CHL,SWE,82,-5.722863,58.67612
2024,CHL,SWE,83,-5.720463,58.67623
2024,CHL,SWE,84,-5.2,58.7
2024,CHL,SWE,85,-4.799483,58.7
2024,CHL,SWE,86,-3.397818,58.762202
2024,CHL,SWE,87,-2.874305,58.649909
2024,CHL,SWE,88,-1.882382,58.608655
2024,CHL,SWE,89,-1.247855,58.568708
2024,CHL,SWE,90,-0.657457,58.531538
2024,CHL,SWE,91,0.800855,58.439728
2024,CHL,SWE,92,3.831853,58.106573
2024,CHL,SWE,93,4.598436,58.068003
2024,CHL,SWE,94,5.95,58.0
2024,CHL,SWE,95,8.05,57.95
2024,CHL,SWE,96,9.754772,57.878654
2024,CHL,SWE,97,9.916106,57.865686
2024,CHL,SWE,98,9.973674,57.861058
2024,CHL,SWE,99,10.7333,57.8
2024,CHL,SWE,100,11.4,57.7
2024,CHL,SWE,101,11.524055,57.879429
2024,FIN,CHN,0,24.907997,60.112071
2024,FIN,CHN,1,24.7,59.8
2024,FIN,CHN,2,24.011424,59.701632
2024,FIN,CHN,3,22.6,59.5
2024,FIN,CHN,4,20.6,58.2
2024,FIN,CHN,5,18.118532,56.645032
2024,FIN,CHN,6,17.0,56.4
2024,FIN,CHN,7,16.209967,55.954553
2024,FIN,CHN,8,15.80658,55.72711
2024,FIN,CHN,9,14.374661,55.229033
2024,FIN,CHN,10,13.836081,55.240216
2024,FIN,CHN,11,13.229812,55.252805
2024,FIN,CHN,12,12.974851,55.258099
2024,FIN,CHN,13,12.68255,55.305583
2024,FIN,CHN,14,12.700195,55.514637
2024,FIN,CHN,15,12.75,55.9
2024,FIN,CHN,16,12.629725,56.063887
2024,FIN,CHN,17,12.409121,56.337379
2024,FIN,CHN,18,12.409118,56.337382
2024,FIN,CHN,19,11.988567,56.905254
2024,FIN,CHN,20,11.4,57.7
2024,FIN,CHN,21,10.7333,57.8
2024,FIN,CHN,22,9.952745,57.599859
2024,FIN,CHN,23,8.9354,57.406
2024,FIN,CHN,24,7.983627,56.821663
2024,FIN,CHN,25,7.7379,56.6708
2024,FIN,CHN,26,6.837383,55.808317
2024,FIN,CHN,27,6.475957,55.462156
2024,FIN,CHN,28,5.795345,54.764853
2024,FIN,CHN,29,5.343228,54.126148
2024,FIN,CHN,30,4.9,53.5
2024,FIN,CHN,31,3.900173,52.700139
2024,FIN,CHN,32,3.327388,52.241911
2024,FIN,CHN,33,3.044362,52.01549
2024,FIN,CHN,34,2.9,51.9
2024,FIN,CHN,35,2.3601,51.6089
2024,FIN,CHN,36,1.868984,51.235892
2024,FIN,CHN,37,1.648479,51.072443
2024,FIN,CHN,38,1.498302,50.961124
2024,FIN,CHN,39,1.3,50.8
2024,FIN,CHN,40,1.193894,50.765311
2024,FIN,CHN,41,0.39288,50.503441
2024,FIN,CHN,42,-0.343359,50.262748
2024,FIN,CHN,43,-0.545959,50.196513
2024,FIN,CHN,44,-0.671539,50.155459
2024,FIN,CHN,45,-1.3,49.95
2024,FIN,CHN,46,-1.47977,49.895072
2024,FIN,CHN,47,-1.665743,49.838248
2024,FIN,CHN,48,-1.93365,49.75639
2024,FIN,CHN,49,-1.992006,49.738559
2024,FIN,CHN,50,-2.39189,49.616376
2024,FIN,CHN,51,-3.197043,49.370363
2024,FIN,CHN,52,-3.986163,49.129249
2024,FIN,CHN,53,-4.030414,49.115729
2024,FIN,CHN,54,-4.270518,49.042365
2024,FIN,CHN,55,-5.06401,48.799916
2024,FIN,CHN,56,-5.5,48.6667
2024,FIN,CHN,57,-6.698867,47.340067
2024,FIN,CHN,58,-7.954994,45.668797
2024,FIN,CHN,59,-8.49576,44.934776
2024,FIN,CHN,60,-9.019938,43.924891
2024,FIN,CHN,61,-9.14264,43.688493
2024,FIN,CHN,62,-9.5,43.0
2024,FIN,CHN,63,-9.9844,40.7798
2024,FIN,CHN,64,-9.6,38.5
2024,FIN,CHN,65,-9.452092,37.781589
2024,FIN,CHN,66,-9.25,36.8
2024,FIN,CHN,67,-8.219465,36.549727
2024,FIN,CHN,68,-7.26966,36.31906
2024,FIN,CHN,69,-5.75,35.95
2024,FIN,CHN,70,-5.354867,35.968819
2024,FIN,CHN,71,-5.269383,35.97289
2024,FIN,CHN,72,-4.7,36.0
2024,FIN,CHN,73,-3.683043,36.156455
2024,FIN,CHN,74,-3.264225,36.220888
2024,FIN,CHN,75,-2.590675,36.324512
2024,FIN,CHN,76,-2.244793,36.377724
2024,FIN,CHN,77,-1.62439,36.473171
2024,FIN,CHN,78,-0.366667,36.666667
2024,FIN,CHN,79,3.1,37.2
2024,FIN,CHN,80,7.5,37.4
2024,FIN,CHN,81,10.373031,37.482087
2024,FIN,CHN,82,11.0,37.5
2024,FIN,CHN,83,11.172235,37.454891
2024,FIN,CHN,84,11.827836,37.283186
2024,FIN,CHN,85,12.086301,37.215493
2024,FIN,CHN,86,12.110644,37.209117
2024,FIN,CHN,87,13.263819,36.907095
2024,FIN,CHN,88,15.2,36.4
2024,FIN,CHN,89,16.726588,36.086854
2024,FIN,CHN,90,17.902084,35.845726
2024,FIN,CHN,91,21.407365,35.126694
2024,FIN,CHN,92,23.0,34.8
2024,FIN,CHN,93,24.926664,34.187436
2024,FIN,CHN,94,25.478721,34.011915
2024,FIN,CHN,95,26.306431,33.748752
2024,FIN,CHN,96,27.927542,33.219565
2024,FIN,CHN,97,28.212434,33.115811
2024,FIN,CHN,98,28.905525,32.863395
2024,FIN,CHN,99,30.408377,32.316071
2024,FIN,CHN,100,32.1,31.7
2024,FIN,CHN,101,32.359877,31.336373
2024,FIN,CHN,102,32.310104,31.102922
2024,FIN,CHN,103,32.382202,30.318359
2024,FIN,CHN,104,32.557983,30.213982
2024,FIN,CHN,105,32.6,29.7
2024,FIN,CHN,106,33.233643,28.444544
2024,FIN,CHN,107,34.5,27.0
2024,FIN,CHN,108,37.0,23.6
2024,FIN,CHN,109,37.786499,22.210682
2024,FIN,CHN,110,38.572998,20.807472
2024,FIN,CHN,111,41.000977,17.098792
2024,FIN,CHN,112,42.341309,14.509144
2024,FIN,CHN,113,42.541058,13.676089
2024,FIN,CHN,114,43.3,12.7
2024,FIN,CHN,115,43.746586,12.40439
2024,FIN,CHN,116,45.0,12.0
2024,FIN,CHN,117,50.856149,12.884027
2024,FIN,CHN,118,53.61885,13.300009
2024,FIN,CHN,119,55.041504,12.747516
2024,FIN,CHN,120,59.894005,11.083455
2024,FIN,CHN,121,60.825733,10.866984
2024,FIN,CHN,122,62.0601,10.5802
2024,FIN,CHN,123,64.303249,10.031585
2024,FIN,CHN,124,64.698862,9.934828
2024,FIN,CHN,125,64.992809,9.862937
2024,FIN,CHN,126,65.7044,9.6889
2024,FIN,CHN,127,68.858995,8.881605
2024,FIN,CHN,128,69.3291,8.7613
2024,FIN,CHN,129,69.671733,8.6701
2024,FIN,CHN,130,69.999915,8.582747
2024,FIN,CHN,131,70.817426,8.365148
2024,FIN,CHN,132,75.966807,6.966807
2024,FIN,CHN,133,78.019032,6.387793
2024,FIN,CHN,134,80.1,5.8
2024,FIN,CHN,135,81.9,5.9
2024,FIN,CHN,136,85.9479,6.1983
2024,FIN,CHN,137,90.0,6.4664
2024,FIN,CHN,138,94.326449,6.157121
2024,FIN,CHN,139,98.128129,5.811729
2024,FIN,CHN,140,99.763807,4.084523
2024,FIN,CHN,141,100.6,3.2
2024,FIN,CHN,142,101.316415,2.586072
2024,FIN,CHN,143,102.0,2.0
2024,FIN,CHN,144,103.6,1.1
2024,FIN,CHN,145,103.861103,1.171415
2024,FIN,CHN,146,104.145848,1.249295
2024,FIN,CHN,147,104.482294,1.341312
2024,FIN,CHN,148,108.7023,8.3192
2024,FIN,CHN,149,110.027598,10.173186
2024,FIN,CHN,150,110.80697,11.263464
2024,FIN,CHN,151,111.0534,11.6082
2024,FIN,CHN,152,111.478346,12.523981
2024,FIN,CHN,153,112.965,15.7278
2024,FIN,CHN,154,114.338334,17.570129
2024,FIN,CHN,155,115.841059,19.666279
2024,FIN,CHN,156,116.5017,20.601113
2024,FIN,CHN,157,117.437994,21.922538
2024,FIN,CHN,158,118.030487,22.691517
2024,FIN,CHN,159,118.203464,22.930938
2024,FIN,CHN,160,118.724128,23.582665
2024,FIN,CHN,161,118.980046,23.949944
2024,FIN,CHN,162,119.33882,24.448861
2024,FIN,CHN,163,119.523707,24.707707
2024,FIN,CHN,164,119.761963,25.085599
2024,FIN,CHN,165,119.820497,25.236972
2024,FIN,CHN,166,120.0,25.7
2024,FIN,CHN,167,120.232569,26.078521
2024,FIN,CHN,168,120.787503,26.976762
2024,FIN,CHN,169,121.3,27.8
2024,FIN,CHN,170,122.23938,28.579698
2024,FIN,CHN,171,122.557297,29.38397
2024,FIN,CHN,172,122.652515,29.623632
2024,FIN,CHN,173,122.875214,30.181935
2024,FIN,CHN,174,122.878907,30.349364
2024,FIN,CHN,175,122.891141,30.901897
2024,FIN,CHN,176,122.66922,30.932268
2024,FIN,CHN,177,121.944122,31.062345
2024,IND,TUR,0,72.80777,18.941361
2024,IND,TUR,1,72.4,19.0
2024,IND,TUR,2,69.999749,18.43269
2024,IND,TUR,3,67.795105,17.911613
2024,IND,TUR,4,66.257926,17.527476
2024,IND,TUR,5,64.766386,17.128701
2024,IND,TUR,6,62.6071,16.551398
2024,IND,TUR,7,61.54,16.2661
2024,IND,TUR,8,59.44496,15.644932
2024,IND,TUR,9,56.810303,14.567634
2024,IND,TUR,10,53.61885,13.300009
2024,IND,TUR,11,50.856149,12.884027
2024,IND,TUR,12,45.0,12.0
2024,IND,TUR,13,43.746586,12.40439
2024,IND,TUR,14,43.3,12.7
2024,IND,TUR,15,42.541058,13.676089
2024,IND,TUR,16,42.341309,14.509144
2024,IND,TUR,17,41.000977,17.098792
2024,IND,TUR,18,38.572998,20.807472
2024,IND,TUR,19,37.786499,22.210682
2024,IND,TUR,20,37.0,23.6
2024,IND,TUR,21,34.5,27.0
2024,IND,TUR,22,33.233643,28.444544
2024,IND,TUR,23,32.6,29.7
2024,IND,TUR,24,32.557983,30.213982
2024,IND,TUR,25,32.382202,30.318359
2024,IND,TUR,26,32.310104,31.102922
2024,IND,TUR,27,32.359877,31.336373
2024,IND,TUR,28,32.1,31.7
2024,IND,TUR,29,32.543549,32.439248
2024,IND,TUR,30,32.738332,32.763887
2024,IND,TUR,31,33.062511,33.304186
2024,IND,TUR,32,33.166376,33.477293
2024,IND,TUR,33,33.668074,34.313456
2024,IND,TUR,34,33.729569,34.415948
2024,IND,TUR,35,33.784931,34.508219
2024,IND,TUR,36,33.840932,34.601554
2024,IND,TUR,37,34.2,35.2
2024,IND,TUR,38,34.083651,35.254941
2024,IND,TUR,39,34.681919,35.670499
2024,IND,TUR,40,34.678489,35.862166
2024,IND,TUR,41,34.671546,36.250032
2024,IND,TUR,42,34.666346,36.540598
2024,IND,TUR,43,34.662503,36.755307
2024,RUS,CHN,0,30.172577,59.920613
2024,RUS,CHN,1,27.89978,60.17977
2024,RUS,CHN,2,27.125244,59.95226
2024,RUS,CHN,3,26.240845,59.971508
2024,RUS,CHN,4,24.7,59.8
2024,RUS,CHN,5,24.011424,59.701632
2024,RUS,CHN,6,22.6,59.5
2024,RUS,CHN,7,20.6,58.2
2024,RUS,CHN,8,18.118532,56.645032
2024,RUS,CHN,9,17.0,56.4
2024,RUS,CHN,10,16.209967,55.954553
2024,RUS,CHN,11,15.80658,55.72711
2024,RUS,CHN,12,14.374661,55.229033
2024,RUS,CHN,13,13.836081,55.240216
2024,RUS,CHN,14,13.229812,55.252805
2024,RUS,CHN,15,12.974851,55.258099
2024,RUS,CHN,16,12.68255,55.305583
2024,RUS,CHN,17,12.700195,55.514637
2024,RUS,CHN,18,12.75,55.9
2024,RUS,CHN,19,12.629725,56.063887
2024,RUS,CHN,20,12.409121,56.337379
2024,RUS,CHN,21,12.409118,56.337382
2024,RUS,CHN,22,11.988567,56.905254
2024,RUS,CHN,23,11.4,57.7
2024,RUS,CHN,24,10.7333,57.8
2024,RUS,CHN,25,9.952745,57.599859
2024,RUS,CHN,26,8.9354,57.406
2024,RUS,CHN,27,7.983627,56.821663
2024,RUS,CHN,28,7.7379,56.6708
2024,RUS,CHN,29,6.837383,55.808317
2024,RUS,CHN,30,6.475957,55.462156
2024,RUS,CHN,31,5.795345,54.764853
2024,RUS,CHN,32,5.343228,54.126148
2024,RUS,CHN,33,4.9,53.5
2024,RUS,CHN,34,3.900173,52.700139
2024,RUS,CHN,35,3.327388,52.241911
2024,RUS,CHN,36,3.044362,52.01549
2024,RUS,CHN,37,2.9,51.9
2024,RUS,CHN,38,2.3601,51.6089
2024,RUS,CHN,39,1.868984,51.235892
2024,RUS,CHN,40,1.648479,51.072443
2024,RUS,CHN,41,1.498302,50.961124
2024,RUS,CHN,42,1.3,50.8
2024,RUS,CHN,43,1.193894,50.765311
2024,RUS,CHN,44,0.39288,50.503441
2024,RUS,CHN,45,-0.343359,50.262748
2024,RUS,CHN,46,-0.545959,50.196513
2024,RUS,CHN,47,-0.671539,50.155459
2024,RUS,CHN,48,-1.3,49.95
2024,RUS,CHN,49,-1.47977,49.895072
2024,RUS,CHN,50,-1.665743,49.838248
2024,RUS,CHN,51,-1.93365,49.75639
2024,RUS,CHN,52,-1.992006,49.738559
2024,RUS,CHN,53,-2.39189,49.616376
2024,RUS,CHN,54,-3.197043,49.370363
2024,RUS,CHN,55,-3.986163,49.129249
2024,RUS,CHN,56,-4.030414,49.115729
2024,RUS,CHN,57,-4.270518,49.042365
2024,RUS,CHN,58,-5.06401,48.799916
2024,RUS,CHN,59,-5.5,48.6667
2024,RUS,CHN,60,-6.698867,47.340067
2024,RUS,CHN,61,-7.954994,45.668797
2024,RUS,CHN,62,-8.49576,44.934776
2024,RUS,CHN,63,-9.019938,43.924891
2024,RUS,CHN,64,-9.14264,43.688493
2024,RUS,CHN,65,-9.5,43.0
2024,RUS,CHN,66,-9.9844,40.7798
2024,RUS,CHN,67,-9.6,38.5
2024,RUS,CHN,68,-9.452092,37.781589
2024,RUS,CHN,69,-9.25,36.8
2024,RUS,CHN,70,-8.219465,36.549727
2024,RUS,CHN,71,-7.26966,36.31906
2024,RUS,CHN,72,-5.75,35.95
2024,RUS,CHN,73,-5.354867,35.968819
2024,RUS,CHN,74,-5.269383,35.97289
2024,RUS,CHN,75,-4.7,36.0
2024,RUS,CHN,76,-3.683043,36.156455
2024,RUS,CHN,77,-3.264225,36.220888
2024,RUS,CHN,78,-2.590675,36.324512
2024,RUS,CHN,79,-2.244793,36.377724
2024,RUS,CHN,80,-1.62439,36.473171
2024,RUS,CHN,81,-0.366667,36.666667
2024,RUS,CHN,82,3.1,37.2
2024,RUS,CHN,83,7.5,37.4
2024,RUS,CHN,84,10.373031,37.482087
2024,RUS,CHN,85,11.0,37.5
2024,RUS,CHN,86,11.172235,37.454891
2024,RUS,CHN,87,11.827836,37.283186
2024,RUS,CHN,88,12.086301,37.215493
2024,RUS,CHN,89,12.110644,37.209117
2024,RUS,CHN,90,13.263819,36.907095
2024,RUS,CHN,91,15.2,36.4
2024,RUS,CHN,92,16.726588,36.086854
2024,RUS,CHN,93,17.902084,35.845726
2024,RUS,CHN,94,21.407365,35.126694
2024,RUS,CHN,95,23.0,34.8
2024,RUS,CHN,96,24.926664,34.187436
2024,RUS,CHN,97,25.478721,34.011915
2024,RUS,CHN,98,26.306431,33.748752
2024,RUS,CHN,99,27.927542,33.219565
2024,RUS,CHN,100,28.212434,33.115811
2024,RUS,CHN,101,28.905525,32.863395
2024,RUS,CHN,102,30.408377,32.316071
2024,RUS,CHN,103,32.1,31.7
2024,RUS,CHN,104,32.359877,31.336373
2024,RUS,CHN,105,32.310104,31.102922
2024,RUS,CHN,106,32.382202,30.318359
2024,RUS,CHN,107,32.557983,30.213982
2024,RUS,CHN,108,32.6,29.7
2024,RUS,CHN,109,33.233643,28.444544
2024,RUS,CHN,110,34.5,27.0
2024,RUS,CHN,111,37.0,23.6
2024,RUS,CHN,112,37.786499,22.210682
2024,RUS,CHN,113,38.572998,20.807472
2024,RUS,CHN,114,41.000977,17.098792
2024,RUS,CHN,115,42.341309,14.509144
2024,RUS,CHN,116,42.541058,13.676089
2024,RUS,CHN,117,43.3,12.7
2024,RUS,CHN,118,43.746586,12.40439
2024,RUS,CHN,119,45.0,12.0
2024,RUS,CHN,120,50.856149,12.884027
2024,RUS,CHN,121,53.61885,13.300009
2024,RUS,CHN,122,55.041504,12.747516
2024,RUS,CHN,123,59.894005,11.083455
2024,RUS,CHN,124,60.825733,10.866984
2024,RUS,CHN,125,62.0601,10.5802
2024,RUS,CHN,126,64.303249,10.031585
2024,RUS,CHN,127,64.698862,9.934828
2024,RUS,CHN,128,64.992809,9.862937
2024,RUS,CHN,129,65.7044,9.6889
2024,RUS,CHN,130,68.858995,8.881605
2024,RUS,CHN,131,69.3291,8.7613
2024,RUS,CHN,132,69.671733,8.6701
2024,RUS,CHN,133,69.999915,8.582747
2024,RUS,CHN,134,70.817426,8.365148
2024,RUS,CHN,135,75.966807,6.966807
2024,RUS,CHN,136,78.019032,6.387793
2024,RUS,CHN,137,80.1,5.8
2024,RUS,CHN,138,81.9,5.9
2024,RUS,CHN,139,85.9479,6.1983
2024,RUS,CHN,140,90.0,6.4664
2024,RUS,CHN,141,94.326449,6.157121
2024,RUS,CHN,142,98.128129,5.811729
2024,RUS,CHN,143,99.763807,4.084523
2024,RUS,CHN,144,100.6,3.2
2024,RUS,CHN,145,101.316415,2.586072
2024,RUS,CHN,146,102.0,2.0
2024,RUS,CHN,147,103.6,1.1
2024,RUS,CHN,148,103.861103,1.171415
2024,RUS,CHN,149,104.145848,1.249295
2024,RUS,CHN,150,104.482294,1.341312
2024,RUS,CHN,151,108.7023,8.3192
2024,RUS,CHN,152,110.027598,10.173186
2024,RUS,CHN,153,110.80697,11.263464
2024,RUS,CHN,154,111.0534,11.6082
2024,RUS,CHN,155,111.478346,12.523981
2024,RUS,CHN,156,112.965,15.7278
2024,RUS,CHN,157,114.338334,17.570129
2024,RUS,CHN,158,115.841059,19.666279
2024,RUS,CHN,159,116.5017,20.601113
2024,RUS,CHN,160,117.437994,21.922538
2024,RUS,CHN,161,118.030487,22.691517
2024,RUS,CHN,162,118.203464,22.930938
2024,RUS,CHN,163,118.724128,23.582665
2024,RUS,CHN,164,118.980046,23.949944
2024,RUS,CHN,165,119.33882,24.448861
2024,RUS,CHN,166,119.523707,24.707707
2024,RUS,CHN,167,119.761963,25.085599
2024,RUS,CHN,168,119.820497,25.236972
2024,RUS,CHN,169,120.0,25.7
2024,RUS,CHN,170,120.232569,26.078521
2024,RUS,CHN,171,120.787503,26.976762
2024,RUS,CHN,172,121.3,27.8
2024,RUS,CHN,173,122.23938,28.579698
2024,RUS,CHN,174,122.557297,29.38397
2024,RUS,CHN,175,122.652515,29.623632
2024,RUS,CHN,176,122.875214,30.181935
2024,RUS,CHN,177,122.878907,30.349364
2024,RUS,CHN,178,122.891141,30.901897
2024,RUS,CHN,179,122.66922,30.932268
2024,RUS,CHN,180,121.944122,31.062345
2024,ARE,TUR,0,54.312286,24.519638
2024,ARE,TUR,1,53.953193,24.798804
2024,ARE,TUR,2,54.990692,25.321684
2024,ARE,TUR,3,55.2,25.6
2024,ARE,TUR,4,55.467372,25.778718
2024,ARE,TUR,5,55.837469,26.025658
2024,ARE,TUR,6,56.343384,26.441066
2024,ARE,TUR,7,56.547226,26.511054
2024,ARE,TUR,8,56.763061,26.422112
2024,ARE,TUR,9,56.931531,25.961959
2024,ARE,TUR,10,57.1,25.5
2024,ARE,TUR,11,59.0,24.0
2024,ARE,TUR,12,60.4,22.7
2024,ARE,TUR,13,59.0,20.0
2024,ARE,TUR,14,58.191833,18.742507
2024,ARE,TUR,15,56.876033,17.38386
2024,ARE,TUR,16,54.2,16.2
2024,ARE,TUR,17,49.5581,14.1436
2024,ARE,TUR,18,45.0,12.0
2024,ARE,TUR,19,43.746586,12.40439
2024,ARE,TUR,20,43.3,12.7
2024,ARE,TUR,21,42.541058,13.676089
2024,ARE,TUR,22,42.341309,14.509144
2024,ARE,TUR,23,41.000977,17.098792
2024,ARE,TUR,24,38.572998,20.807472
2024,ARE,TUR,25,37.786499,22.210682
2024,ARE,TUR,26,37.0,23.6
2024,ARE,TUR,27,34.5,27.0
2024,ARE,TUR,28,33.233643,28.444544
2024,ARE,TUR,29,32.6,29.7
2024,ARE,TUR,30,32.557983,30.213982
2024,ARE,TUR,31,32.382202,30.318359
2024,ARE,TUR,32,32.310104,31.102922
2024,ARE,TUR,33,32.359877,31.336373
2024,ARE,TUR,34,32.1,31.7
2024,ARE,TUR,35,32.543549,32.439248
2024,ARE,TUR,36,32.738332,32.763887
2024,ARE,TUR,37,33.062511,33.304186
2024,ARE,TUR,38,33.166376,33.477293
2024,ARE,TUR,39,33.668074,34.313456
2024,ARE,TUR,40,33.729569,34.415948
2024,ARE,TUR,41,33.784931,34.508219
2024,ARE,TUR,42,33.840932,34.601554
2024,ARE,TUR,43,34.2,35.2
2024,ARE,TUR,44,34.083651,35.254941
2024,ARE,TUR,45,34.681919,35.670499
2024,ARE,TUR,46,34.678489,35.862166
2024,ARE,TUR,47,34.671546,36.250032
2024,ARE,TUR,48,34.666346,36.540598
2024,ARE,TUR,49,34.662503,36.755307
2024,ZWE,CHN,0,34.788208,-19.87006
2024,ZWE,CHN,1,35.408936,-20.004322
2024,ZWE,CHN,2,38.8889,-17.5205
2024,ZWE,CHN,3,41.7,-15.0
2024,ZWE,CHN,4,43.0,-12.0
2024,ZWE,CHN,5,43.780518,-12.044693
2024,ZWE,CHN,6,50.0,-10.0
2024,ZWE,CHN,7,54.286051,-10.031461
2024,ZWE,CHN,8,60.0,-10.0
2024,ZWE,CHN,9,64.451991,-10.032679
2024,ZWE,CHN,10,64.9998,-10.0367
2024,ZWE,CHN,11,65.054317,-10.0363
2024,ZWE,CHN,12,67.59807,-10.017629
2024,ZWE,CHN,13,70.0,-10.0
2024,ZWE,CHN,14,73.630427,-10.016558
2024,ZWE,CHN,15,74.86096,-9.062149
2024,ZWE,CHN,16,75.615874,-8.45337
2024,ZWE,CHN,17,80.0,-4.954142
2024,ZWE,CHN,18,82.695228,-2.733196
2024,ZWE,CHN,19,86.112347,-1e-05
2024,ZWE,CHN,20,88.040723,1.4295
2024,ZWE,CHN,21,94.326449,6.157121
2024,ZWE,CHN,22,98.128129,5.811729
2024,ZWE,CHN,23,99.763807,4.084523
2024,ZWE,CHN,24,100.6,3.2
2024,ZWE,CHN,25,101.316415,2.586072
2024,ZWE,CHN,26,102.0,2.0
2024,ZWE,CHN,27,103.6,1.1
2024,ZWE,CHN,28,103.861103,1.171415
2024,ZWE,CHN,29,104.145848,1.249295
2024,ZWE,CHN,30,104.482294,1.341312
2024,ZWE,CHN,31,108.7023,8.3192
2024,ZWE,CHN,32,110.027598,10.173186
2024,ZWE,CHN,33,110.80697,11.263464
2024,ZWE,CHN,34,111.0534,11.6082
2024,ZWE,CHN,35,111.478346,12.523981
2024,ZWE,CHN,36,112.965,15.7278
2024,ZWE,CHN,37,114.338334,17.570129
2024,ZWE,CHN,38,115.841059,19.666279
2024,ZWE,CHN,39,116.5017,20.601113
2024,ZWE,CHN,40,117.437994,21.922538
2024,ZWE,CHN,41,118.030487,22.691517
2024,ZWE,CHN,42,118.203464,22.930938
2024,ZWE,CHN,43,118.724128,23.582665
2024,ZWE,CHN,44,118.980046,23.949944
2024,ZWE,CHN,45,119.33882,24.448861
2024,ZWE,CHN,46,119.523707,24.707707
2024,ZWE,CHN,47,119.761963,25.085599
2024,ZWE,CHN,48,119.820497,25.236972
2024,ZWE,CHN,49,120.0,25.7
2024,ZWE,CHN,50,120.232569,26.078521
2024,ZWE,CHN,51,120.787503,26.976762
2024,ZWE,CHN,52,121.3,27.8
2024,ZWE,CHN,53,122.23938,28.579698
2024,ZWE,CHN,54,122.557297,29.38397
2024,ZWE,CHN,55,122.652515,29.623632
2024,ZWE,CHN,56,122.875214,30.181935
2024,ZWE,CHN,57,122.878907,30.349364
2024,ZWE,CHN,58,122.891141,30.901897
2024,ZWE,CHN,59,122.66922,30.932268
2024,ZWE,CHN,60,121.944122,31.062345
